TOS_REF[h],X_CH4_REF [%],X_CO2_REF [%],,TOS_1Mn [h],X_CH4_1Mn [%],X_CO2_1Mn [%],,TOS_0.5Mn [h],X_CH4_0.5Mn [%],X_CO2_0.5Mn [%],,TOS_0.25Mn [h],X_CH4_0.25Mn [%],X_CO2_0.25 Mn [%],,TOS_1Cr [h],X_CH4_1Cr [%],X_CO2_1Cr [%],,TOS-0.5Cr [h],X_CH4_0.5Cr [%],X_CO2_0.5Cr [%],,TOS_0.25Cr [h],X_CH4_0.25Cr [%],X_CO2_0.25Cr [%],,TOS_1Fe [h],X_CH4_1Fe [%],X_CO2_1Fe [%],,TOS_0.5Fe [h],X_CH4_0.5Fe [%],X_CO2_0.5Fe [%],,TOS_0.25Fe [h],X_CH4_0.25Fe [%],X_CO2_0.25Fe [%]
0.08333,41.2781,53.47585,,0.08333,39.67366,51.45503,,0.08333,42.62408,53.85703,,0.08333,41.51697,52.58164,,0.08333,43.33453,55.21896,,0.08333,44.65744,56.74793,,0.08333,44.28792,55.11729,,0.08333,21.36501,33.75787,,0.08333,39.47915,52.1622,,0.08333,42.4674,55.25735
0.22472,40.29918,52.13512,,0.225,39.56062,51.36418,,0.22472,42.44022,53.78789,,0.22528,41.01879,52.03539,,0.225,42.33294,54.82522,,0.225,43.697,56.4095,,0.225,43.38129,55.02463,,0.225,24.17078,36.92795,,0.22472,40.21833,53.09274,,0.22472,43.02061,55.63004
0.36667,39.20438,51.03392,,0.36667,39.45518,51.37313,,0.36667,42.19948,53.55483,,0.36639,40.73071,51.33808,,0.36639,42.6189,54.30079,,0.36667,43.76282,55.81099,,0.36639,43.20016,54.64984,,0.36694,25.13574,38.35749,,0.36639,40.77936,53.47485,,0.36639,43.21194,55.41589
0.50806,38.43995,50.06003,,0.50806,39.08792,50.89846,,0.50833,41.82909,53.29275,,0.50806,39.91207,51.27628,,0.50806,42.00216,53.66405,,0.50833,42.95292,55.04298,,0.50806,42.92145,54.19542,,0.50833,25.87952,39.00407,,0.50806,40.94427,53.59586,,0.50806,43.11581,55.48004
0.64972,36.70902,48.50942,,0.64972,38.78365,50.59062,,0.64972,41.23681,52.59984,,0.64972,39.78567,50.78409,,0.64972,41.73966,53.28906,,0.65,42.4822,54.55941,,0.64972,42.17462,53.34442,,0.65028,26.718,39.9774,,0.65,41.08949,53.45794,,0.64944,43.11176,55.31953
0.79139,35.9456,47.75898,,0.79139,38.78786,50.49918,,0.79139,40.96594,52.3895,,0.79111,39.29105,50.43236,,0.79139,41.64152,53.11387,,0.79167,42.18912,54.40195,,0.79167,41.87612,53.04686,,0.79167,27.50929,40.86537,,0.79139,41.04322,53.70868,,0.79111,43.03026,55.39153
0.93333,35.42601,47.07281,,0.93306,38.64638,50.45871,,0.93278,40.83832,52.12566,,0.93278,38.77377,50.15926,,0.93306,41.24141,52.9905,,0.93333,41.60104,53.96466,,0.93306,41.51225,52.73524,,0.93306,28.5194,41.8599,,0.93306,41.06563,53.66844,,0.93306,43.06768,55.18904
1.07472,34.67051,46.21313,,1.07444,38.61967,50.22741,,1.07444,40.68885,52.09642,,1.07444,38.74492,49.76037,,1.07472,41.17394,52.82393,,1.07444,41.61552,53.57257,,1.07472,41.04351,52.30526,,1.075,28.69734,42.15824,,1.07472,41.22732,53.77618,,1.07472,42.82641,55.20097
1.21639,34.02727,45.65794,,1.21611,38.14508,50.01036,,1.21583,40.55206,51.95895,,1.21639,38.48682,49.59671,,1.21639,40.90023,52.60848,,1.21611,40.58572,53.39423,,1.21639,40.90419,52.0902,,1.21639,28.73382,42.02593,,1.21611,41.25943,53.68777,,1.21611,42.5288,54.99436
1.35806,33.55408,45.03147,,1.35806,38.03473,49.78917,,1.3575,40.22761,51.57655,,1.35806,37.78998,48.6717,,1.35806,40.74215,52.53662,,1.35778,40.95297,53.11363,,1.35806,40.74423,51.94752,,1.35833,28.9227,42.24855,,1.35778,41.08165,53.74703,,1.35778,42.47506,54.79512
1.49917,33.1598,44.71624,,1.49944,37.85035,49.64249,,1.49917,40.06678,51.33049,,1.49972,37.39283,48.4971,,1.49944,40.54558,52.36251,,1.49944,40.7029,52.90313,,1.49972,40.50932,51.5169,,1.49972,29.13055,42.33387,,1.49972,41.08937,53.82378,,1.49972,42.55651,54.7224
1.64083,32.70033,44.31259,,1.64139,37.9884,49.59753,,1.64083,39.93661,51.04973,,1.64139,37.53451,48.34159,,1.64111,40.44061,52.19426,,1.64083,40.07306,52.84334,,1.64139,39.99434,51.14206,,1.64083,29.27665,42.26669,,1.64139,41.13849,53.55663,,1.64139,42.42681,54.80337
1.7825,32.18984,43.46108,,1.7825,37.80058,49.41706,,1.78222,39.71936,51.15994,,1.78278,37.03612,47.96515,,1.7825,40.22965,51.9629,,1.7825,40.53012,52.42135,,1.78278,39.77173,50.9683,,1.7825,29.45528,42.52065,,1.78278,41.15338,53.86085,,1.78278,42.35116,54.59494
1.92417,31.77549,43.18119,,1.92417,37.593,49.44093,,1.92389,39.68784,51.219,,1.92417,36.86794,47.97109,,1.92417,40.03573,51.93123,,1.92444,40.20118,52.28229,,1.92444,39.6415,50.84018,,1.92444,29.47007,42.566,,1.92444,41.10911,53.66331,,1.92417,42.28197,54.70007
2.06556,31.48783,42.95065,,2.06611,37.36064,49.37271,,2.06583,39.5822,51.06649,,2.06583,36.6833,47.79591,,2.06583,39.71777,51.44684,,2.06583,40.09587,52.16209,,2.06611,39.45425,50.76646,,2.06611,29.19623,43.27814,,2.06611,41.07963,53.57032,,2.06583,42.24106,54.4031
2.2075,31.18436,42.6059,,2.20778,37.2131,49.09945,,2.20722,39.46088,51.1164,,2.2075,36.72808,47.54161,,2.20778,39.13861,51.29783,,2.2075,39.58312,52.11557,,2.2075,39.23953,50.53329,,2.2075,29.56211,43.04509,,2.20778,41.15257,53.73782,,2.20722,42.09503,54.51228
2.34889,30.88304,42.24955,,2.34917,37.29878,49.14393,,2.34889,39.40966,51.03164,,2.34917,36.30864,47.38455,,2.34917,39.53283,51.18999,,2.34889,38.70502,50.9121,,2.34917,38.58666,50.17866,,2.34917,29.73569,43.21541,,2.34917,40.98267,53.55074,,2.34889,42.01285,54.41627
2.49056,30.67237,42.1134,,2.49083,37.25566,49.01731,,2.49028,39.13126,50.79513,,2.49083,35.90334,47.31528,,2.49083,39.26107,51.08329,,2.49056,38.52542,50.89721,,2.49056,38.93048,50.18103,,2.49083,29.81448,43.06304,,2.49083,40.90522,53.63702,,2.49056,41.98371,54.354
2.63222,30.33408,41.80922,,2.6325,37.20084,49.05187,,2.63222,39.12833,50.74543,,2.63222,35.9662,47.06828,,2.6325,39.07758,50.99175,,2.63222,38.33131,50.59659,,2.63222,38.73812,49.99461,,2.6325,29.96642,42.96332,,2.6325,41.07896,53.5739,,2.63222,41.74749,54.33858
2.77389,30.28922,41.44242,,2.77389,37.16738,48.81692,,2.77361,38.9928,50.6192,,2.77389,35.75816,47.08076,,2.77444,39.03047,50.9427,,2.77389,38.50281,50.47004,,2.77389,38.61691,49.82352,,2.77417,29.95801,43.10497,,2.77389,41.00878,53.58687,,2.91556,41.48709,53.89819
2.91528,30.08562,41.26872,,2.91556,36.66212,48.4921,,2.91528,38.86807,50.41266,,2.91556,35.48795,46.58251,,2.91583,38.73505,50.74224,,2.91556,38.20081,50.37567,,2.91556,38.0263,49.4532,,2.91583,29.9462,43.28346,,2.91583,40.99598,53.58536,,3.0575,41.5244,53.81224
3.05722,29.80155,41.06907,,3.05722,36.40526,48.17098,,3.05694,38.87038,50.42421,,3.0575,35.38917,46.80691,,3.0575,38.66753,50.63952,,3.05694,38.08202,50.23656,,3.05722,37.80602,48.92239,,3.0575,29.96,43.4146,,3.05722,41.0175,53.60852,,3.19889,41.41583,53.82652
3.19861,29.58981,41.03362,,3.19889,36.20197,48.05519,,3.19861,38.67724,50.33384,,3.19889,35.32681,46.44106,,3.19917,38.62449,50.52819,,3.19861,37.85756,50.31059,,3.19861,37.60743,48.77624,,3.19917,29.97681,43.29748,,3.19889,40.88047,53.64344,,3.34028,41.31898,53.84846
3.34,29.50073,40.71992,,3.34028,36.31441,47.96584,,3.34028,38.54073,50.24413,,3.34028,35.16367,46.24179,,3.34028,38.45887,50.57811,,3.34028,37.73547,49.87105,,3.34056,37.55576,48.72832,,3.34056,29.962,43.33625,,3.34083,40.96333,53.562,,3.48194,41.30395,53.59747
3.48194,29.29561,40.62101,,3.48194,36.26703,47.96962,,3.48194,38.48837,50.25819,,3.48194,35.07408,46.28866,,3.48194,38.33847,50.14326,,3.48222,37.44595,49.9565,,3.48194,37.47554,48.41536,,3.48222,30.17741,43.25372,,3.48194,40.90755,53.49027,,3.62333,41.20133,53.60542
3.62361,29.13151,40.39707,,3.62361,36.2017,48.05365,,3.62361,38.53112,50.22189,,3.62333,35.02278,46.00499,,3.62361,38.12657,50.1443,,3.62361,37.53147,49.64646,,3.62361,37.22997,48.36975,,3.62361,30.07756,43.53808,,3.62361,40.98213,53.47539,,3.765,41.21262,53.65062
3.765,28.45197,39.71956,,3.76556,35.90572,47.80792,,3.765,38.36823,50.24425,,3.765,34.24562,45.89506,,3.76556,38.19399,49.92224,,3.76528,37.35963,49.58088,,3.76556,37.10041,48.31005,,3.76528,30.31148,43.37612,,3.76528,40.56746,53.33177,,3.90667,40.87184,53.16024
3.90694,28.26236,39.39253,,3.90694,36.04365,47.70537,,3.90667,38.27031,50.12832,,3.90667,34.5945,45.74325,,3.90694,37.78381,49.99432,,3.90694,37.13934,49.50204,,3.90722,36.99015,48.09516,,3.90722,30.24279,43.4332,,3.90694,40.58719,53.25814,,4.04861,40.71379,53.27737
4.04833,28.2348,39.29252,,4.04833,35.96261,47.70101,,4.04833,38.19515,49.84362,,4.04833,34.56224,45.48362,,4.04833,37.74708,49.91255,,4.04861,36.94084,49.30247,,4.04889,36.80084,47.95559,,4.04889,30.35572,43.4646,,4.04861,40.55862,53.34299,,4.19028,40.74818,53.26261
4.19028,27.97863,39.32457,,4.19,35.9052,47.68718,,4.19,37.96508,49.76344,,4.19,34.59234,45.50765,,4.19,37.42577,49.07733,,4.19028,37.04,49.11077,,4.19028,36.82145,47.87848,,4.19,30.22694,43.41592,,4.19,40.48049,53.16222,,4.33167,40.75628,53.06724
4.33167,27.50787,38.51084,,4.33194,35.94293,47.54312,,4.33167,37.79671,49.51866,,4.33167,34.7321,45.47146,,4.33167,37.3,49.09475,,4.33139,36.80882,48.95567,,4.33167,36.59871,47.80336,,4.33167,30.37617,43.60133,,4.33167,40.47341,53.2634,,4.47333,40.65767,53.00919
4.47333,27.40219,38.54824,,4.47333,35.7356,47.5904,,4.47333,37.79285,49.51446,,4.47333,34.24643,45.25927,,4.47306,36.91674,48.78013,,4.47306,36.69551,48.93341,,4.47333,36.44988,47.72804,,4.47333,30.3761,43.63404,,4.47333,40.47408,53.23711,,4.61472,40.69305,53.01469
4.615,27.29096,38.31274,,4.61528,35.58841,47.44889,,4.615,37.59169,49.29376,,4.61528,34.32908,45.26032,,4.615,36.77782,48.55011,,4.61472,36.55509,48.69054,,4.61472,36.28721,47.48403,,4.615,30.41177,43.51639,,4.615,40.56537,53.15015,,4.75667,40.59361,52.97318
4.75667,27.23711,38.36603,,4.75694,35.62685,47.30524,,4.75611,37.45222,49.29599,,4.75639,33.9597,45.11689,,4.75667,36.621,48.53922,,4.75639,36.4653,48.68998,,4.75639,36.23514,47.28614,,4.75667,30.36914,43.5233,,4.75667,40.56002,53.28502,,4.89833,40.46686,52.94765
4.89833,27.03305,38.16084,,4.89861,35.5995,47.34223,,4.89778,37.57244,49.35474,,4.89806,33.98371,45.16061,,4.89833,36.51416,48.46608,,4.89806,36.16446,48.55245,,4.89806,36.14716,47.40191,,4.89833,30.44643,43.67372,,4.89806,40.18408,52.82191,,5.03972,40.52465,52.77235
5.03972,26.95125,38.03383,,5.04,35.56327,47.25582,,5.03972,37.44608,49.19911,,5.03944,33.87743,44.88852,,5.03972,36.45282,48.26019,,5.04,36.26451,48.36414,,5.03944,35.99121,46.95979,,5.04,30.56573,43.36851,,5.03944,40.18466,52.71405,,5.18167,40.35067,52.95037
5.18111,26.83968,37.70635,,5.18139,35.54005,47.19633,,5.18111,37.32929,49.22675,,5.18111,33.72591,44.66573,,5.18139,36.36659,48.23677,,5.18167,36.07776,48.41517,,5.18139,35.69356,47.0385,,5.18167,30.65957,43.63653,,5.18139,40.22353,52.79118,,5.32278,40.33071,52.80871
5.32278,26.71715,37.8265,,5.32333,35.26944,47.2366,,5.3225,37.31867,49.12395,,5.32278,33.61693,44.57393,,5.32306,36.20773,48.05921,,5.32333,36.08588,48.15303,,5.32306,35.7409,46.81463,,5.32333,30.4708,43.67156,,5.32306,39.90427,52.90837,,5.46444,40.29548,52.80104
5.46444,26.8224,37.5836,,5.465,35.30015,46.88828,,5.46417,37.22009,49.03057,,5.46472,33.33279,44.6347,,5.46472,36.11439,47.82382,,5.46472,35.8264,48.21239,,5.46472,35.6578,46.75287,,5.465,30.45044,43.65065,,5.46472,40.08228,52.82326,,5.60583,40.19724,52.50398
5.60583,26.60874,37.57126,,5.60639,35.26144,47.05145,,5.60583,37.18808,49.03176,,5.60611,33.31177,44.42921,,5.60639,36.01204,47.84185,,5.60639,35.77491,48.00621,,5.60639,35.45598,46.62495,,5.60639,30.16176,43.54618,,5.60639,40.07311,52.74447,,5.7475,40.07094,52.73682
5.7475,26.54722,37.30219,,5.74806,35.14712,46.98124,,5.7475,37.18983,49.00231,,5.74778,33.48129,44.32866,,5.74806,36.04483,47.76385,,5.74806,35.70574,47.77128,,5.74778,35.37218,46.53676,,5.74806,30.20368,43.15984,,5.74806,39.99704,52.81936,,5.88944,40.26617,52.49887
5.88944,26.47968,37.32047,,5.88972,35.1585,46.98103,,5.88889,37.07506,48.88105,,5.88972,33.17218,44.34661,,5.88944,35.89733,47.81587,,5.88972,35.78772,47.83157,,5.88972,35.36394,46.41403,,5.88944,30.25019,43.48467,,5.88944,40.04345,52.91958,,6.03111,40.03084,52.53371
6.03056,26.37687,37.26179,,6.03139,35.18385,46.75802,,6.03083,37.01984,48.85736,,6.03139,33.08019,44.19141,,6.03111,35.84609,47.58012,,6.03139,35.48593,47.7347,,6.03139,35.31999,46.32732,,6.03111,30.14054,43.48979,,6.03083,39.95352,52.81011,,6.1725,39.99512,52.37893
6.1725,26.26652,37.19946,,6.1725,35.10601,46.80957,,6.1725,36.92166,48.67732,,6.17278,33.29135,43.9096,,6.17278,35.78616,47.45824,,6.1725,35.39612,47.62375,,6.1725,35.12531,46.24495,,6.1725,30.43757,43.33465,,6.17278,40.02624,52.60673,,6.31417,39.96545,52.36392
6.31417,26.06317,37.1079,,6.31417,35.06954,46.71121,,6.31417,36.91439,48.80526,,6.31444,32.66193,43.92223,,6.31417,35.25315,47.54028,,6.31417,35.64224,47.53538,,6.31417,34.71665,46.23176,,6.31417,30.22633,43.4118,,6.31417,39.99713,52.65475,,6.45611,39.94756,52.27279
6.45583,26.07044,36.92706,,6.45583,35.01532,46.64615,,6.45583,36.801,48.6323,,6.45556,32.58053,44.08847,,6.45583,35.52457,47.26921,,6.45583,35.35144,47.2758,,6.45611,34.9125,45.9915,,6.45583,30.31287,43.39749,,6.45556,40.01765,52.77744,,6.59778,39.8105,52.25513
6.5975,26.00871,36.92656,,6.5975,35.05946,46.63433,,6.59722,36.84377,48.49419,,6.59722,32.84004,44.10237,,6.5975,35.51327,47.31938,,6.59722,35.11528,47.32625,,6.5975,34.78506,45.8592,,6.59722,30.36522,43.56538,,6.5975,39.98405,52.69189,,6.73917,39.78007,52.25007
6.73917,25.96487,36.81897,,6.73917,34.86939,46.68946,,6.73917,36.72892,48.52106,,6.73917,32.61061,43.773,,6.73889,35.39339,47.20148,,6.73889,35.01578,47.19797,,6.73889,34.72073,45.70474,,6.73889,30.33934,43.4394,,6.73917,39.91918,52.43733,,6.88083,39.75875,52.11783
6.88056,25.85895,36.82966,,6.88056,34.84863,46.61744,,6.88056,36.59373,48.56477,,6.88056,32.61706,43.54628,,6.88056,35.37945,47.16815,,6.88056,34.98937,47.24241,,6.88083,34.57046,45.67111,,6.88083,30.3968,43.32691,,6.88056,39.89117,52.58906,,7.02222,39.75344,52.07795
7.02222,25.83517,36.64239,,7.02222,34.78267,46.51008,,7.02194,36.61338,48.39138,,7.02222,32.60776,43.50039,,7.02222,35.21983,46.98127,,7.02222,34.81869,46.88693,,7.02222,34.54282,45.63081,,7.0225,30.312,43.42632,,7.02222,39.92581,52.61902,,7.16361,39.6536,52.15567
7.16389,25.68393,36.51934,,7.16389,34.70851,46.40585,,7.16361,36.63584,48.43213,,7.16417,32.438,43.46318,,7.16389,35.11193,47.07039,,7.16389,34.61304,46.82747,,7.16389,34.42851,45.43955,,7.16389,30.26818,43.61641,,7.16417,39.8756,52.57191,,7.30528,39.57159,52.0543
7.30528,25.66128,36.55544,,7.30556,34.64703,46.33229,,7.30528,36.43199,48.24339,,7.30583,32.19117,43.34773,,7.30556,35.07005,46.88405,,7.30528,34.69098,46.98087,,7.30556,34.3493,45.41789,,7.30556,30.34737,43.41081,,7.30528,39.82919,52.50467,,7.44694,39.63888,51.95473
7.44667,25.61926,36.48748,,7.44694,34.51787,46.41676,,7.44694,36.49026,48.31023,,7.44722,32.20459,43.423,,7.44694,34.98174,46.75124,,7.44694,34.67132,46.70563,,7.44694,34.10745,45.32917,,7.44694,30.31608,43.47812,,7.44694,39.84606,52.57752,,7.58833,39.51447,52.05982
7.58833,25.55184,36.35684,,7.58889,34.57177,46.36528,,7.58833,36.44899,48.19887,,7.58889,32.38497,43.26976,,7.58861,34.88887,46.7445,,7.58861,34.57974,46.58927,,7.58861,34.31898,45.3266,,7.58861,30.33971,43.34731,,7.58889,39.87646,52.49198,,7.73,39.53593,51.94947
7.73,25.47807,36.35961,,7.73028,34.54451,46.20251,,7.73,36.2888,48.20014,,7.73028,32.05735,43.14127,,7.73056,34.82122,46.63843,,7.73028,34.47114,46.6101,,7.73056,34.01531,45.22532,,7.73028,30.3537,43.44864,,7.73028,39.8281,52.44403,,7.87194,39.45119,51.7504
7.87194,25.53969,36.37771,,7.87194,34.63496,46.28558,,7.87167,36.32714,47.98025,,7.87167,32.0863,43.10957,,7.87222,34.81187,46.51887,,7.87194,34.67873,46.39191,,7.87194,34.04548,45.07946,,7.87194,30.35325,43.62072,,7.87194,39.85491,52.53587,,8.01361,39.4454,51.79766
8.01333,25.3302,36.26572,,8.01361,34.39149,46.16027,,8.01306,36.27728,47.98636,,8.01333,31.59934,43.07004,,8.01361,34.73843,46.45922,,8.01361,34.45484,46.40178,,8.01361,33.91281,44.9051,,8.01333,30.42601,43.42871,,8.01389,39.86582,52.40264,,8.15528,39.30294,51.84468
8.155,25.46984,36.18889,,8.15556,34.44169,46.18587,,8.15472,36.21825,47.96739,,8.155,31.94155,42.87035,,8.15556,34.81321,46.38212,,8.15528,34.88426,46.20849,,8.15528,34.05911,44.72549,,8.155,30.44414,43.52447,,8.15556,39.82329,52.49979,,8.29694,39.40024,51.76436
8.29639,25.27831,36.08091,,8.29694,34.35799,46.16653,,8.29639,36.13408,47.82245,,8.29667,31.75174,42.98294,,8.29667,34.72161,46.19078,,8.29694,34.38611,46.16485,,8.29694,33.59765,44.73697,,8.29694,30.64023,43.45327,,8.29722,39.75751,52.3712,,8.43833,39.29741,51.66766
8.43833,25.2762,36.0886,,8.43833,34.37196,46.11889,,8.43833,36.14968,47.84569,,8.43833,31.69058,42.83338,,8.43833,34.63487,46.20172,,8.43833,34.3817,46.21173,,8.43861,33.60061,44.72833,,8.43833,30.51524,43.83732,,8.43833,39.78137,52.35633,,8.57972,39.19744,51.625
8.58,25.18013,36.00342,,8.58,34.41258,45.89224,,8.57972,36.08013,47.85901,,8.58,31.63061,42.86692,,8.58,34.6298,46.09232,,8.58028,34.21012,46.04903,,8.58,33.57009,44.58158,,8.58,30.58235,43.65045,,8.58,39.82533,52.41469,,8.72139,39.18117,51.63508
8.72139,25.19323,36.05837,,8.72167,34.30407,46.0072,,8.72139,36.01339,47.75391,,8.72167,31.57613,42.79169,,8.72167,34.5556,46.2264,,8.72167,34.04111,46.15043,,8.72167,33.60275,44.58906,,8.72167,30.60164,43.45653,,8.72194,39.80823,52.45378,,8.86306,39.12677,51.51061
8.86306,25.23218,36.02496,,8.86333,34.26974,45.91662,,8.86278,35.96893,47.69109,,8.86333,31.53767,42.67493,,8.86361,34.4956,46.07088,,8.86361,34.01079,46.03806,,8.86361,33.39232,44.50419,,8.86333,30.71719,43.48436,,8.86333,39.69972,52.35342,,9.00472,38.98959,51.41542
9.00444,25.10972,35.88499,,9.005,34.19729,45.89666,,9.00444,35.8774,47.72999,,9.005,31.33854,42.52388,,9.005,34.54383,45.97339,,9.005,34.12325,45.70253,,9.00472,33.15745,44.45195,,9.00472,30.69025,43.67228,,9.00472,39.72419,52.43138,,9.14611,39.0852,51.55512
9.14611,25.09299,35.72597,,9.14667,34.12936,45.81994,,9.14611,35.97291,47.51635,,9.14639,31.42289,42.56712,,9.14667,34.42483,46.04902,,9.14639,34.05189,45.66654,,9.14639,33.33516,44.32178,,9.14639,30.70182,43.44353,,9.14639,39.76979,52.35963,,9.28778,38.98991,51.29098
9.28806,24.93482,35.63615,,9.28833,34.08061,45.65824,,9.28778,35.83294,47.44638,,9.28806,31.24901,42.40655,,9.28833,34.18828,45.93474,,9.28806,34.08975,45.63927,,9.28806,33.21997,44.25564,,9.28806,30.61264,43.59354,,9.28833,39.75646,52.2731,,9.42944,38.86895,51.4153
9.42972,24.86708,35.56333,,9.42972,34.08307,45.68553,,9.42944,35.80597,47.52772,,9.42972,31.29004,42.24589,,9.43,34.23826,45.81116,,9.42972,33.79177,45.71505,,9.42972,33.20705,44.25676,,9.42972,30.65308,43.58235,,9.42972,39.68516,52.26909,,9.57111,38.8449,51.32654
9.57111,24.9132,35.54919,,9.57139,34.00943,45.61439,,9.57111,35.73858,47.36935,,9.57139,31.28826,42.32412,,9.57111,34.08884,45.54866,,9.57111,33.56963,45.66169,,9.57139,33.00144,44.08482,,9.57139,30.4419,43.48652,,9.57167,39.61904,52.28663,,9.71278,38.95942,51.38635
9.71278,24.68743,35.55306,,9.71306,34.02518,45.68478,,9.71306,35.69089,47.36291,,9.71306,31.13129,42.11192,,9.71278,34.0088,45.58938,,9.71278,33.4365,45.63318,,9.71306,32.97504,43.95398,,9.71333,30.56929,43.58028,,9.71306,39.6136,52.17916,,9.85444,38.75034,51.24342
9.85472,24.83797,35.45769,,9.85472,33.89554,45.58753,,9.85417,35.58725,47.3115,,9.85472,31.06161,42.20316,,9.85444,33.99495,45.55269,,9.85444,33.54901,45.42579,,9.85472,32.82995,43.78573,,9.85444,30.5349,43.48241,,9.85444,39.57384,52.36866,,9.99611,38.80506,51.09717
9.99639,24.69298,35.38768,,9.99639,33.94347,45.5433,,9.99611,35.59912,47.27892,,9.99639,30.91566,42.1321,,9.99611,33.7592,45.43318,,9.99611,33.3563,45.38823,,9.99611,32.69287,43.68594,,9.99639,30.54666,43.5217,,9.99611,39.54949,52.28415,,10.13778,38.66735,51.20519
10.13778,24.55307,35.35391,,10.13806,33.83075,45.51291,,10.1375,35.56302,47.33596,,10.13778,30.97991,42.07231,,10.1375,33.46507,45.24101,,10.1375,33.19292,45.28669,,10.13806,32.73113,43.75594,,10.13806,30.45251,43.64492,,10.1375,39.5262,52.08113,,10.27944,38.67647,51.10422
10.27944,24.77125,35.32378,,10.27944,33.65628,45.46437,,10.27917,35.56595,47.14129,,10.27944,30.54764,41.9233,,10.27917,33.73855,45.20767,,10.27917,33.45667,45.15918,,10.27944,32.59589,43.71245,,10.27917,30.54251,43.65698,,10.27917,39.51299,52.15802,,10.42111,38.7144,51.08447
10.42111,24.60449,35.22671,,10.42111,33.82694,45.3453,,10.42083,35.37215,47.10627,,10.42111,30.71746,42.00163,,10.42111,33.56567,45.18397,,10.42111,33.05,45.08209,,10.42111,32.5719,43.47708,,10.42083,30.44679,43.53506,,10.42083,39.48499,52.26214,,10.5625,38.62381,50.96204
10.56278,24.42246,35.23299,,10.5625,33.5279,45.43201,,10.56222,35.32012,47.04634,,10.5625,31.07135,41.61444,,10.56278,33.50659,45.09631,,10.5625,33.07714,44.96193,,10.56278,32.4861,43.52116,,10.5625,30.50568,43.66579,,10.5625,39.52507,52.11519,,10.70389,38.46785,51.12385
10.70417,24.46672,35.18402,,10.70417,33.65687,45.23602,,10.70389,35.44201,46.98228,,10.70444,30.73178,41.56674,,10.70417,33.48499,45.05859,,10.70417,32.91059,45.07344,,10.70444,32.30458,43.54168,,10.70417,30.47991,43.55353,,10.70444,39.5276,52.0116,,10.84556,38.46966,51.01455
10.84583,24.3843,35.07385,,10.84556,33.5408,45.2823,,10.84583,35.35198,46.90212,,10.84611,30.55688,41.82101,,10.84583,33.65058,45.19197,,10.84583,32.98016,44.81546,,10.84611,32.43243,43.3584,,10.84556,30.4235,43.34444,,10.84583,39.50737,52.16484,,10.9875,38.40376,50.88078
10.9875,24.46231,35.06023,,10.98722,33.62701,45.2468,,10.9875,35.26709,46.86482,,10.98778,30.81599,41.59299,,10.9875,33.38898,45.03335,,10.98778,32.88838,44.78945,,10.98778,32.26811,43.33718,,10.98722,30.28817,43.51401,,10.9875,39.4482,52.1713,,11.12917,38.42148,50.66343
11.12917,24.34347,34.95021,,11.12889,33.62319,45.33702,,11.12889,35.17784,46.90971,,11.12944,30.65578,41.77157,,11.12889,33.41361,44.80953,,11.12917,32.73454,44.62007,,11.12917,32.26313,43.22476,,11.12889,30.50387,43.38164,,11.12889,39.48129,52.14668,,11.27028,38.29484,50.73649
11.27083,24.30106,34.99884,,11.27083,33.5584,45.1189,,11.27028,35.132,46.98818,,11.27111,30.54822,41.3509,,11.27083,33.22274,44.8168,,11.27083,32.70459,44.90929,,11.27056,32.10406,43.12418,,11.27083,30.4507,43.52454,,11.27056,39.52474,52.05031,,11.41222,38.2706,50.6241
11.41194,24.28764,35.06672,,11.4125,33.36546,45.04232,,11.41194,35.08738,46.63227,,11.41278,30.45125,41.556,,11.41222,33.20284,44.71109,,11.4125,32.89501,44.68681,,11.41222,32.07616,43.16638,,11.41222,30.35393,43.37371,,11.41194,39.38863,52.10205,,11.55389,38.36575,50.76535
11.55361,24.30481,34.85723,,11.55389,33.37842,45.0567,,11.55333,35.05619,46.78348,,11.55417,30.18897,41.37863,,11.55389,33.29659,44.6553,,11.55389,32.78512,44.69064,,11.55361,31.99642,42.98143,,11.55389,30.49734,43.61357,,11.55361,39.45357,52.00948,,11.69528,38.38196,50.62649
11.69556,24.21528,34.84856,,11.69583,33.37686,44.96144,,11.695,35.15018,46.62169,,11.69583,30.22502,41.47304,,11.69556,33.13002,44.68676,,11.69528,32.73656,44.5761,,11.69528,31.99778,42.83347,,11.69583,30.30581,43.50931,,11.69528,39.33092,52.04825,,11.83667,38.28588,50.6244
11.83694,24.10165,34.73915,,11.8375,33.4137,44.93157,,11.83667,35.04106,46.75039,,11.83722,30.29789,41.21844,,11.83722,33.08765,44.53297,,11.83694,32.597,44.53059,,11.83722,31.89948,42.86209,,11.8375,30.38982,43.40959,,11.83694,39.37591,51.97009,,11.97861,38.2332,50.43053
11.97833,24.27248,34.72865,,11.97917,33.4717,44.93687,,11.97833,35.02506,46.55803,,11.97861,30.21068,41.15362,,11.97861,33.09779,44.46406,,11.97861,32.37774,44.4484,,11.97861,31.78442,42.80771,,11.97889,30.35325,43.35958,,11.97861,39.3284,51.90726,,12.12028,38.08557,50.36022
12.12,24.05853,34.6722,,12.12028,33.2504,44.87447,,12.12,34.93148,46.65123,,12.12056,30.15255,41.13477,,12.12056,33.164,44.49267,,12.12028,32.55901,44.23218,,12.12028,31.70431,42.82557,,12.12056,30.31938,43.40831,,12.12,39.34395,51.93978,,12.26194,38.03473,50.62832
12.26167,24.15672,34.71218,,12.26194,33.19867,44.90834,,12.26139,34.83188,46.49051,,12.26222,30.2397,41.06309,,12.26222,32.99444,44.57527,,12.26167,32.37194,44.41402,,12.26194,31.61877,42.6162,,12.26194,30.33185,43.52848,,12.26167,39.30303,51.86317,,12.40361,38.05983,50.53359
12.40333,24.04924,34.70939,,12.40389,33.18052,44.8646,,12.40306,34.89658,46.5035,,12.40389,29.75859,41.22687,,12.40389,33.00661,44.55834,,12.40333,32.31011,44.20973,,12.40361,31.55442,42.6659,,12.40333,30.40061,43.30632,,12.40333,39.28347,51.88115,,12.54528,38.03845,50.53391
12.54528,23.90737,34.58883,,12.54528,33.1808,44.76892,,12.54472,34.83837,46.59526,,12.54556,30.06484,41.00967,,12.54528,32.7771,44.32932,,12.545,32.04933,44.43876,,12.54528,31.65493,42.61222,,12.545,30.39934,43.5783,,12.54528,39.30452,51.91364,,12.68694,38.00123,50.43441
12.68639,23.9721,34.50853,,12.68667,33.09995,44.59439,,12.68639,34.77526,46.33192,,12.68694,30.05494,40.8107,,12.68694,32.80815,44.17182,,12.68667,32.22368,44.16775,,12.68694,31.48664,42.54777,,12.68667,30.43672,43.35047,,12.68667,39.33069,51.96547,,12.82806,37.95469,50.45977
12.82806,23.87816,34.50057,,12.82861,33.12031,44.77233,,12.82778,34.79736,46.50087,,12.82861,29.93579,40.9503,,12.82861,32.83282,44.19854,,12.82806,32.38513,44.15278,,12.82833,31.48258,42.41599,,12.82806,30.36666,43.59574,,12.82833,39.28799,52.04179,,12.96972,37.80799,50.25968
12.96972,23.83017,34.45456,,12.97028,33.07443,44.79164,,12.96944,34.7035,46.39152,,12.97028,29.90787,41.08853,,12.97028,32.72072,44.23747,,12.96972,32.14932,44.06915,,12.97,31.36969,42.3818,,12.96972,30.20699,43.71442,,12.96972,39.25265,51.83648,,13.11139,37.83981,50.1913
13.11139,23.82757,34.43113,,13.11139,33.07931,44.72087,,13.11139,34.74838,46.34153,,13.11194,29.72115,40.91027,,13.11167,32.63323,43.98553,,13.11139,32.09066,44.11546,,13.11139,31.34698,42.49822,,13.11167,30.39915,43.33424,,13.11139,39.22395,51.88458,,13.25306,37.75115,50.22834
13.25278,23.83377,34.51596,,13.25306,33.06483,44.69334,,13.25306,34.59642,46.23936,,13.25333,29.80262,40.91357,,13.25306,32.544,44.06571,,13.25306,32.04886,43.90533,,13.25306,31.12912,42.23335,,13.25333,30.3453,43.41136,,13.25306,39.26408,51.77751,,13.39444,37.59179,50.18634
13.39444,23.80848,34.39794,,13.39472,32.97285,44.57417,,13.39444,34.62243,46.38761,,13.395,29.79538,40.67094,,13.39472,32.41283,43.94319,,13.39472,32.01753,44.00012,,13.39472,31.18121,42.19042,,13.39472,30.33565,43.53884,,13.39444,39.32786,51.77643,,13.53611,37.71176,50.25081
13.53611,23.81514,34.49295,,13.53639,32.94896,44.51645,,13.53639,34.56426,46.13436,,13.53667,29.62145,40.45952,,13.53639,32.45777,44.02687,,13.53639,31.81317,43.79735,,13.53611,31.24419,42.01989,,13.53639,30.37236,43.30845,,13.53639,39.14095,51.83207,,13.67806,37.61374,49.989
13.67806,23.73561,34.37305,,13.67778,32.80633,44.54031,,13.67806,34.48955,46.22205,,13.67861,29.67181,40.45456,,13.67806,32.42801,43.94725,,13.67806,31.82277,43.84267,,13.67806,31.16285,42.01841,,13.67806,30.37769,43.30945,,13.67806,39.20049,51.75248,,13.81944,37.73124,49.99768
13.81944,23.62014,34.27004,,13.81944,32.93854,44.36985,,13.81944,34.46657,46.25797,,13.82,29.50902,40.59993,,13.81944,32.39192,43.85749,,13.81972,31.8539,43.73168,,13.81972,31.07048,41.98798,,13.81972,30.27109,43.35634,,13.81972,39.12394,51.67122,,13.96111,37.51572,50.04625
13.96111,23.78679,34.31139,,13.96139,32.8307,44.44623,,13.96111,34.4096,46.07974,,13.96167,29.44989,40.59817,,13.96111,32.32508,43.79001,,13.96111,31.92803,43.61382,,13.96139,30.96208,41.96557,,13.96139,30.31999,43.50249,,13.96139,39.12285,51.77323,,14.1025,37.62245,49.95741
14.10278,23.64071,34.26416,,14.10306,32.91898,44.53389,,14.10278,34.51303,46.01144,,14.10306,29.54686,40.49179,,14.10278,32.34384,43.70027,,14.1025,31.65156,43.75182,,14.10278,31.07995,41.97144,,14.10278,30.31785,43.44789,,14.10278,39.15081,51.73685,,14.24444,37.52174,49.8812
14.24444,23.61369,34.28451,,14.24444,32.80075,44.32716,,14.24444,34.32057,45.83058,,14.24444,29.42078,40.44683,,14.24417,32.19021,43.63969,,14.24444,31.5642,43.51833,,14.24444,30.8743,41.76263,,14.24444,30.38658,43.1595,,14.24472,39.11425,51.74827,,14.38611,37.3383,49.92968
14.38611,23.60811,34.20107,,14.38639,32.77086,44.31137,,14.38583,34.38094,45.79276,,14.38611,29.26974,40.31237,,14.38583,32.17383,43.63136,,14.38639,31.70189,43.45777,,14.38583,30.80248,41.9295,,14.38611,30.2745,43.37709,,14.38611,39.15501,51.72007,,14.5275,37.35176,49.74742
14.52778,23.5076,34.10339,,14.52806,32.755,44.41562,,14.52778,34.3517,45.98825,,14.52778,29.12457,40.35629,,14.5275,32.07616,43.45503,,14.5275,31.51202,43.54924,,14.5275,30.78874,41.71041,,14.52806,30.3163,43.30173,,14.5275,39.15277,51.70871,,14.66944,37.39069,49.83549
14.66917,23.58059,34.12124,,14.66944,32.72425,44.21236,,14.66944,34.3576,46.0168,,14.66972,29.08501,40.44252,,14.66944,32.059,43.49305,,14.66944,31.39256,43.52135,,14.66917,30.61715,41.60014,,14.66917,30.29295,43.4121,,14.66917,39.09384,51.62813,,14.81111,37.33907,49.84204
14.81056,23.50812,34.03051,,14.81111,32.83759,44.12709,,14.81083,34.30043,45.73474,,14.81083,29.38884,40.31429,,14.81111,32.0738,43.45617,,14.81111,31.40476,43.57223,,14.81083,30.69014,41.67171,,14.81111,30.40955,43.26498,,14.81083,39.10272,51.76528,,14.95278,37.32454,49.70044
14.95222,23.47954,34.06938,,14.9525,32.67866,44.22604,,14.9525,34.19259,45.85997,,14.95278,28.9767,40.13309,,14.9525,31.92464,43.39999,,14.9525,31.35036,43.45422,,14.9525,30.57197,41.47053,,14.95278,30.28909,43.36235,,14.95222,39.09184,51.71881,,15.09389,37.24879,49.576
15.09389,23.45115,34.0397,,15.09444,32.76048,44.21404,,15.09417,34.18405,45.85925,,15.09444,29.11964,39.91072,,15.09417,31.96736,43.35991,,15.09389,31.40694,43.41545,,15.09389,30.56844,41.56279,,15.09417,30.33347,43.34796,,15.09389,39.03924,51.58602,,15.23556,37.19902,49.54845
15.23528,23.4356,33.94506,,15.23611,32.68141,44.1332,,15.23528,34.22777,45.64511,,15.23583,29.07371,40.09885,,15.23611,31.85099,43.29302,,15.23556,31.27973,43.19001,,15.23556,30.42388,41.39885,,15.23583,30.38678,43.19951,,15.23556,39.02645,51.76183,,15.37722,37.13141,49.64703
15.37694,23.5196,33.98744,,15.37722,32.58327,44.17944,,15.37694,34.11088,45.72441,,15.37778,29.02677,40.034,,15.3775,32.00181,43.32593,,15.37722,31.19682,43.32378,,15.37722,30.37275,41.35391,,15.3775,30.38776,43.1796,,15.3775,39.03759,51.77085,,15.51861,36.92071,49.58996
15.51889,23.49129,33.86155,,15.51889,32.60719,44.03982,,15.51861,34.09459,45.69451,,15.51944,29.10239,40.05974,,15.51889,31.87342,43.15857,,15.51889,31.25159,43.17114,,15.51889,30.4887,41.52643,,15.51917,30.2201,43.43047,,15.51889,39.08686,51.69258,,15.66056,36.83784,49.38578
15.66056,23.30359,33.89963,,15.66056,32.39936,43.97027,,15.66028,34.04353,45.70934,,15.66111,28.69689,40.06873,,15.66056,31.89431,43.18267,,15.66028,31.23149,43.07098,,15.66083,30.36424,41.1551,,15.66083,30.2386,43.27324,,15.66056,38.9777,51.64093,,15.8025,36.99818,49.49033
15.80194,23.28622,33.99675,,15.80194,32.42414,44.06715,,15.80194,34.01664,45.63645,,15.8025,29.1206,40.0154,,15.80222,31.71576,43.01703,,15.80194,31.16825,43.09858,,15.80194,30.18607,41.30121,,15.8025,30.23187,43.27563,,15.80222,38.98346,51.77423,,15.94389,36.90399,49.40947
15.94361,23.2009,33.83276,,15.94361,32.59861,43.9617,,15.94333,33.99596,45.51538,,15.94417,28.85289,40.01329,,15.94361,31.66246,43.05272,,15.94389,31.08171,43.0554,,15.94389,30.19959,41.10488,,15.94417,30.36258,43.38516,,15.94389,38.97461,51.72309,,16.08528,36.93729,49.18835
16.08556,23.1915,33.77725,,16.08528,32.44901,43.93857,,16.085,33.86884,45.48183,,16.08556,28.86271,39.83884,,16.08556,31.55084,43.01309,,16.08556,31.16414,43.10371,,16.08528,30.18015,41.11485,,16.08528,30.30232,43.25162,,16.08528,38.9559,51.50758,,16.22667,36.90356,49.31558
16.22694,23.21431,33.69423,,16.22722,32.47124,43.84657,,16.22667,34.02814,45.54823,,16.22722,28.84455,39.78698,,16.22722,31.6725,42.84883,,16.22667,31.19733,43.08586,,16.22694,30.16121,41.06169,,16.22694,30.25391,43.22855,,16.22722,38.84975,51.64255,,16.36861,36.94514,49.19963
16.36889,23.2122,33.69218,,16.36861,32.41515,43.80216,,16.36806,33.82531,45.54323,,16.36861,28.50882,39.92972,,16.36861,31.55615,43.05052,,16.36833,31.03258,42.81625,,16.36861,30.03748,41.0051,,16.36861,30.29483,43.19701,,16.36889,38.8438,51.51018,,16.51,36.85554,49.2012
16.51028,23.2161,33.79733,,16.51028,32.37878,43.93768,,16.50972,33.80367,45.47186,,16.51028,28.6827,39.9073,,16.51028,31.69498,43.00497,,16.51,30.94858,42.91505,,16.51,30.1647,40.99611,,16.51,30.28035,43.3775,,16.51056,38.96683,51.42406,,16.65167,36.8193,49.05476
16.65194,23.17343,33.50476,,16.65194,32.31339,43.79468,,16.65167,33.8618,45.34675,,16.65194,28.70393,39.55004,,16.65194,31.39619,42.82047,,16.65167,30.98517,42.77593,,16.65167,29.96213,40.88575,,16.65167,30.2438,43.35525,,16.65194,38.8474,51.45287,,16.79333,36.80096,49.12272
16.79361,23.16208,33.66189,,16.79389,32.46615,43.64955,,16.79333,33.92891,45.48713,,16.79361,28.49146,39.68948,,16.79361,31.48683,42.7922,,16.79333,31.22857,42.82382,,16.79333,30.00218,40.60765,,16.79333,30.24112,43.35702,,16.79361,38.83516,51.45308,,16.93472,36.68536,49.17525
16.93472,23.07187,33.69041,,16.93528,32.41692,43.74547,,16.93472,33.70319,45.37915,,16.93528,28.63522,39.69083,,16.935,31.28735,42.74677,,16.93472,30.85244,42.8759,,16.93472,29.8774,40.78208,,16.93528,30.3926,43.10386,,16.935,38.88192,51.44171,,17.07639,36.62522,49.01676
17.07639,23.02809,33.64544,,17.07694,32.24377,43.79327,,17.07639,33.74012,45.3105,,17.07667,28.69978,39.57962,,17.07667,31.39931,42.629,,17.07667,30.76155,42.59815,,17.07667,29.85554,40.77873,,17.07694,30.25502,43.40127,,17.07667,38.8961,51.39258,,17.21806,36.65998,49.04741
17.21806,23.06986,33.59126,,17.21833,32.19585,43.69512,,17.21806,33.83293,45.29435,,17.21833,28.68024,39.53797,,17.21806,31.49035,42.52648,,17.21833,31.57705,42.54102,,17.21806,29.81259,40.61842,,17.21833,30.23207,43.1888,,17.21833,38.86775,51.55296,,17.35972,36.66884,49.0906
17.35944,23.09759,33.59968,,17.35972,32.18201,43.83609,,17.35972,33.70441,45.33177,,17.36,28.55327,39.30651,,17.35972,31.32024,42.53626,,17.35972,30.93831,42.65412,,17.36,29.75864,40.7802,,17.36,30.20025,43.33797,,17.36,38.83777,51.38332,,17.50139,36.5908,48.8581
17.50139,23.01088,33.62357,,17.50139,32.12332,43.57587,,17.50139,33.69986,45.35017,,17.50139,28.38548,39.31534,,17.50139,31.27587,42.67897,,17.50167,30.65442,42.54393,,17.50139,29.7477,40.60868,,17.50167,30.24484,43.31881,,17.50167,38.82196,51.60446,,17.64333,36.51451,48.95648
17.78472,22.92777,33.34755,,17.64306,32.10563,43.48301,,17.64306,33.64486,45.18923,,17.64306,28.48257,39.42871,,17.64306,31.22137,42.59072,,17.64306,30.76041,42.5404,,17.64306,29.68079,40.56183,,17.64306,30.17166,43.30662,,17.64333,38.86112,51.4912,,17.78472,36.46185,48.87815
17.92611,22.95298,33.45735,,17.78472,32.03804,43.5541,,17.78472,33.50322,45.28892,,17.785,28.3377,39.56704,,17.78472,31.11504,42.59143,,17.78472,30.67916,42.52976,,17.78444,29.59014,40.43289,,17.78472,30.07866,43.298,,17.78472,38.88973,51.53525,,17.92639,36.41047,48.78944
18.06778,23.02481,33.32068,,17.92611,32.14787,43.34988,,17.92611,33.66642,45.16733,,17.92667,28.52125,39.42896,,17.92639,31.08742,42.31693,,17.92667,30.58498,42.61196,,17.92639,29.56796,40.55504,,17.92611,30.21714,43.29979,,17.92611,38.82257,51.48232,,18.06778,36.3688,48.7044
18.20917,22.84304,33.48209,,18.06778,32.20104,43.53568,,18.06778,33.6319,45.10824,,18.06833,28.34584,39.38855,,18.06806,31.17455,42.48783,,18.06806,30.46963,42.54216,,18.06833,29.53579,40.57068,,18.06778,30.17781,42.87792,,18.06778,38.8306,51.42637,,18.20944,36.49146,48.76388
18.35083,22.84179,33.47056,,18.20944,32.02873,43.46097,,18.20917,33.49515,45.04073,,18.20972,28.29139,39.3792,,18.20972,31.1465,42.31866,,18.20972,30.56947,42.4908,,18.20944,29.45514,40.57936,,18.20944,30.11488,43.2738,,18.20944,38.71943,51.36163,,18.35083,36.27246,48.73784
18.4925,22.92193,33.44031,,18.35139,31.93237,43.42886,,18.35111,33.49951,45.12376,,18.35167,28.11085,39.56719,,18.35139,31.08911,42.40548,,18.35139,30.64446,42.42628,,18.35139,28.89033,40.44401,,18.35111,30.24712,43.24383,,18.35111,38.70175,51.32752,,18.49278,36.27537,48.64052
18.63417,22.72618,33.35495,,18.4925,31.93002,43.45583,,18.49278,33.46333,44.99151,,18.49333,28.25837,39.02177,,18.49278,30.93078,42.25405,,18.49306,30.51288,42.36854,,18.49306,29.24504,40.55134,,18.49278,30.24521,43.11585,,18.4925,38.72311,51.34481,,18.63417,36.09615,48.5812
18.77583,22.8165,33.40273,,18.63444,31.99462,43.45069,,18.63444,33.41552,45.01305,,18.63472,28.25015,39.27177,,18.63444,31.00502,42.29608,,18.63472,30.56274,42.30194,,18.63472,29.35401,40.33123,,18.63444,30.20141,43.32161,,18.63417,38.96209,51.30062,,18.77583,36.11146,48.50411
18.91722,22.91343,33.25565,,18.77611,32.06585,43.39524,,18.77556,33.44572,45.00807,,18.77611,28.01765,39.07738,,18.77611,30.86109,42.14702,,18.77583,30.38345,42.13392,,18.77611,29.36774,40.2363,,18.77611,30.14714,43.14505,,18.77583,38.67575,51.26251,,18.9175,36.19857,48.56828
19.05917,22.71281,33.3092,,18.91778,31.95344,43.31609,,18.91722,33.44223,45.16344,,18.91778,27.99009,39.28588,,18.91806,30.89812,42.19271,,18.9175,30.38292,42.24042,,18.9175,29.24401,40.14776,,18.91778,30.11658,43.07499,,18.9175,38.71207,51.37338,,19.05889,35.98642,48.34922
19.20083,22.70507,33.11296,,19.05944,31.83723,43.11392,,19.05917,33.38119,44.93548,,19.05917,28.16914,39.1423,,19.05917,30.8952,42.08321,,19.05917,30.34498,42.28366,,19.05917,29.22855,39.97548,,19.05917,30.02587,43.61222,,19.05917,38.6855,51.33766,,19.20083,35.87133,48.28457
19.3425,22.69724,33.14332,,19.20111,31.77131,43.25128,,19.20056,33.34278,44.97456,,19.20083,27.70272,39.13719,,19.20111,30.82538,42.15772,,19.20083,30.36506,41.94889,,19.20083,29.21308,39.91242,,19.20111,30.21923,43.1064,,19.20083,38.66121,51.42966,,19.3425,35.80169,48.02665
19.48389,22.80905,33.15242,,19.34278,31.71956,43.24129,,19.34194,33.28839,44.84997,,19.3425,27.77044,38.96759,,19.34278,30.77178,42.09711,,19.34222,30.47459,42.09537,,19.34222,29.08831,39.93481,,19.34222,30.04656,43.11428,,19.3425,38.67058,51.32586,,19.48389,35.83164,48.15037
19.62583,22.69828,33.20453,,19.48389,31.81085,43.14912,,19.48361,33.30965,44.9823,,19.48417,28.07578,38.86528,,19.48444,30.71081,41.85354,,19.48389,30.30551,42.09769,,19.48389,29.03736,40.1852,,19.48389,30.18974,43.05546,,19.48444,38.61133,51.43829,,19.62583,35.60567,48.07809
19.76722,22.70724,33.11491,,19.62556,31.74106,43.23231,,19.62528,33.31182,44.87614,,19.62583,27.89818,38.95775,,19.62583,30.71734,42.09691,,19.62556,30.18881,42.04283,,19.62556,29.18923,39.83783,,19.62556,30.12629,43.16491,,19.62556,38.76528,51.30887,,19.76694,35.59893,48.03049
19.90889,22.59698,33.13104,,19.76722,31.8086,43.2036,,19.76694,33.27492,44.71434,,19.76722,27.81924,38.88248,,19.76722,30.6565,42.12296,,19.76694,30.31965,42.02848,,19.76722,29.06956,39.93507,,19.76722,30.1118,42.969,,19.7675,38.68337,51.15363,,19.90861,35.62045,48.13917
20.05028,22.65446,33.1415,,19.90889,31.74482,43.18052,,19.90833,33.18407,44.77337,,19.90917,27.69269,38.84517,,19.90917,30.71134,41.9739,,19.90889,30.34562,41.99799,,19.90889,28.98536,39.98998,,19.90861,30.14223,43.14193,,19.90917,38.65738,51.09292,,20.05028,35.68029,48.01895
20.19194,22.62177,33.00418,,20.05028,31.68555,43.0251,,20.05,33.13933,44.67979,,20.05111,27.69097,38.92406,,20.05056,30.61891,41.74565,,20.05056,29.6975,41.90638,,20.05028,28.8982,39.94337,,20.05028,30.18888,43.1876,,20.05028,38.58353,51.2841,,20.19194,35.53512,47.9509
20.33361,22.58591,33.09904,,20.19222,31.73236,43.16718,,20.19167,33.17254,44.73131,,20.19222,27.97912,38.82676,,20.19194,30.60176,41.8849,,20.19222,30.2737,41.87046,,20.19222,28.97268,39.89809,,20.19194,30.15498,42.95742,,20.19194,38.52852,51.23975,,20.33333,35.4126,47.98059
20.475,22.49517,33.12148,,20.33389,31.77453,43.04907,,20.33333,33.2478,44.63705,,20.33389,27.75832,38.73321,,20.33361,30.5114,41.88927,,20.33389,30.093,41.80401,,20.33389,28.81687,39.86869,,20.33361,30.01947,42.9377,,20.33361,38.57018,51.20894,,20.475,35.48705,47.98138
20.61667,22.49048,33.01188,,20.47528,31.61147,43.00803,,20.475,33.21687,44.61528,,20.47556,27.76599,38.834,,20.47528,30.51593,41.65556,,20.47528,30.07322,41.95382,,20.47528,28.92512,39.67517,,20.475,30.05412,42.97974,,20.475,38.60358,51.14954,,20.61694,35.44134,47.81853
20.75833,22.53675,33.13171,,20.61722,31.54887,43.04089,,20.61639,33.06512,44.58855,,20.61722,27.7342,38.66467,,20.61667,30.5118,41.74429,,20.61722,30.06663,41.67919,,20.61722,28.81224,39.67773,,20.61722,30.19641,43.06186,,20.61667,38.58028,51.13847,,20.75861,35.38032,47.73998
20.89972,22.51428,32.78074,,20.75861,31.6178,42.98928,,20.75806,33.09698,44.62184,,20.75861,27.5717,38.72267,,20.75861,30.58498,41.47353,,20.75861,30.22039,41.56833,,20.75889,28.78053,39.7826,,20.75833,30.0873,42.96593,,20.75833,38.55762,51.2507,,20.90028,35.30034,47.76172
21.04139,22.48036,32.93819,,20.90056,31.6317,42.81588,,20.89972,33.07725,44.58858,,20.90056,27.64794,38.69844,,20.9,30.54664,41.44572,,20.90028,29.91818,41.68465,,20.90028,28.75779,39.8185,,20.9,29.99059,43.12609,,20.90028,38.47504,51.07887,,21.04194,35.26888,47.67695
21.18333,22.56784,32.81938,,21.04194,31.59499,43.05041,,21.04139,33.06383,44.56143,,21.04194,27.53321,38.52464,,21.04167,30.43675,41.60269,,21.04194,29.79482,41.84541,,21.04167,28.5079,39.28883,,21.04194,30.02132,43.01049,,21.04194,38.53493,51.04165,,21.18306,35.26831,47.69215
21.325,22.41011,32.90411,,21.18361,31.62173,42.9262,,21.18306,32.95893,44.45552,,21.18333,27.99878,38.5793,,21.18333,30.2084,41.48424,,21.18333,30.04931,41.66029,,21.18333,28.49283,39.33267,,21.18333,29.91314,42.99039,,21.18306,38.5374,51.14393,,21.32472,35.28194,47.59298
21.46639,22.45849,32.97903,,21.325,31.4575,42.89802,,21.32472,33.01661,44.47462,,21.325,27.72787,38.43197,,21.325,30.06243,41.5119,,21.32528,29.99153,41.749,,21.32472,28.37682,39.2922,,21.325,30.11988,42.89706,,21.325,38.47334,51.13363,,21.46639,35.25291,47.45483
21.60806,22.51542,32.89965,,21.46639,31.43888,42.91753,,21.46667,33.018,44.4242,,21.46667,27.49728,38.46348,,21.46667,30.25277,41.44056,,21.46639,29.8448,41.60077,,21.46639,28.25999,39.44971,,21.46667,30.11929,43.0025,,21.46667,38.54606,50.94756,,21.60806,35.19593,47.57762
21.75,22.43741,33.00459,,21.60806,31.41778,42.78498,,21.60806,32.79139,44.35955,,21.60833,27.75183,38.45136,,21.60833,30.4154,41.33918,,21.60806,29.60604,41.32849,,21.60806,28.28325,39.21534,,21.60861,30.07892,42.98143,,21.60833,38.55521,51.14933,,21.74944,35.17721,47.38978
21.89167,22.36684,32.80464,,21.74972,31.47531,42.74401,,21.74972,32.98664,44.40619,,21.74972,27.49348,38.53808,,21.75028,30.19535,41.25768,,21.74972,29.48546,41.25787,,21.74972,28.32985,39.17338,,21.75,29.97456,43.03434,,21.75,38.55028,50.94341,,21.89111,35.13797,47.48143
22.03306,22.32714,32.91481,,21.89139,31.36816,42.71247,,21.89111,32.82556,44.34561,,21.89167,27.61908,38.50919,,21.89167,30.26401,41.29858,,21.89139,29.40479,41.34076,,21.89139,28.2565,39.06496,,21.89139,30.0456,43.10082,,21.89167,38.50553,51.08495,,22.03333,35.23525,47.33104
22.17472,22.31195,32.68206,,22.03278,31.30854,42.75589,,22.03306,32.82876,44.33556,,22.03333,27.35944,38.55033,,22.03333,30.14293,41.36811,,22.03278,29.40157,41.18971,,22.03306,28.20053,39.18035,,22.03306,30.0345,42.89238,,22.03333,38.51295,51.0545,,22.17444,35.00145,47.46159
22.31611,22.37534,32.70128,,22.17444,31.38162,42.74612,,22.17417,32.87078,44.35425,,22.175,27.36023,38.34123,,22.175,30.18208,41.26425,,22.17444,29.55417,41.25714,,22.17472,28.11786,39.02947,,22.17472,30.04366,42.88075,,22.17472,38.40303,51.1383,,22.31611,34.92209,47.30866
22.45778,22.39183,32.63868,,22.31639,31.33479,42.7148,,22.31583,32.88112,44.27297,,22.31667,27.35616,38.49147,,22.31667,30.03943,41.14461,,22.31611,29.44278,41.25829,,22.31611,28.08275,38.91748,,22.31667,29.96994,43.01838,,22.31611,38.45248,51.04006,,22.45778,35.01373,47.22318
22.59944,22.29004,32.60276,,22.45806,31.26691,42.43369,,22.4575,32.71408,44.28926,,22.45833,27.42273,38.48467,,22.45806,29.96961,41.42675,,22.45778,29.48519,41.06941,,22.45806,28.14751,39.03746,,22.45806,30.01809,43.08636,,22.45778,38.42002,51.00555,,22.59972,34.89586,47.1848
22.74111,22.3489,32.62377,,22.59972,31.27313,42.60852,,22.59917,32.68177,44.28248,,22.59972,27.15097,38.40643,,22.59972,30.01623,41.17983,,22.59944,29.38771,41.12658,,22.59944,28.14062,39.09782,,22.59944,29.98168,42.89475,,22.59944,38.4519,50.9645,,22.74111,34.73806,47.25131
22.8825,22.36039,32.75458,,22.74139,31.25541,42.4378,,22.74056,32.75563,44.19085,,22.74167,27.30588,38.60538,,22.74111,29.89932,41.07674,,22.74111,29.35694,41.13921,,22.74111,28.03229,38.96075,,22.74111,29.94837,42.94334,,22.74083,38.34877,50.8588,,22.8825,34.73633,47.09321
23.02444,22.26818,32.67551,,22.88306,31.12974,42.73329,,22.8825,32.62136,43.76696,,22.88306,27.26576,38.41294,,22.8825,30.04045,41.22655,,22.88278,29.33201,41.1136,,22.8825,27.83229,39.03148,,22.88306,30.04008,42.93098,,22.8825,38.4674,50.94115,,23.02417,34.78488,46.99088
23.16583,22.35774,32.66094,,23.02444,31.2054,42.47885,,23.02417,32.05562,43.61267,,23.02472,27.29651,38.3547,,23.02417,29.91156,41.12765,,23.02472,29.38648,40.99646,,23.02417,28.02169,38.84139,,23.02417,29.99678,42.92686,,23.02417,38.36324,50.89892,,23.16583,34.71949,47.03451
23.3075,22.25685,32.56855,,23.16583,31.07658,42.64681,,23.16556,32.06781,43.57465,,23.16639,27.22487,38.32176,,23.16583,29.85534,40.9638,,23.16611,29.18546,41.05924,,23.16583,27.99103,38.9202,,23.16583,29.92176,42.8102,,23.16583,38.48445,50.91942,,23.3075,34.7344,47.01222
23.44917,22.28491,32.65511,,23.3075,31.10225,42.51611,,23.30694,32.11986,43.37801,,23.30806,27.3505,38.29274,,23.30722,29.80993,41.09337,,23.30778,29.16269,40.87996,,23.30722,27.88863,38.77987,,23.3075,29.87764,42.87258,,23.30722,38.36458,50.94842,,23.44889,34.69308,47.02015
23.59056,22.17821,32.67988,,23.44917,31.1039,42.47194,,23.44889,32.07607,43.51761,,23.44917,27.14088,38.28676,,23.44917,29.87508,41.0375,,23.44944,29.13726,40.9023,,23.44889,27.86617,38.6688,,23.44889,29.97253,42.80271,,23.44917,38.27325,50.8862,,23.59056,34.61667,46.92837
23.73222,22.11747,32.45342,,23.59056,31.02688,42.58712,,23.59056,32.07279,43.44701,,23.59083,27.13283,38.14239,,23.59083,29.85519,40.9779,,23.59056,29.13672,40.97764,,23.59056,27.66714,38.86384,,23.59056,29.93434,42.97407,,23.59083,38.28307,51.07725,,23.73222,34.59215,46.92354
23.87361,22.15044,32.6763,,23.73222,31.17407,42.44551,,23.73222,31.99928,43.37395,,23.7325,27.14444,38.22488,,23.7325,29.70085,41.01363,,23.73222,29.07871,40.76464,,23.73222,27.97362,38.72381,,23.73222,29.95693,42.92054,,23.7325,38.33049,50.95696,,23.87389,34.59079,46.76851
24.01528,,,,23.87389,31.01649,42.47895,,23.87361,32.09611,43.45134,,23.87389,27.07878,38.15426,,23.87389,29.88564,40.73665,,23.87389,29.03554,40.99943,,23.87389,27.94661,38.79332,,23.87389,29.97778,43.01102,,23.87389,38.29834,50.88892,,,,
,,,,,,,,,,,,,,,,,,,,,,,,,,,,,,,,,,,,,,
,,,,,,,,,,,,,,,,,,,,,,,,,,,,,,,,,,,,25.08333,43.76797,56.25428
25.08333,44.40903,56.40732,,25.08333,42.24447,54.88195,,25.08333,43.29112,55.73683,,25.08333,43.28118,54.08771,,25.08333,44.75297,56.86301,,25.08333,46.03023,58.23562,,25.08333,44.83843,55.97412,,25.08333,16.97895,29.31245,,25.08333,39.86054,52.69829,,25.225,43.91392,56.08585
25.22444,43.55315,55.84426,,25.22528,42.07005,54.2008,,25.225,43.32815,55.22648,,25.225,42.58152,53.90021,,25.225,44.50768,56.57496,,25.22528,45.3263,57.8244,,25.225,44.52675,55.98804,,25.225,20.5015,33.36813,,25.22528,40.10692,52.79996,,25.36667,43.66034,56.11869
25.36611,42.99698,55.40376,,25.36694,41.82512,53.90868,,25.36694,43.01208,55.08252,,25.36667,42.28302,53.78126,,25.36639,44.0769,56.26086,,25.36694,44.90746,57.1543,,25.36694,44.13637,55.82029,,25.36667,21.86308,34.83828,,25.36667,40.19423,52.88406,,25.50833,43.55435,56.0242
25.50778,42.50366,54.99131,,25.50806,41.28918,53.47403,,25.50833,41.98774,54.64634,,25.50806,41.67204,53.34275,,25.50833,43.83258,56.13399,,25.50833,44.54202,57.07088,,25.50833,43.83806,55.77806,,25.50833,23.66055,36.78566,,25.50833,40.33162,52.70645,,25.64972,43.37301,56.00723
25.64944,42.33335,54.66956,,25.64972,40.67098,53.43391,,25.64972,42.09438,54.31184,,25.65,41.45846,53.04933,,25.64972,43.59219,55.907,,25.65,44.30809,56.76695,,25.64972,43.78517,55.27999,,25.65,24.15164,37.61229,,25.64972,40.32781,52.98607,,25.79139,43.26168,55.77295
25.79111,42.00951,54.44247,,25.79139,40.88819,53.02603,,25.79139,41.95456,54.05249,,25.79167,41.26713,52.73584,,25.79139,43.56218,55.64973,,25.79194,43.70744,56.22708,,25.79111,43.50059,55.17745,,25.79167,25.05419,38.72276,,25.79139,40.24701,52.94677,,25.93306,43.11777,55.67175
25.93278,41.84874,54.27044,,25.93333,40.73844,53.03674,,25.93306,41.81873,53.96652,,25.93333,41.17058,52.5661,,25.93306,42.9805,55.2452,,25.93306,43.26592,55.77729,,25.93278,43.33305,55.24601,,25.93278,25.39092,38.77226,,25.93306,40.18005,52.97335,,26.07444,42.90581,55.55586
26.07444,41.23082,53.75364,,26.07472,40.63879,53.07472,,26.07444,41.73061,53.96865,,26.075,40.85012,52.64334,,26.07444,42.82256,55.28078,,26.07472,43.13875,55.54636,,26.07444,42.8178,54.48344,,26.07444,25.75806,39.10238,,26.07472,40.27946,53.18243,,26.21611,42.93696,55.48096
26.21611,41.03949,53.66923,,26.21639,40.51179,52.88247,,26.21611,41.60794,53.87092,,26.21611,40.69826,52.2044,,26.21611,42.89234,55.08897,,26.21639,42.55437,55.24307,,26.21639,42.58878,54.41643,,26.21611,25.92774,39.59765,,26.21639,40.32175,53.16428,,26.3575,42.70008,55.36303
26.35778,40.72914,53.56964,,26.35806,40.53082,52.90555,,26.35806,41.44178,53.69924,,26.35806,40.52751,52.40225,,26.3575,42.68156,54.99969,,26.35778,42.31887,55.00842,,26.35778,42.42975,54.18207,,26.35778,26.12386,39.78837,,26.35778,40.3312,52.99786,,26.49917,42.8213,55.35469
26.49917,40.64812,53.28792,,26.49972,40.46162,52.78079,,26.49972,41.48271,53.62497,,26.49972,40.3709,52.00281,,26.49917,42.60599,54.9196,,26.49944,42.30799,54.84762,,26.49944,41.96649,53.74342,,26.49917,26.49489,39.79298,,26.49944,40.39108,53.08785,,26.64083,42.3811,54.91281
26.64083,40.53667,53.07096,,26.64111,40.31358,52.66054,,26.64111,41.24368,53.5856,,26.64139,39.90369,51.45233,,26.64083,42.53755,54.71686,,26.64111,42.17001,54.82137,,26.64111,41.86779,53.68296,,26.64083,26.64162,40.08851,,26.64111,40.0668,53.15179,,26.7825,42.36663,54.80395
26.78278,40.34213,53.01574,,26.78306,40.21031,52.68562,,26.78278,41.2871,53.47232,,26.78306,39.79004,51.57432,,26.78222,42.30611,54.53566,,26.78278,42.11677,54.64764,,26.78278,41.86335,53.56085,,26.7825,26.80948,40.10348,,26.78278,40.51679,52.89572,,26.92389,42.36971,54.85992
26.92417,40.2413,52.97101,,26.92472,40.18723,52.44594,,26.92444,41.14587,53.39866,,26.92444,39.59328,51.30046,,26.92417,42.25025,54.61654,,26.92444,41.75934,54.5544,,26.92417,41.84618,53.44643,,26.92444,26.92166,40.25805,,26.92417,40.32528,53.076,,27.06583,42.2979,54.72601
27.06583,40.11669,52.71376,,27.06583,40.14202,52.34828,,27.06611,41.03583,53.24255,,27.06611,39.54794,51.23775,,27.06583,41.99591,54.27836,,27.06583,41.70407,54.45642,,27.06611,41.55239,53.24767,,27.06583,27.00411,40.34948,,27.06583,40.52976,53.08612,,27.2075,42.18009,54.73482
27.20722,39.53894,52.30503,,27.2075,40.05347,52.46226,,27.20806,41.01684,53.24972,,27.2075,39.4428,51.0007,,27.2075,42.02793,54.03057,,27.2075,41.76852,54.25809,,27.2075,41.40615,53.28714,,27.2075,27.35465,40.71038,,27.20778,40.50818,53.04574,,27.34889,42.03421,54.62019
27.34917,39.24564,51.98604,,27.34917,39.97623,52.34391,,27.34944,41.04486,53.03396,,27.34917,39.41068,51.01001,,27.34889,41.77102,53.99852,,27.34917,41.61664,54.29022,,27.34917,41.35751,53.18188,,27.34944,27.64254,40.97905,,27.34944,40.36549,53.01859,,27.49056,42.10033,54.61266
27.49083,38.80498,51.51665,,27.49111,39.95956,52.30931,,27.49111,40.82998,53.12672,,27.49083,39.37274,51.02838,,27.49083,41.63082,53.93572,,27.49111,41.62314,54.06098,,27.49056,41.14216,52.90926,,27.49111,27.71822,40.99903,,27.49083,40.29137,53.05343,,27.63222,42.09031,54.5868
27.63222,38.75413,51.42046,,27.63222,40.12831,52.08421,,27.6325,40.76684,53.01383,,27.6325,39.20376,50.79768,,27.6325,41.60141,53.97359,,27.6325,41.51449,54.07274,,27.63222,41.12135,53.0354,,27.6325,27.77012,41.09937,,27.63278,40.27774,53.03502,,27.77417,42.01083,54.68386
27.77361,38.64023,51.30809,,27.77389,39.85245,52.14907,,27.77444,40.77845,53.05601,,27.77389,39.1125,50.76182,,27.77417,40.87656,53.28666,,27.77444,41.23644,53.93797,,27.77389,40.93724,52.76443,,27.77417,28.28691,41.58945,,27.77389,40.28749,53.00883,,27.91556,41.96654,54.68824
27.91528,38.49954,51.29416,,27.91556,39.87568,52.17293,,27.91583,40.67544,52.82949,,27.91556,39.01405,50.62106,,27.91556,40.85732,53.1479,,27.91583,41.13064,53.96132,,27.91528,40.77734,52.65055,,27.91583,28.39164,41.56426,,27.91583,40.26344,52.98317,,28.05722,41.96153,54.56812
28.05667,38.38869,51.138,,28.05722,39.78357,52.19808,,28.05722,40.56574,52.75705,,28.05722,38.93573,50.53483,,28.05694,40.414,53.00971,,28.05722,41.01354,53.86108,,28.05694,40.75672,52.6782,,28.0575,28.41429,41.62936,,28.05722,40.33467,53.09889,,28.19861,41.86554,54.57626
28.19833,38.32109,51.05253,,28.19861,39.78981,52.25813,,28.19889,40.57502,52.82113,,28.19889,38.80362,50.55161,,28.19861,40.56975,52.98002,,28.19917,41.12867,53.80134,,28.19861,40.72617,52.52784,,28.19889,28.45617,41.82226,,28.19889,40.26993,52.91727,,28.34,41.84831,54.50508
28.34,38.20829,51.09469,,28.34028,39.7663,52.1559,,28.34028,40.54974,52.68415,,28.34028,38.73019,50.46023,,28.34056,40.63998,52.96797,,28.34083,40.87211,53.76929,,28.34028,40.64707,52.49256,,28.34028,28.54476,41.8088,,28.34028,40.37456,53.02536,,28.48222,41.77026,54.43686
28.48167,38.12669,50.79053,,28.48194,39.60985,52.02968,,28.48194,40.48864,52.78796,,28.48194,38.62761,50.47221,,28.48167,40.58046,53.00295,,28.4825,40.86383,53.71816,,28.48194,40.51666,52.33901,,28.48222,28.66831,41.81659,,28.48194,40.27399,53.1948,,28.62361,41.79018,54.51352
28.62306,38.0958,50.73907,,28.62389,39.47594,51.98162,,28.62361,39.85114,52.10849,,28.62389,38.51772,50.24666,,28.62361,40.49914,52.83109,,28.62361,40.95176,53.54856,,28.62389,40.4447,52.32575,,28.62389,28.6471,42.06459,,28.62389,40.22427,52.99801,,28.765,41.73233,54.42148
28.765,37.94748,50.76824,,28.76556,39.6158,52.1448,,28.76528,39.91339,52.05817,,28.76556,38.49184,50.07555,,28.76528,40.54256,52.65764,,28.76528,40.73758,53.39091,,28.76528,40.22421,52.12287,,28.76556,28.54548,42.21698,,28.76528,40.33496,53.1632,,28.90667,41.76323,54.26191
28.90667,37.92283,50.51624,,28.90694,39.54223,52.01747,,28.90694,39.81982,52.06965,,28.90722,38.29772,50.00097,,28.90694,40.36972,52.73959,,28.90694,40.7074,53.43321,,28.90667,40.31985,52.12415,,28.90667,28.77512,42.17191,,28.90694,40.24532,53.04079,,29.04833,41.67306,54.35379
29.04833,37.87354,50.56957,,29.04889,39.62081,51.96099,,29.04833,39.7905,52.04745,,29.04889,38.34716,50.07129,,29.04806,40.25618,52.57385,,29.04833,40.34012,53.36243,,29.04833,40.21288,51.98968,,29.04833,28.87132,42.118,,29.04833,40.3353,53.19243,,29.19,41.57602,54.23851
29.18972,37.78328,50.58237,,29.19,39.46862,51.79298,,29.19,39.73508,51.86612,,29.19,38.18416,50.03618,,29.18972,40.30704,52.56018,,29.19,40.38733,53.2761,,29.19,40.03959,51.92509,,29.19,28.91139,42.09225,,29.19,40.30133,53.1176,,29.33139,41.54961,54.32187
29.33139,37.56181,50.38907,,29.33167,39.40035,51.89598,,29.33167,39.78703,51.81644,,29.33167,38.22511,49.89486,,29.33167,40.25239,52.45544,,29.33167,40.41201,53.1123,,29.33139,39.92154,51.84797,,29.33139,28.92007,42.23164,,29.33167,40.19369,52.8994,,29.47306,41.49953,54.13061
29.47306,37.57369,50.31111,,29.47333,39.41236,51.83501,,29.47333,39.67043,51.78747,,29.47333,37.81377,49.79384,,29.47333,40.36605,52.51687,,29.47333,40.38562,53.08332,,29.47306,39.81507,51.78132,,29.47306,29.02315,42.47389,,29.47333,40.25271,53.06367,,29.615,41.57313,54.15068
29.615,37.47304,50.16575,,29.615,39.37318,51.78203,,29.615,39.6657,51.7775,,29.615,37.97623,49.8468,,29.61444,40.10005,52.36424,,29.615,40.38384,53.05137,,29.61472,39.689,51.6288,,29.61472,29.03244,42.33406,,29.615,40.12066,53.05969,,29.75639,41.41427,54.01737
29.75611,37.38706,50.24919,,29.75639,39.38186,51.91757,,29.75667,39.62197,51.73687,,29.75639,37.99962,49.72662,,29.75639,40.04788,52.39689,,29.75667,40.39747,52.89352,,29.75639,39.68789,51.54274,,29.75667,28.99665,42.61248,,29.75694,40.34889,52.96476,,29.89806,41.45317,54.11429
29.89778,37.41214,50.17125,,29.89806,39.34938,51.84801,,29.89806,39.48321,51.73543,,29.89806,37.79106,49.6762,,29.89806,39.85141,52.26653,,29.89806,40.18864,52.85156,,29.89806,39.5459,51.40326,,29.89806,29.11305,42.4315,,29.89861,40.3069,53.01146,,30.03944,41.32562,54.04008
30.03972,37.18185,50.25459,,30.03972,39.28239,51.72897,,30.03972,39.47263,51.68562,,30.03972,37.77847,49.54628,,30.03972,39.90955,52.26086,,30.03972,40.07754,52.75863,,30.03972,39.50514,51.37123,,30.03972,29.14098,42.45097,,30.04,40.20268,53.06417,,30.18139,41.32023,54.05511
30.18083,37.1441,50.00393,,30.18139,39.2234,51.61704,,30.18167,39.44289,51.67409,,30.18139,37.76036,49.68956,,30.18111,39.99601,52.24275,,30.18167,40.13601,52.69633,,30.18139,39.35067,51.20168,,30.18111,29.2346,42.47083,,30.18139,40.22132,53.02265,,30.32278,41.25482,54.0164
30.3225,37.10639,49.84897,,30.32278,39.20732,51.61213,,30.32306,39.42488,51.71025,,30.32278,37.6899,49.37428,,30.32278,39.79749,52.19931,,30.32333,40.018,52.58011,,30.32278,39.23775,51.24417,,30.32306,29.19275,42.4994,,30.32306,40.32583,52.92588,,30.46417,41.28323,53.87138
30.46417,37.07954,49.86754,,30.46444,39.27108,51.66218,,30.46444,39.31815,51.65598,,30.46444,37.60591,49.47133,,30.46472,39.8354,52.09173,,30.46472,40.01104,52.63855,,30.46472,39.25506,51.14663,,30.46444,29.29801,42.46294,,30.46472,40.24282,52.95043,,30.60583,41.22539,53.87507
30.60611,36.88309,49.77547,,30.60611,39.08145,51.59598,,30.60639,39.37349,51.58701,,30.60667,37.49303,49.33232,,30.60639,39.61572,52.08119,,30.60639,39.76419,52.55916,,30.60611,39.15088,51.0112,,30.60611,29.27675,42.53207,,30.60639,40.23941,52.94389,,30.74778,41.21796,53.78536
30.74778,36.95125,49.63248,,30.74778,39.24997,51.63124,,30.74778,39.24278,51.62734,,30.74806,37.49552,49.33891,,30.74778,39.6603,51.99714,,30.74806,39.77828,52.54277,,30.74778,39.10904,50.86423,,30.74778,29.27318,42.63136,,30.74833,40.36927,53.03671,,30.88917,41.21165,53.88163
30.88889,36.8104,49.71364,,30.88944,39.10883,51.42447,,30.88944,39.40554,51.61859,,30.88972,37.43615,49.36767,,30.88944,39.5597,51.98231,,30.88944,39.62399,52.45444,,30.88944,38.91548,50.78014,,30.88944,29.32999,42.65565,,30.88944,40.06417,53.07642,,31.03056,41.16558,53.69821
31.03056,36.70269,49.67596,,31.03111,39.00862,51.56565,,31.03111,39.32794,51.34281,,31.03111,37.34186,49.15787,,31.03111,39.53538,52.04995,,31.03111,39.55778,52.36043,,31.03111,38.91127,50.7335,,31.03111,29.41329,42.75718,,31.03083,40.28292,52.97064,,31.17222,41.09513,53.80353
31.1725,36.65322,49.59752,,31.17306,39.04316,51.48785,,31.1725,39.20583,51.55663,,31.1725,37.30188,49.02614,,31.1725,39.51268,51.82911,,31.17278,39.51705,52.39064,,31.1725,38.85438,50.56838,,31.1725,29.3721,42.65651,,31.1725,40.44035,53.03702,,31.31389,41.08353,53.63801
31.31417,36.65825,49.44273,,31.31417,39.02543,51.38035,,31.31472,39.12703,51.34468,,31.31417,37.31539,48.98057,,31.31444,39.35103,51.73731,,31.31472,39.54553,52.38459,,31.31417,38.80475,50.65279,,31.31417,29.38694,42.76767,,31.31444,40.48218,52.82128,,31.45556,41.10459,53.65108
31.45556,36.54519,49.38892,,31.45611,38.94095,51.32626,,31.45611,39.10895,51.3047,,31.45583,37.13986,48.85164,,31.45583,39.43324,51.84579,,31.45639,39.37336,52.22075,,31.45611,38.59783,50.67477,,31.45556,29.42355,42.90285,,31.45611,40.27646,53.03696,,31.59722,41.00636,53.71039
31.59722,36.55301,49.31288,,31.59778,39.01233,51.3152,,31.5975,39.14174,51.37157,,31.59778,37.08625,48.92619,,31.5975,39.41797,51.78436,,31.59806,39.51843,52.11017,,31.59722,38.49384,50.56033,,31.5975,29.60354,42.7206,,31.59778,40.25109,52.91293,,31.73861,41.02986,53.685
31.73889,36.38594,49.23972,,31.73917,38.94082,51.28162,,31.73944,39.01717,51.28363,,31.73917,36.98072,48.97877,,31.73889,39.2655,51.56229,,31.73944,39.35684,52.09282,,31.73889,38.46549,50.3024,,31.73917,29.51946,42.84465,,31.73917,40.12617,53.00684,,31.88056,40.97481,53.61051
31.88083,36.34916,49.21119,,31.88111,38.91079,51.1612,,31.88111,39.19937,51.23796,,31.88083,37.08166,48.74661,,31.88056,39.21189,51.60508,,31.88111,39.26332,51.97973,,31.88056,38.53705,50.28779,,31.88056,29.65488,42.51403,,31.88111,40.02071,53.1377,,32.02222,40.84949,53.68161
32.02194,36.39923,49.25057,,32.0225,38.84408,51.34756,,32.0225,39.02504,51.25294,,32.0225,36.8715,48.81077,,32.02194,39.16123,51.62355,,32.0225,39.31148,51.98356,,32.02194,38.32103,50.34495,,32.02222,29.21805,42.93322,,32.02278,40.18562,52.9433,,32.16389,40.8405,53.48648
32.16361,36.2898,49.09888,,32.16389,38.87176,51.26915,,32.16417,38.9609,51.12132,,32.16389,36.84264,48.6585,,32.16361,39.08526,51.59787,,32.16417,39.25144,52.01539,,32.16361,38.18179,50.21675,,32.16361,29.51215,42.90201,,32.16417,40.29945,52.9456,,32.30528,40.85082,53.40938
32.30556,36.22532,48.99851,,32.30556,38.90061,51.14846,,32.30556,39.04002,51.26774,,32.30583,36.726,48.5784,,32.30528,39.11123,51.54332,,32.30583,39.16609,51.87928,,32.30528,38.14059,49.98526,,32.30528,29.55157,42.92783,,32.30556,40.16275,52.83848,,32.44694,40.80206,53.31234
32.44722,36.22631,49.09979,,32.44722,38.80445,51.15097,,32.44722,38.90788,51.27619,,32.4475,36.7332,48.44879,,32.44667,39.02224,51.37164,,32.4475,39.04867,51.9751,,32.44694,38.02829,49.90212,,32.44694,29.53561,42.80811,,32.4475,40.15888,53.02577,,32.58889,40.79166,53.31486
32.58861,36.13474,49.077,,32.58917,38.77964,51.22166,,32.58917,38.82989,51.18715,,32.58917,36.68069,48.43005,,32.58833,38.96616,51.48625,,32.58889,38.91219,51.80258,,32.58861,37.97187,49.95582,,32.58861,29.56678,42.96749,,32.58917,40.15277,52.93824,,32.73028,40.80965,53.30344
32.73028,36.10044,49.01958,,32.73083,38.70299,51.16925,,32.73028,38.86536,51.22661,,32.73028,36.58509,48.4512,,32.73,39.01535,51.44642,,32.73083,39.03577,51.75447,,32.73056,37.97834,49.86688,,32.73,29.49211,43.00894,,32.73083,40.21081,52.86446,,32.87194,40.73292,53.44418
32.87167,35.96664,48.95021,,32.87222,38.74792,51.06462,,32.87194,38.84401,50.98635,,32.87194,36.57717,48.24076,,32.87194,38.94373,51.38977,,32.8725,38.94322,51.71472,,32.87167,37.94617,49.70638,,32.87167,29.72415,42.79218,,32.87222,40.26718,52.92468,,33.01361,40.71233,53.29471
33.01306,36.00729,48.87543,,33.01389,38.74256,51.26321,,33.01361,38.77329,51.03112,,33.01361,36.49747,48.23944,,33.01333,38.88212,51.24613,,33.01389,38.88819,51.59965,,33.01333,37.69939,49.75151,,33.01361,29.60895,42.89138,,33.01361,40.18841,53.0113,,33.15528,40.64312,53.25216
33.15472,35.9165,48.77183,,33.15556,38.70095,51.10124,,33.15556,38.79815,51.03407,,33.15556,36.39033,48.27095,,33.155,38.82519,51.17335,,33.15556,38.88713,51.57823,,33.155,37.61961,49.57248,,33.15528,29.64521,43.05663,,33.155,40.19566,52.90222,,33.29667,40.65525,53.33813
33.29639,35.78755,48.81839,,33.29694,38.57234,51.18611,,33.29722,38.7046,50.93422,,33.29722,36.28353,48.08025,,33.29667,38.72901,51.05981,,33.2975,38.84086,51.6225,,33.29694,37.68154,49.58104,,33.29667,29.72887,42.83983,,33.29667,40.12545,52.68229,,33.43861,40.56252,53.24064
33.43778,35.82728,48.72872,,33.43861,38.68328,51.16898,,33.43833,38.74277,50.8703,,33.43889,36.34317,48.07101,,33.43861,38.80447,51.24259,,33.43917,38.78401,51.53439,,33.43833,37.54308,49.48627,,33.43833,29.72388,42.96105,,33.43833,40.24513,52.89568,,33.58,40.63159,53.19821
33.57972,35.82895,48.7633,,33.58056,38.68406,51.001,,33.58028,38.67644,50.93459,,33.58056,36.286,48.06747,,33.58,38.68267,51.00975,,33.58028,38.82654,51.50667,,33.57972,37.48389,49.28754,,33.58028,29.83505,43.21414,,33.58028,40.16337,52.8916,,33.72139,40.52078,53.22183
33.72139,35.76844,48.65312,,33.72194,38.62505,51.12109,,33.72167,38.6376,50.80532,,33.72222,36.21192,48.04258,,33.72167,38.71042,51.11534,,33.72194,38.72278,51.4103,,33.72167,37.49872,49.17863,,33.72167,29.73933,43.10755,,33.72167,40.20691,52.85423,,33.86306,40.54671,53.07975
33.86306,35.6383,48.48348,,33.86361,38.63705,50.90953,,33.86333,38.6871,50.88765,,33.86389,36.05682,47.88107,,33.86306,38.41216,50.98525,,33.86361,38.49217,51.45065,,33.86333,37.33522,49.23752,,33.86333,29.67783,43.04269,,33.86333,40.25234,53.03718,,34.005,40.45408,53.1824
34.00472,35.7477,48.59435,,34.005,38.52294,51.07539,,34.00528,38.62109,50.80899,,34.00528,36.05534,47.81715,,34.005,38.51244,51.07005,,34.00528,38.56081,51.27252,,34.005,37.1026,49.24547,,34.005,29.77883,43.12126,,34.005,40.23021,52.83666,,34.14639,40.4426,52.87471
34.14611,35.57086,48.61094,,34.14667,38.61335,51.03664,,34.14694,38.52328,50.76144,,34.14722,36.05812,47.73613,,34.14611,38.5867,50.96326,,34.14667,38.50643,51.15268,,34.14667,37.20192,49.00929,,34.14667,29.85193,42.94453,,34.14667,40.10063,52.87357,,34.28833,40.41074,53.05465
34.28778,35.15994,48.56358,,34.28833,38.51705,50.92506,,34.28833,38.54803,50.59311,,34.28889,35.99523,47.73045,,34.28778,38.55308,50.88289,,34.28833,38.5267,51.36501,,34.28833,37.18572,49.00027,,34.28833,29.80421,43.17143,,34.28861,39.91619,53.09118,,34.42972,40.39266,53.07446
34.42944,35.5551,48.3877,,34.43,38.45603,50.942,,34.43,38.52301,50.67377,,34.43028,35.94218,47.57671,,34.42944,38.39806,50.96955,,34.43,38.50755,51.33198,,34.42972,37.0451,49.0614,,34.42944,29.74691,43.17985,,34.43,40.21335,52.91267,,34.57111,40.2676,53.09846
34.57056,35.34439,48.3478,,34.57139,38.44785,50.88975,,34.57167,38.471,50.63884,,34.57194,35.7461,47.60575,,34.57111,38.47498,50.90967,,34.57167,38.36972,51.14747,,34.57111,37.05685,48.87458,,34.57111,29.84488,42.93718,,34.57167,40.15485,52.74668,,34.71278,40.27064,52.87961
34.71222,35.46603,48.31937,,34.71306,38.47833,50.79694,,34.71278,38.44943,50.6836,,34.85528,35.73275,47.44086,,34.7125,38.39153,50.74945,,34.71306,38.41631,51.03909,,34.71306,37.13083,48.88861,,34.71278,29.67337,43.10147,,34.71306,40.19038,52.78174,,34.85472,40.35198,52.96406
34.85389,35.36166,48.33405,,34.855,38.44853,50.84783,,34.85444,38.47294,50.62659,,34.99667,35.56733,47.49357,,34.85417,38.36533,50.71807,,34.85472,38.30494,51.2116,,34.85444,36.87507,48.8315,,34.85444,29.83905,43.1253,,34.855,40.16164,52.80069,,34.99639,40.25605,52.86221
34.99528,35.40236,48.35391,,34.99639,38.43127,50.82785,,34.99611,38.34727,50.59223,,35.13833,35.69193,47.37664,,34.99583,38.31234,50.85315,,34.99639,38.25917,51.02885,,34.99583,36.72872,48.61891,,34.99583,29.87345,43.40487,,34.99639,40.22489,53.00102,,35.13778,40.25172,52.82993
35.13694,35.27501,48.18771,,35.13806,38.37424,50.72582,,35.13778,38.23481,50.66708,,35.28,35.53477,47.26811,,35.1375,38.4071,50.79879,,35.13833,38.23489,51.00496,,35.1375,36.86575,48.50263,,35.1375,29.98708,43.09395,,35.13806,40.08656,52.85026,,35.27944,40.1935,52.93251
35.27861,35.32178,48.09347,,35.27972,38.38432,50.83409,,35.27917,38.32941,50.70844,,35.42139,35.52822,47.09078,,35.27917,38.30969,50.59987,,35.27972,38.27239,50.8432,,35.27917,36.67534,48.4849,,35.27917,29.83141,43.18466,,35.27972,39.89905,53.06193,,35.42139,40.16071,52.79358
35.42056,35.29198,48.12534,,35.42139,38.38961,50.88936,,35.42083,38.29942,50.65718,,35.56306,35.3204,47.25877,,35.42083,38.09803,50.52327,,35.42139,38.15236,51.05964,,35.42083,36.75464,48.51478,,35.42083,29.79547,43.39931,,35.42111,40.00174,52.92588,,35.5625,40.03509,52.87561
35.56194,35.23059,47.93196,,35.56306,38.34266,50.73727,,35.5625,38.34335,50.55795,,35.705,35.45005,47.21866,,35.5625,38.14076,50.47853,,35.56306,38.08718,50.92073,,35.56222,36.49715,48.42068,,35.56222,29.88924,43.15018,,35.56278,40.14287,52.89542,,35.70417,40.08269,52.66393
35.70361,35.2029,48.08528,,35.70472,38.29209,50.6309,,35.70444,38.17579,50.60787,,35.84639,35.38553,47.10192,,35.70417,38.11945,50.5372,,35.70472,38.10521,50.77496,,35.70389,36.55656,48.26946,,35.70417,29.82759,43.17766,,35.70472,40.23148,52.81437,,35.84583,40.07279,52.66009
35.84556,35.08534,48.05445,,35.84611,38.31924,50.72454,,35.84583,38.22236,50.54442,,35.98806,35.22365,47.05492,,35.84583,38.14337,50.69404,,35.84639,38.04394,50.77956,,35.84556,36.27414,48.37044,,35.84583,29.89847,43.23816,,35.84639,40.0833,52.88169,,35.98722,40.00393,52.57504
35.98722,35.0421,47.99227,,35.98806,38.32136,50.78556,,35.9875,38.18837,50.57833,,36.12972,35.17613,46.97573,,35.9875,38.12014,50.5282,,35.98778,37.88328,50.79882,,35.98722,36.41404,48.16735,,35.98722,29.84081,43.29289,,35.98778,40.09409,52.79306,,36.12889,40.03493,52.59559
36.12833,35.10058,47.87195,,36.12972,38.28944,50.65239,,36.12944,38.26488,50.36341,,36.27167,35.14319,47.04562,,36.12917,38.05497,50.46284,,36.12972,37.99718,50.73075,,36.12889,36.28731,48.18074,,36.12889,30.05268,43.19511,,36.12917,40.09646,52.8952,,36.27083,40.03917,52.50953
36.27028,34.93926,47.89357,,36.27083,38.23605,50.63508,,36.27083,38.1606,50.41664,,36.41306,35.17128,46.84271,,36.27056,37.89868,50.4295,,36.27139,37.84752,50.72708,,36.27083,36.22667,48.14823,,36.27056,29.8435,43.30441,,36.27083,40.10286,52.84693,,36.41222,39.92846,52.54396
36.41167,35.10479,47.70384,,36.4125,38.19044,50.73468,,36.4125,38.19714,50.45192,,36.55472,35.20339,46.82375,,36.41194,38.00412,50.61633,,36.41278,37.81351,50.79454,,36.41222,36.07207,48.04122,,36.41222,29.87953,43.15167,,36.4125,40.01453,52.76374,,36.55389,39.92879,52.53266
36.55361,34.84465,47.8762,,36.55417,38.20131,50.57095,,36.55389,38.18288,50.37262,,36.69639,34.95287,46.85112,,36.55361,37.91177,50.33724,,36.55444,37.87176,50.4448,,36.55361,36.11086,48.05629,,36.55389,29.97307,43.1649,,36.55417,39.99429,52.7683,,36.69583,39.8262,52.54558
36.695,34.82211,47.7387,,36.69556,38.15115,50.56442,,36.69583,38.12354,50.19079,,36.8375,34.84918,46.89471,,36.69528,37.82638,50.28599,,36.69583,37.81444,50.63694,,36.69556,36.02156,48.00484,,36.69528,30.06645,43.0174,,36.69556,40.23592,52.60531,,36.8375,39.76906,52.59071
36.83639,34.82538,47.77718,,36.83722,38.14553,50.4432,,36.8375,38.05786,50.14734,,36.97917,34.9162,46.52542,,36.83667,37.99615,50.27375,,36.8375,37.82791,50.43487,,36.83722,36.0134,47.79426,,36.83694,29.90956,43.41249,,36.8375,40.0757,52.7822,,36.97861,39.75543,52.38136
36.97806,34.90924,47.74306,,36.97889,38.29074,50.5294,,36.97917,38.05559,50.26223,,37.12083,34.85078,46.4643,,36.97833,37.7969,50.27555,,36.97889,37.74643,50.42194,,36.97889,35.88707,47.77857,,36.97889,29.98199,43.24426,,36.97917,39.96886,52.86304,,37.12028,39.35872,52.44031
37.11944,34.76882,47.65456,,37.12083,38.12243,50.52747,,37.12056,38.03585,50.17019,,37.2625,34.79923,46.59801,,37.12,37.77256,50.26881,,37.12056,37.72976,50.52076,,37.12028,35.94596,47.74366,,37.12,29.78222,43.52348,,37.12083,40.04423,52.84029,,37.26194,39.78003,52.44618
37.26111,34.79166,47.73276,,37.26222,38.13048,50.66333,,37.26194,38.26648,50.23749,,37.40389,34.78829,46.46164,,37.26139,37.78443,50.25914,,37.26222,37.53337,50.46499,,37.26194,35.87577,47.55806,,37.26167,30.05956,43.22661,,37.26222,40.02084,52.86591,,37.40389,39.61604,52.42086
37.40278,34.69402,47.74388,,37.40361,38.06289,50.51262,,37.40361,37.91721,50.09365,,37.54556,34.63711,46.40442,,37.40333,37.73234,50.22478,,37.40389,37.60246,50.51805,,37.40361,35.74406,47.67349,,37.40333,30.18036,43.2618,,37.40389,40.05598,52.68251,,37.545,39.71219,52.29231
37.54444,34.73371,47.55145,,37.54528,38.05815,50.67577,,37.545,37.97494,50.24616,,37.6875,34.64148,46.40349,,37.545,37.70209,50.17527,,37.54556,37.5763,50.32607,,37.545,35.71024,47.57351,,37.545,30.01371,43.29703,,37.54583,40.01638,52.78905,,37.68667,39.61876,52.30081
37.68583,34.72299,47.48059,,37.68694,38.05978,50.59216,,37.68667,37.95789,50.18219,,37.82889,34.63095,46.33377,,37.68667,37.66466,50.2636,,37.68722,37.54496,50.32693,,37.68639,35.75266,47.50542,,37.68639,30.08138,43.38068,,37.68722,40.06003,52.81587,,37.82833,39.55218,52.39121
37.8275,34.65394,47.37836,,37.82861,38.06282,50.38293,,37.82833,37.95356,50.20864,,37.97056,34.52216,46.29588,,37.82806,37.64483,50.10254,,37.82889,37.60873,50.21355,,37.82806,35.5499,47.53763,,37.82806,30.00356,43.38891,,37.82889,39.97717,52.75678,,37.96972,39.60522,52.25824
37.96917,34.63703,47.43569,,37.97028,38.00589,50.37763,,37.97,37.95437,50.30601,,38.11194,34.48211,46.26927,,37.96972,37.57851,50.0356,,37.97056,37.4731,50.18005,,37.96972,35.57116,47.54981,,37.96972,30.02216,43.17685,,37.97028,40.07395,52.7812,,38.11139,39.56578,52.20948
38.11083,34.56258,47.3385,,38.11167,37.98544,50.54257,,38.11139,37.86454,50.23479,,38.25361,34.44559,46.29185,,38.11167,37.52553,49.93163,,38.11194,37.40682,50.29577,,38.11139,35.43702,47.32916,,38.11167,30.04108,43.27403,,38.11194,40.08858,52.71393,,38.25306,39.51357,52.12701
38.2525,34.58785,47.26711,,38.25333,38.02694,50.45657,,38.25306,37.87625,50.18535,,38.39528,34.40266,46.14688,,38.25333,37.5129,50.0222,,38.25361,37.40608,50.20428,,38.25278,35.47642,47.26301,,38.25306,29.98979,43.19684,,38.25333,39.95834,52.76794,,38.395,39.4384,52.0658
38.39417,34.5064,47.41137,,38.395,37.93252,50.51373,,38.39472,37.82464,49.96135,,38.53694,34.278,46.00079,,38.39472,37.51032,49.92807,,38.395,37.41344,50.12794,,38.39444,35.42482,47.24619,,38.395,30.13121,43.41795,,38.395,39.94361,52.72692,,38.53639,39.46785,52.12242
38.53583,34.42815,47.40586,,38.53694,37.96001,50.39527,,38.53639,37.80853,50.01063,,38.67861,34.31737,45.93175,,38.53639,37.43261,49.97359,,38.53667,37.44585,50.07354,,38.53639,35.30898,47.21517,,38.53667,30.1131,43.46331,,38.53667,39.96683,52.6093,,38.67806,39.33086,52.08644
38.67722,34.4003,47.3418,,38.67833,37.90455,50.41214,,38.67806,37.86323,50.10729,,38.82028,34.25883,45.96342,,38.67778,37.37338,49.99368,,38.67833,37.03115,50.13576,,38.67778,35.25264,47.03103,,38.67806,30.02431,43.30433,,38.67806,40.04882,52.69393,,38.81972,39.39189,52.1764
38.81889,34.42043,47.31339,,38.82,37.8873,50.30456,,38.81944,37.70203,50.01537,,38.96194,34.25155,45.9346,,38.81944,37.41725,49.86028,,38.82,37.22855,50.08785,,38.81944,35.14668,47.1642,,38.81944,30.06331,43.44334,,38.82,40.04382,52.81852,,38.96111,39.37044,52.05057
38.96056,34.31429,47.22253,,38.96167,37.81355,50.38324,,38.96111,37.74094,50.01027,,39.10361,34.03748,45.97318,,38.96083,37.37139,49.94956,,38.96139,37.35492,50.08866,,38.96139,35.16093,46.95819,,38.96139,30.05112,43.32857,,38.96167,40.14122,52.66666,,39.10278,39.32318,51.98085
39.1025,34.29003,47.15959,,39.10306,37.822,50.26379,,39.10278,37.70845,49.94582,,39.24528,34.07898,45.91097,,39.1025,37.27143,49.82695,,39.10306,37.32259,50.00403,,39.10306,35.17924,47.02252,,39.10306,30.09593,43.31778,,39.10333,39.98982,52.74651,,39.24444,39.23133,51.86738
39.24389,34.32861,47.2287,,39.245,37.85024,50.45553,,39.24444,37.7098,50.03389,,39.38667,34.01944,45.77765,,39.24417,37.29656,49.71302,,39.24472,37.21331,50.01202,,39.24444,35.15422,47.04411,,39.24472,30.00963,43.2715,,39.245,40.02504,52.8167,,39.38611,39.24899,52.01299
39.38528,34.27279,47.17562,,39.38639,37.85999,50.26894,,39.38583,37.66823,49.84028,,39.52833,33.98001,45.93796,,39.38583,37.25641,49.75499,,39.38639,36.97215,50.05925,,39.38583,35.04581,46.84788,,39.38583,30.10467,43.43057,,39.38639,39.95521,52.76075,,39.52778,39.20237,51.89018
39.52694,34.17054,47.07908,,39.52778,37.89524,50.2045,,39.52778,37.62631,50.02867,,39.67028,33.87401,45.65944,,39.5275,37.36083,49.8126,,39.52806,36.98068,49.85756,,39.5275,35.00989,46.91065,,39.5275,30.04112,43.3293,,39.52806,39.99403,52.6676,,39.66944,39.18281,51.89478
39.66861,34.22991,47.12223,,39.66944,37.796,50.12805,,39.66917,37.58036,49.87547,,39.81167,33.90555,45.74649,,39.66889,37.09367,49.79448,,39.66944,36.98762,49.84885,,39.66889,34.79374,46.72789,,39.66917,30.12261,43.37304,,39.66972,40.00233,52.66484,,39.81083,39.08539,51.80284
39.81,34.14245,46.94666,,39.81139,37.76926,50.31155,,39.81083,37.61635,49.84008,,39.95333,33.92409,45.62066,,39.81056,37.3134,49.71763,,39.81111,36.93781,49.89035,,39.81056,34.80603,46.62286,,39.81056,30.06575,43.24783,,39.81139,39.98938,52.62583,,39.9525,39.18171,51.91013
39.95167,34.17851,46.92527,,39.95278,37.84611,50.2607,,39.95278,37.61971,49.96915,,40.095,33.93001,45.63859,,39.95222,37.29927,49.62406,,39.95306,37.07468,49.76124,,39.95222,34.88381,46.6757,,39.95222,30.21815,43.43137,,39.95306,39.94271,52.671,,40.09389,39.1092,51.70641
40.09361,34.06484,47.05742,,40.09444,37.77211,50.36331,,40.09389,37.54496,49.812,,40.23639,33.86439,45.4718,,40.09389,37.10348,49.70862,,40.09444,36.9417,49.81203,,40.09389,34.8143,46.64211,,40.09389,30.17137,43.35938,,40.09444,39.90486,52.73534,,40.23556,39.05709,51.74876
40.23528,34.12939,47.01075,,40.23611,37.62785,50.16738,,40.23583,37.5389,49.83768,,40.37778,33.7394,45.53163,,40.23556,37.09822,49.48696,,40.23611,36.9991,49.79766,,40.23528,34.73808,46.59141,,40.23556,30.13635,43.45728,,40.23611,39.98655,52.69335,,40.3775,38.95579,51.67522
40.37667,34.04176,46.72298,,40.37778,37.73221,50.27642,,40.51917,37.52566,49.89921,,40.51944,33.68018,45.34544,,40.37722,37.03841,49.5314,,40.37778,36.96629,49.70108,,40.37722,34.6437,46.42249,,40.37694,30.06392,43.31787,,40.37778,39.99846,52.68137,,40.51917,39.06913,51.90004
40.51833,33.94402,46.93533,,40.51944,37.81139,49.9697,,40.66056,37.56773,49.84345,,40.66139,33.59074,45.41489,,40.51917,37.06307,49.45953,,40.51944,36.76866,49.78015,,40.51917,34.57505,46.43881,,40.51861,30.09265,43.13949,,40.51972,39.97286,52.61601,,40.66083,38.99059,51.75118
40.66,33.93558,46.83285,,40.66056,37.72523,50.2126,,40.80222,37.46238,49.73407,,40.80278,33.57057,45.35662,,40.66056,37.03772,49.61053,,40.66111,36.8812,49.69753,,40.66056,34.53896,46.47772,,40.66028,30.12663,43.34066,,40.66083,40.01407,52.6064,,40.80222,38.92202,51.65831
40.80139,33.97589,46.88627,,40.80222,37.65102,50.18125,,40.94389,37.43382,49.76126,,40.94444,33.56265,45.26226,,40.80222,37.01354,49.39318,,40.80278,36.74205,49.65904,,40.80222,34.51063,46.38387,,40.80194,30.0486,43.46139,,40.80278,39.97062,52.55008,,40.94361,38.90183,51.55651
40.94333,33.8775,46.74691,,40.94389,37.63104,50.09923,,41.08528,37.407,49.70897,,41.08639,33.48583,45.20443,,40.94389,37.02047,49.41597,,40.94417,36.68623,49.55335,,40.94361,34.57271,46.35543,,40.94361,30.05034,43.34756,,40.94444,39.94313,52.55534,,41.08528,38.81469,51.71092
41.08444,33.92217,46.77475,,41.08583,37.58991,50.08286,,41.22694,37.49156,49.64842,,41.22778,33.51079,45.28032,,41.085,36.99716,49.42242,,41.08556,36.66647,49.65398,,41.08528,34.41327,46.22314,,41.08528,30.1056,43.45675,,41.08611,39.92973,52.74444,,41.22722,38.88553,51.55315
41.22639,33.95637,46.83248,,41.22722,37.67743,50.04972,,41.36861,37.44399,49.66033,,41.36917,33.3771,45.34018,,41.22667,36.85739,49.50113,,41.22722,36.7048,49.50769,,41.22694,34.45232,46.33785,,41.22667,30.15206,43.49255,,41.22722,39.98191,52.65155,,41.36861,38.80197,51.3919
41.36778,33.84854,46.66096,,41.36861,37.59335,50.24495,,41.51028,37.38541,49.69363,,41.51083,33.44373,45.19951,,41.36833,36.9019,49.28273,,41.36889,36.70602,49.52144,,41.36861,34.27323,46.17825,,41.36833,30.08926,43.35665,,41.36917,39.99903,52.69609,,41.51056,38.786,51.37312
41.50944,33.73452,46.61928,,41.51083,37.48027,50.11485,,41.65167,37.32152,49.52577,,41.6525,33.34106,45.13525,,41.51,36.98391,49.38078,,41.51056,36.5469,49.57715,,41.51,34.25713,46.02133,,41.51,30.1527,43.45839,,41.51056,39.87638,52.69326,,41.65222,38.79963,51.48037
41.65111,33.73787,46.63251,,41.65194,37.63168,50.13456,,41.79333,37.44164,49.55863,,41.79417,33.33174,45.11941,,41.65139,36.94892,49.30873,,41.65194,36.41296,49.43512,,41.65194,34.26603,46.19272,,41.65194,30.11946,43.41931,,41.65194,39.9736,52.65041,,41.79333,38.64769,51.44565
41.79278,33.74079,46.56012,,41.79361,37.58186,50.17514,,41.93528,37.33282,49.48216,,41.93556,33.26193,45.02724,,41.79306,36.86071,49.47544,,41.79389,36.71252,49.29842,,41.79361,34.25261,45.98125,,41.79333,30.2923,43.45185,,41.79361,39.93447,52.5409,,41.935,38.76024,51.3889
41.93444,33.64762,46.61995,,41.93528,37.49739,49.99151,,42.07694,37.29756,49.70085,,42.07722,33.1757,44.92149,,41.93472,36.64884,49.30783,,41.93556,36.54661,49.43972,,41.93528,34.24804,46.12732,,41.935,30.23488,43.28539,,41.93528,39.86675,52.57167,,42.07639,38.70761,51.45666
42.07583,33.77711,46.63214,,42.07667,37.49575,49.88979,,42.21833,37.3014,49.51102,,42.21889,33.12865,44.91562,,42.07639,36.82614,49.19906,,42.0775,36.56251,49.49569,,42.07639,34.04174,45.8907,,42.07667,30.13964,43.48139,,42.07694,40.08026,52.58345,,42.21833,38.61267,51.37957
42.2175,33.66206,46.49284,,42.21861,37.50584,49.9862,,42.36,37.31078,49.50564,,42.36083,33.77519,44.88597,,42.21806,36.66632,49.1619,,42.21889,36.49406,49.49354,,42.21806,34.03256,45.86507,,42.21833,30.30467,43.28135,,42.21861,40.0183,52.581,,42.36028,38.66478,51.31558
42.35917,33.67583,46.52296,,42.36028,37.49411,49.86186,,42.50167,37.19876,49.59262,,42.5025,33.16838,44.87069,,42.35972,36.73409,49.22511,,42.36028,36.5493,49.43723,,42.35972,33.97314,46.00605,,42.35972,30.17187,43.69142,,42.36028,39.76036,52.68126,,42.50139,38.61209,51.19266
42.50083,33.67409,46.52414,,42.50194,37.57292,50.01359,,42.64333,37.31716,49.4356,,42.64389,33.14582,44.87298,,42.50139,36.69232,49.22168,,42.50222,36.43501,49.31981,,42.50111,33.91373,45.78502,,42.50139,30.2167,43.35186,,42.50194,39.90933,52.62364,,42.64306,38.56391,51.30291
42.6425,33.62746,46.59193,,42.64361,37.46862,50.07325,,42.785,37.31483,49.47001,,42.78556,33.09476,44.85452,,42.64306,36.57563,49.10669,,42.64361,36.44782,49.31428,,42.64278,33.85021,45.76495,,42.64306,30.20258,43.44721,,42.64389,39.92034,52.53963,,42.78472,38.52065,51.22989
42.78417,33.57573,46.43654,,42.785,37.48446,49.88092,,42.92611,37.12919,49.44666,,42.92694,32.98779,44.77023,,42.78472,36.56339,49.10348,,42.78528,36.42353,49.15935,,42.78444,33.92731,45.7881,,42.785,30.18001,43.43587,,42.78528,39.90749,52.68816,,42.92639,38.47603,51.1571
42.92583,33.60354,46.4435,,42.92667,37.46247,49.96439,,43.06806,37.22449,49.4861,,43.06889,32.91103,44.68595,,42.92639,36.59021,49.06644,,42.92694,36.38358,49.35129,,42.92639,33.89443,45.69972,,42.92639,30.25615,43.44187,,42.92667,39.78469,52.72703,,43.06778,38.3993,51.15299
43.0675,33.46543,46.30622,,43.06861,37.4891,49.97312,,43.20972,37.13267,49.48092,,43.21056,32.90928,44.73938,,43.06806,36.37584,49.13945,,43.06861,36.28759,49.22879,,43.06778,33.86564,45.3807,,43.06778,30.21295,43.55212,,43.06861,39.8783,52.52026,,43.20944,38.47593,51.08813
43.20917,33.46502,46.34802,,43.21,37.4244,49.9395,,43.35139,37.21557,49.50047,,43.35194,32.91025,44.65079,,43.20944,36.49403,49.05117,,43.21,36.33847,49.28528,,43.20944,33.90069,45.4868,,43.20972,30.13243,43.51753,,43.21,39.90392,52.55844,,43.35139,38.31841,51.09211
43.35083,33.4504,46.38679,,43.35167,37.35385,49.81822,,43.49306,37.06949,49.39192,,43.49333,32.73959,44.57939,,43.35139,36.46801,49.16589,,43.35139,36.2617,49.23927,,43.35139,33.63557,45.49815,,43.35139,30.25333,43.33544,,43.35167,39.9435,52.51674,,43.49278,38.42457,51.01091
43.49222,33.36699,46.42658,,43.49306,37.31871,49.96325,,43.63444,37.06139,49.39553,,43.635,32.79693,44.49359,,43.49278,36.3987,48.90833,,43.49306,36.17546,49.19443,,43.49306,33.67194,45.63022,,43.4925,30.22099,43.51594,,43.49306,39.76869,52.60753,,43.63472,38.3732,51.09984
43.63361,33.51691,46.15857,,43.635,37.37837,49.90094,,43.77639,37.06882,49.26378,,43.77639,32.87594,44.53319,,43.63444,36.43384,48.98255,,43.63472,36.14047,49.03394,,43.63444,33.70009,45.50309,,43.63417,30.18202,43.50175,,43.63472,39.87728,52.62229,,43.77639,38.28823,50.98881
43.77528,33.43814,46.41989,,43.77667,37.38663,49.96181,,43.91806,37.05825,49.2026,,43.91806,32.67756,44.29935,,43.77583,36.46914,48.82274,,43.77611,36.26194,49.12721,,43.77611,33.61244,45.52522,,43.77583,30.18636,43.48625,,43.77639,39.99613,52.50311,,43.9175,38.28919,50.95194
43.91694,33.23097,46.29685,,43.91778,37.3164,49.80983,,44.05944,37.11759,49.09791,,44.05972,32.65677,44.3108,,43.91722,36.28914,48.80142,,43.91778,36.23265,49.04059,,43.9175,33.49758,45.4649,,43.91722,30.19831,43.50038,,43.91806,39.92229,52.48058,,44.05917,38.34396,51.02645
44.05833,33.39136,46.11994,,44.05944,37.33761,49.85627,,44.20083,37.06735,49.27816,,44.20139,32.64641,44.29783,,44.05889,36.28098,48.92599,,44.05972,36.11982,49.0017,,44.05889,33.44479,45.35097,,44.05889,30.1998,43.56771,,44.05944,39.66241,52.45717,,44.20083,38.23877,50.88618
44.2,33.26502,46.22531,,44.20111,37.32305,49.90561,,44.3425,36.98372,49.27608,,44.34306,32.57339,44.27415,,44.20056,36.40169,48.84316,,44.20139,36.06849,49.13678,,44.20056,33.43778,45.54305,,44.20056,30.23119,43.55967,,44.20111,39.86866,52.55789,,44.3425,38.18222,50.82546
44.34194,33.36,46.24628,,44.34278,37.36622,49.69476,,44.48389,36.93063,49.10676,,44.48472,32.49031,44.38832,,44.34194,36.52527,48.87949,,44.34278,36.1256,49.22311,,44.34222,33.30566,45.22489,,44.3425,30.287,43.49167,,44.34306,39.81976,52.59441,,44.48417,38.21982,50.95439
44.48361,33.24108,46.19249,,44.48417,37.23809,49.74161,,44.62556,37.01122,49.27042,,44.62639,32.513,44.16275,,44.48361,36.40857,48.82937,,44.48472,36.15511,48.95383,,44.48361,33.39972,45.13585,,44.48389,30.22573,43.42919,,44.48444,39.90555,52.54263,,44.62583,38.06417,50.79845
44.625,33.25054,46.10016,,44.62583,37.30381,49.8423,,44.76722,36.99229,49.19609,,44.76806,32.44844,44.22948,,44.62556,36.32285,48.87762,,44.62639,35.96058,48.953,,44.62556,33.39902,45.2626,,44.62556,30.16155,43.41674,,44.62583,39.8865,52.41915,,44.7675,38.05647,50.76452
44.76667,33.20937,46.06335,,44.7675,37.35363,49.75336,,44.90861,36.98163,49.25301,,44.90972,32.46795,44.22173,,44.76722,36.29464,48.75859,,44.76806,35.91849,48.95896,,44.76722,33.29165,45.10619,,44.76694,30.31445,43.63076,,44.7675,39.84386,52.49701,,44.90889,38.06932,50.67002
44.90833,33.30418,46.12857,,44.90917,37.24744,49.8448,,45.05056,36.90895,49.19139,,45.05111,32.37072,44.12537,,44.90861,36.23657,48.80054,,44.90944,35.9831,48.7387,,44.90889,33.27133,45.16538,,44.90889,30.14767,43.42158,,44.90917,39.81458,52.39338,,45.05056,38.00986,50.74783
45.05,33.20874,45.99071,,45.05056,37.1807,49.64461,,45.19222,36.95353,49.22761,,45.1925,32.41174,44.2999,,45.05028,36.14134,48.71821,,45.05111,35.79128,48.57279,,45.05028,33.14766,45.16442,,45.05056,30.35052,43.36231,,45.05056,39.9935,52.48345,,45.19222,38.02395,50.73751
45.19139,33.14372,46.0079,,45.19222,37.338,49.66532,,45.33361,36.87374,49.23988,,45.33417,32.30047,44.14597,,45.19222,36.11255,48.7143,,45.1925,35.66921,48.53129,,45.19222,33.07751,45.12454,,45.19194,30.1547,43.29648,,45.19222,39.90623,52.34215,,45.33389,38.03359,50.79339
45.33306,33.01939,46.07104,,45.33389,37.29353,49.66015,,45.47556,36.8773,49.13833,,45.47583,32.32862,44.13823,,45.33389,36.17179,48.66096,,45.33389,35.58595,48.43603,,45.33389,33.11985,45.11426,,45.33361,30.16989,43.36116,,45.33417,39.97125,52.39169,,45.47556,37.9879,50.82709
45.47472,33.05645,45.9344,,45.47556,37.19843,49.85454,,45.61694,36.94276,49.0871,,45.6175,32.1934,43.99746,,45.47528,36.07664,48.75403,,45.47556,35.66896,48.34175,,45.47556,33.08441,45.00159,,45.47556,30.289,43.35325,,45.47583,39.87833,52.58548,,45.61694,37.87982,50.62268
45.61639,33.04105,45.9039,,45.61722,37.22259,49.79886,,45.75861,36.79488,49.16077,,45.75889,32.17543,43.79571,,45.61667,36.18655,48.59219,,45.61722,35.6083,48.47039,,45.61694,33.07637,45.09738,,45.61694,30.27295,43.44359,,45.6175,39.94007,52.46554,,45.75833,37.86135,50.38437
45.75806,33.10591,45.86619,,45.75861,37.24162,49.81538,,45.90056,36.92593,48.93057,,45.90083,32.17852,43.91799,,45.75833,36.03258,48.55956,,45.75889,35.61981,48.39645,,45.75833,32.94161,44.9841,,45.75833,30.22219,43.56381,,45.75861,39.73293,52.50455,,45.90028,37.83288,50.59191
45.89944,32.93362,45.90731,,45.90028,37.17153,49.66289,,46.04222,37.0107,49.16925,,46.0425,32.16304,43.81987,,45.89972,36.09829,48.62627,,45.90056,35.50438,48.52793,,45.9,33.13726,44.87994,,45.90028,30.2008,43.5179,,45.90028,39.7603,52.31154,,46.04194,37.81508,50.57904
46.04083,32.96131,45.91755,,46.04194,37.20797,49.65707,,46.18361,36.81272,49.16964,,46.18389,32.10831,43.86902,,46.04139,36.06125,48.60176,,46.04194,35.48945,48.45063,,46.04194,32.98385,44.8501,,46.04167,30.15483,43.4679,,46.04222,40.03762,52.44896,,46.18361,37.75131,50.33283
46.18278,33.01797,45.94517,,46.18389,37.14518,49.69784,,46.32528,36.90134,49.18047,,46.32583,32.0346,43.89612,,46.18306,35.9713,48.54844,,46.18361,35.53829,48.44174,,46.18306,32.94377,44.81822,,46.18333,30.20444,43.51353,,46.18389,39.69057,52.39444,,46.32528,37.74336,50.36504
46.32444,32.91476,45.84797,,46.32528,37.14587,49.59762,,46.46667,36.7362,49.16093,,46.4675,32.05223,43.65062,,46.32472,35.98038,48.43189,,46.32528,35.58671,48.35585,,46.32472,32.98932,44.86342,,46.325,30.28901,43.49557,,46.32528,39.81972,52.34014,,46.46639,37.66717,50.26433
46.46611,32.91391,45.61841,,46.46694,37.054,49.56906,,46.60806,36.70256,49.12185,,46.60917,31.96833,43.84131,,46.46639,35.99951,48.45468,,46.46694,35.54386,48.32665,,46.46639,32.9828,44.78678,,46.46667,30.17242,43.57591,,46.46722,39.99696,52.39261,,46.60806,37.66833,50.34154
46.6075,32.91789,45.79007,,46.60861,37.09315,49.59988,,46.74972,36.72781,48.9974,,46.75056,31.95703,43.78803,,46.60778,35.93708,48.3204,,46.60833,35.32309,48.24823,,46.60806,32.97975,44.76153,,46.60833,30.18507,43.48444,,46.60861,39.80747,52.50183,,46.74972,37.61156,50.29843
46.74944,32.84722,45.65681,,46.75028,36.8673,49.55811,,46.89139,36.80326,49.09454,,46.89222,31.93138,43.72218,,46.74944,35.8639,48.42499,,46.75,35.46231,48.38621,,46.74972,32.90066,44.65446,,46.75,30.232,43.45307,,46.75056,39.77898,52.31177,,46.89167,37.54286,50.46452
46.89111,32.89592,45.67311,,46.89194,37.06152,49.47931,,47.03306,36.6946,48.90112,,47.03361,31.90794,43.74239,,46.89111,35.63891,48.61098,,46.89167,35.41582,48.06476,,46.89111,32.8565,44.64312,,46.89167,30.17407,43.36605,,46.89194,39.78622,52.55493,,47.03333,37.57294,50.3716
47.03278,32.85767,45.76421,,47.03361,37.015,49.6481,,47.17472,36.71475,48.90456,,47.17528,31.87185,43.61663,,47.03278,35.86681,48.3146,,47.03361,35.34938,48.26442,,47.03278,32.8031,44.59999,,47.03306,30.22404,43.58868,,47.03333,39.75763,52.43886,,47.175,37.61101,50.24902
47.17417,32.83462,45.64209,,47.17528,37.10427,49.50101,,47.31639,36.59583,48.89527,,47.31722,31.83741,43.50489,,47.17417,36.01578,48.54954,,47.175,35.31279,48.346,,47.17444,32.67917,44.53371,,47.17472,30.13701,43.36714,,47.17528,39.71075,52.33091,,47.31639,37.52107,50.38537
47.31556,32.73332,45.50382,,47.31639,37.01807,49.55084,,47.45806,36.73769,48.95028,,47.45861,31.7912,43.5547,,47.31583,35.77939,48.48259,,47.31667,35.3258,48.18139,,47.31583,32.76341,44.48234,,47.31611,30.29306,43.35237,,47.31694,39.74176,52.31314,,47.45778,37.5252,50.16389
47.45722,32.72619,45.58452,,47.45806,37.0175,49.38336,,47.59944,36.64865,48.92483,,47.60028,31.75118,43.53549,,47.45778,35.87221,48.32896,,47.45833,35.27198,48.11033,,47.4575,32.7643,44.54729,,47.45778,30.25735,43.47585,,47.45806,39.84271,52.3415,,47.59944,37.5325,50.01708
47.59861,32.7408,45.71296,,47.59972,37.05677,49.49133,,47.74139,36.68535,48.97765,,47.74167,31.91444,43.34081,,47.59944,35.73475,48.26619,,47.6,35.16839,48.01994,,47.59944,32.76904,44.59321,,47.59917,30.29889,43.33566,,47.59972,39.78912,52.33319,,47.74111,37.47708,50.08595
47.74028,32.68396,45.62755,,47.74139,36.92646,49.46679,,47.88278,36.56944,48.89186,,47.88333,31.67158,43.42894,,47.74083,35.84873,48.2689,,47.74139,35.16124,48.03921,,47.74111,32.69757,44.54666,,47.74083,30.08147,43.53347,,47.74139,39.75039,52.49887,,47.88278,37.47933,50.21044
47.88194,32.66909,45.50052,,47.88278,36.99693,49.45408,,48.02472,36.59347,48.88174,,48.02472,31.59715,43.47943,,47.8825,35.62952,48.24367,,47.88306,35.12124,48.16118,,47.8825,32.53176,44.52391,,47.8825,30.25197,43.53744,,47.88306,39.76921,52.48162,,48.02472,37.38387,50.14392
48.02361,32.64834,45.48897,,48.02472,37.03465,49.6471,,48.16611,36.51829,48.89248,,48.16639,31.6703,43.46613,,48.02417,35.71086,48.3545,,48.025,35.1794,47.96837,,48.02417,32.60248,44.40381,,48.02389,30.2443,43.44813,,48.02444,39.72426,52.34789,,48.16611,37.35462,49.98915
48.16528,32.612,45.5607,,48.16639,36.94255,49.44791,,48.30778,36.55277,48.88618,,48.30833,31.65597,43.51357,,48.16583,35.73919,48.28349,,48.16667,35.13154,48.03866,,48.16583,32.54833,44.55626,,48.16583,30.21438,43.40739,,48.16611,39.7349,52.33511,,48.3075,37.35789,50.18463
48.30694,32.5343,45.50855,,48.30806,36.94422,49.47215,,48.44944,36.55952,48.91605,,48.44972,31.62231,43.28384,,48.3075,35.57318,48.06473,,48.30806,35.15373,48.0565,,48.30778,32.48723,44.37205,,48.3075,30.20605,43.51133,,48.30778,39.73832,52.48907,,48.44889,37.40373,50.05552
48.44861,32.58441,45.4566,,48.44944,36.91314,49.34452,,48.59111,36.4992,48.78096,,48.59139,31.46836,43.27621,,48.44889,35.59573,48.17915,,48.44944,35.0889,48.13648,,48.44917,32.48553,44.28212,,48.44917,30.15357,43.56899,,48.44944,39.74282,52.29422,,48.59083,37.28184,50.11396
48.59056,32.54842,45.59,,48.59111,36.90206,49.43039,,48.73278,36.51843,48.75882,,48.73306,31.4949,43.26834,,48.59056,35.7034,48.1683,,48.59111,35.05014,47.94773,,48.59083,32.30151,44.26216,,48.59083,30.2286,43.4917,,48.59111,39.68323,52.34147,,48.7325,37.22898,50.06451
48.73194,32.61002,45.5202,,48.73278,36.92573,49.37773,,48.87389,36.40096,48.91001,,48.87472,31.52269,43.12399,,48.7325,35.40904,48.02622,,48.7325,35.11278,47.97286,,48.7325,32.52771,44.18462,,48.7325,30.20865,43.50474,,48.7325,39.71597,52.35108,,48.87389,37.18706,49.9531
48.87361,32.63586,45.59139,,48.87444,36.93539,49.39315,,,,,,,,,,48.87389,35.55815,48.23634,,48.87417,34.94422,47.90063,,,,,,48.87417,30.21263,43.54314,,48.87417,39.62873,52.43128,,,,
