Tipo,TOS [h],X_CH4 [%],X_CO2 [%]
REF_C2,25.08333,44.40903,56.40732
REF_C2,25.22444,43.55315,55.84426
REF_C2,25.36611,42.99698,55.40376
REF_C2,25.50778,42.50366,54.99131
REF_C2,25.64944,42.33335,54.66956
REF_C2,25.79111,42.00951,54.44247
REF_C2,25.93278,41.84874,54.27044
REF_C2,26.07444,41.23082,53.75364
REF_C2,26.21611,41.03949,53.66923
REF_C2,26.35778,40.72914,53.56964
REF_C2,26.49917,40.64812,53.28792
REF_C2,26.64083,40.53667,53.07096
REF_C2,26.78278,40.34213,53.01574
REF_C2,26.92417,40.2413,52.97101
REF_C2,27.06583,40.11669,52.71376
REF_C2,27.20722,39.53894,52.30503
REF_C2,27.34917,39.24564,51.98604
REF_C2,27.49083,38.80498,51.51665
REF_C2,27.63222,38.75413,51.42046
REF_C2,27.77361,38.64023,51.30809
REF_C2,27.91528,38.49954,51.29416
REF_C2,28.05667,38.38869,51.138
REF_C2,28.19833,38.32109,51.05253
REF_C2,28.34,38.20829,51.09469
REF_C2,28.48167,38.12669,50.79053
REF_C2,28.62306,38.0958,50.73907
REF_C2,28.765,37.94748,50.76824
REF_C2,28.90667,37.92283,50.51624
REF_C2,29.04833,37.87354,50.56957
REF_C2,29.18972,37.78328,50.58237
REF_C2,29.33139,37.56181,50.38907
REF_C2,29.47306,37.57369,50.31111
REF_C2,29.615,37.47304,50.16575
REF_C2,29.75611,37.38706,50.24919
REF_C2,29.89778,37.41214,50.17125
REF_C2,30.03972,37.18185,50.25459
REF_C2,30.18083,37.1441,50.00393
REF_C2,30.3225,37.10639,49.84897
REF_C2,30.46417,37.07954,49.86754
REF_C2,30.60611,36.88309,49.77547
REF_C2,30.74778,36.95125,49.63248
REF_C2,30.88889,36.8104,49.71364
REF_C2,31.03056,36.70269,49.67596
REF_C2,31.1725,36.65322,49.59752
REF_C2,31.31417,36.65825,49.44273
REF_C2,31.45556,36.54519,49.38892
REF_C2,31.59722,36.55301,49.31288
REF_C2,31.73889,36.38594,49.23972
REF_C2,31.88083,36.34916,49.21119
REF_C2,32.02194,36.39923,49.25057
REF_C2,32.16361,36.2898,49.09888
REF_C2,32.30556,36.22532,48.99851
REF_C2,32.44722,36.22631,49.09979
REF_C2,32.58861,36.13474,49.077
REF_C2,32.73028,36.10044,49.01958
REF_C2,32.87167,35.96664,48.95021
REF_C2,33.01306,36.00729,48.87543
REF_C2,33.15472,35.9165,48.77183
REF_C2,33.29639,35.78755,48.81839
REF_C2,33.43778,35.82728,48.72872
REF_C2,33.57972,35.82895,48.7633
REF_C2,33.72139,35.76844,48.65312
REF_C2,33.86306,35.6383,48.48348
REF_C2,34.00472,35.7477,48.59435
REF_C2,34.14611,35.57086,48.61094
REF_C2,34.28778,35.15994,48.56358
REF_C2,34.42944,35.5551,48.3877
REF_C2,34.57056,35.34439,48.3478
REF_C2,34.71222,35.46603,48.31937
REF_C2,34.85389,35.36166,48.33405
REF_C2,34.99528,35.40236,48.35391
REF_C2,35.13694,35.27501,48.18771
REF_C2,35.27861,35.32178,48.09347
REF_C2,35.42056,35.29198,48.12534
REF_C2,35.56194,35.23059,47.93196
REF_C2,35.70361,35.2029,48.08528
REF_C2,35.84556,35.08534,48.05445
REF_C2,35.98722,35.0421,47.99227
REF_C2,36.12833,35.10058,47.87195
REF_C2,36.27028,34.93926,47.89357
REF_C2,36.41167,35.10479,47.70384
REF_C2,36.55361,34.84465,47.8762
REF_C2,36.695,34.82211,47.7387
REF_C2,36.83639,34.82538,47.77718
REF_C2,36.97806,34.90924,47.74306
REF_C2,37.11944,34.76882,47.65456
REF_C2,37.26111,34.79166,47.73276
REF_C2,37.40278,34.69402,47.74388
REF_C2,37.54444,34.73371,47.55145
REF_C2,37.68583,34.72299,47.48059
REF_C2,37.8275,34.65394,47.37836
REF_C2,37.96917,34.63703,47.43569
REF_C2,38.11083,34.56258,47.3385
REF_C2,38.2525,34.58785,47.26711
REF_C2,38.39417,34.5064,47.41137
REF_C2,38.53583,34.42815,47.40586
REF_C2,38.67722,34.4003,47.3418
REF_C2,38.81889,34.42043,47.31339
REF_C2,38.96056,34.31429,47.22253
REF_C2,39.1025,34.29003,47.15959
REF_C2,39.24389,34.32861,47.2287
REF_C2,39.38528,34.27279,47.17562
REF_C2,39.52694,34.17054,47.07908
REF_C2,39.66861,34.22991,47.12223
REF_C2,39.81,34.14245,46.94666
REF_C2,39.95167,34.17851,46.92527
REF_C2,40.09361,34.06484,47.05742
REF_C2,40.23528,34.12939,47.01075
REF_C2,40.37667,34.04176,46.72298
REF_C2,40.51833,33.94402,46.93533
REF_C2,40.66,33.93558,46.83285
REF_C2,40.80139,33.97589,46.88627
REF_C2,40.94333,33.8775,46.74691
REF_C2,41.08444,33.92217,46.77475
REF_C2,41.22639,33.95637,46.83248
REF_C2,41.36778,33.84854,46.66096
REF_C2,41.50944,33.73452,46.61928
REF_C2,41.65111,33.73787,46.63251
REF_C2,41.79278,33.74079,46.56012
REF_C2,41.93444,33.64762,46.61995
REF_C2,42.07583,33.77711,46.63214
REF_C2,42.2175,33.66206,46.49284
REF_C2,42.35917,33.67583,46.52296
REF_C2,42.50083,33.67409,46.52414
REF_C2,42.6425,33.62746,46.59193
REF_C2,42.78417,33.57573,46.43654
REF_C2,42.92583,33.60354,46.4435
REF_C2,43.0675,33.46543,46.30622
REF_C2,43.20917,33.46502,46.34802
REF_C2,43.35083,33.4504,46.38679
REF_C2,43.49222,33.36699,46.42658
REF_C2,43.63361,33.51691,46.15857
REF_C2,43.77528,33.43814,46.41989
REF_C2,43.91694,33.23097,46.29685
REF_C2,44.05833,33.39136,46.11994
REF_C2,44.2,33.26502,46.22531
REF_C2,44.34194,33.36,46.24628
REF_C2,44.48361,33.24108,46.19249
REF_C2,44.625,33.25054,46.10016
REF_C2,44.76667,33.20937,46.06335
REF_C2,44.90833,33.30418,46.12857
REF_C2,45.05,33.20874,45.99071
REF_C2,45.19139,33.14372,46.0079
REF_C2,45.33306,33.01939,46.07104
REF_C2,45.47472,33.05645,45.9344
REF_C2,45.61639,33.04105,45.9039
REF_C2,45.75806,33.10591,45.86619
REF_C2,45.89944,32.93362,45.90731
REF_C2,46.04083,32.96131,45.91755
REF_C2,46.18278,33.01797,45.94517
REF_C2,46.32444,32.91476,45.84797
REF_C2,46.46611,32.91391,45.61841
REF_C2,46.6075,32.91789,45.79007
REF_C2,46.74944,32.84722,45.65681
REF_C2,46.89111,32.89592,45.67311
REF_C2,47.03278,32.85767,45.76421
REF_C2,47.17417,32.83462,45.64209
REF_C2,47.31556,32.73332,45.50382
REF_C2,47.45722,32.72619,45.58452
REF_C2,47.59861,32.7408,45.71296
REF_C2,47.74028,32.68396,45.62755
REF_C2,47.88194,32.66909,45.50052
REF_C2,48.02361,32.64834,45.48897
REF_C2,48.16528,32.612,45.5607
REF_C2,48.30694,32.5343,45.50855
REF_C2,48.44861,32.58441,45.4566
REF_C2,48.59056,32.54842,45.59
REF_C2,48.73194,32.61002,45.5202
REF_C2,48.87361,32.63586,45.59139
1Mn_C2,25.08333,42.24447,54.88195
1Mn_C2,25.22528,42.07005,54.2008
1Mn_C2,25.36694,41.82512,53.90868
1Mn_C2,25.50806,41.28918,53.47403
1Mn_C2,25.64972,40.67098,53.43391
1Mn_C2,25.79139,40.88819,53.02603
1Mn_C2,25.93333,40.73844,53.03674
1Mn_C2,26.07472,40.63879,53.07472
1Mn_C2,26.21639,40.51179,52.88247
1Mn_C2,26.35806,40.53082,52.90555
1Mn_C2,26.49972,40.46162,52.78079
1Mn_C2,26.64111,40.31358,52.66054
1Mn_C2,26.78306,40.21031,52.68562
1Mn_C2,26.92472,40.18723,52.44594
1Mn_C2,27.06583,40.14202,52.34828
1Mn_C2,27.2075,40.05347,52.46226
1Mn_C2,27.34917,39.97623,52.34391
1Mn_C2,27.49111,39.95956,52.30931
1Mn_C2,27.63222,40.12831,52.08421
1Mn_C2,27.77389,39.85245,52.14907
1Mn_C2,27.91556,39.87568,52.17293
1Mn_C2,28.05722,39.78357,52.19808
1Mn_C2,28.19861,39.78981,52.25813
1Mn_C2,28.34028,39.7663,52.1559
1Mn_C2,28.48194,39.60985,52.02968
1Mn_C2,28.62389,39.47594,51.98162
1Mn_C2,28.76556,39.6158,52.1448
1Mn_C2,28.90694,39.54223,52.01747
1Mn_C2,29.04889,39.62081,51.96099
1Mn_C2,29.19,39.46862,51.79298
1Mn_C2,29.33167,39.40035,51.89598
1Mn_C2,29.47333,39.41236,51.83501
1Mn_C2,29.615,39.37318,51.78203
1Mn_C2,29.75639,39.38186,51.91757
1Mn_C2,29.89806,39.34938,51.84801
1Mn_C2,30.03972,39.28239,51.72897
1Mn_C2,30.18139,39.2234,51.61704
1Mn_C2,30.32278,39.20732,51.61213
1Mn_C2,30.46444,39.27108,51.66218
1Mn_C2,30.60611,39.08145,51.59598
1Mn_C2,30.74778,39.24997,51.63124
1Mn_C2,30.88944,39.10883,51.42447
1Mn_C2,31.03111,39.00862,51.56565
1Mn_C2,31.17306,39.04316,51.48785
1Mn_C2,31.31417,39.02543,51.38035
1Mn_C2,31.45611,38.94095,51.32626
1Mn_C2,31.59778,39.01233,51.3152
1Mn_C2,31.73917,38.94082,51.28162
1Mn_C2,31.88111,38.91079,51.1612
1Mn_C2,32.0225,38.84408,51.34756
1Mn_C2,32.16389,38.87176,51.26915
1Mn_C2,32.30556,38.90061,51.14846
1Mn_C2,32.44722,38.80445,51.15097
1Mn_C2,32.58917,38.77964,51.22166
1Mn_C2,32.73083,38.70299,51.16925
1Mn_C2,32.87222,38.74792,51.06462
1Mn_C2,33.01389,38.74256,51.26321
1Mn_C2,33.15556,38.70095,51.10124
1Mn_C2,33.29694,38.57234,51.18611
1Mn_C2,33.43861,38.68328,51.16898
1Mn_C2,33.58056,38.68406,51.001
1Mn_C2,33.72194,38.62505,51.12109
1Mn_C2,33.86361,38.63705,50.90953
1Mn_C2,34.005,38.52294,51.07539
1Mn_C2,34.14667,38.61335,51.03664
1Mn_C2,34.28833,38.51705,50.92506
1Mn_C2,34.43,38.45603,50.942
1Mn_C2,34.57139,38.44785,50.88975
1Mn_C2,34.71306,38.47833,50.79694
1Mn_C2,34.855,38.44853,50.84783
1Mn_C2,34.99639,38.43127,50.82785
1Mn_C2,35.13806,38.37424,50.72582
1Mn_C2,35.27972,38.38432,50.83409
1Mn_C2,35.42139,38.38961,50.88936
1Mn_C2,35.56306,38.34266,50.73727
1Mn_C2,35.70472,38.29209,50.6309
1Mn_C2,35.84611,38.31924,50.72454
1Mn_C2,35.98806,38.32136,50.78556
1Mn_C2,36.12972,38.28944,50.65239
1Mn_C2,36.27083,38.23605,50.63508
1Mn_C2,36.4125,38.19044,50.73468
1Mn_C2,36.55417,38.20131,50.57095
1Mn_C2,36.69556,38.15115,50.56442
1Mn_C2,36.83722,38.14553,50.4432
1Mn_C2,36.97889,38.29074,50.5294
1Mn_C2,37.12083,38.12243,50.52747
1Mn_C2,37.26222,38.13048,50.66333
1Mn_C2,37.40361,38.06289,50.51262
1Mn_C2,37.54528,38.05815,50.67577
1Mn_C2,37.68694,38.05978,50.59216
1Mn_C2,37.82861,38.06282,50.38293
1Mn_C2,37.97028,38.00589,50.37763
1Mn_C2,38.11167,37.98544,50.54257
1Mn_C2,38.25333,38.02694,50.45657
1Mn_C2,38.395,37.93252,50.51373
1Mn_C2,38.53694,37.96001,50.39527
1Mn_C2,38.67833,37.90455,50.41214
1Mn_C2,38.82,37.8873,50.30456
1Mn_C2,38.96167,37.81355,50.38324
1Mn_C2,39.10306,37.822,50.26379
1Mn_C2,39.245,37.85024,50.45553
1Mn_C2,39.38639,37.85999,50.26894
1Mn_C2,39.52778,37.89524,50.2045
1Mn_C2,39.66944,37.796,50.12805
1Mn_C2,39.81139,37.76926,50.31155
1Mn_C2,39.95278,37.84611,50.2607
1Mn_C2,40.09444,37.77211,50.36331
1Mn_C2,40.23611,37.62785,50.16738
1Mn_C2,40.37778,37.73221,50.27642
1Mn_C2,40.51944,37.81139,49.9697
1Mn_C2,40.66056,37.72523,50.2126
1Mn_C2,40.80222,37.65102,50.18125
1Mn_C2,40.94389,37.63104,50.09923
1Mn_C2,41.08583,37.58991,50.08286
1Mn_C2,41.22722,37.67743,50.04972
1Mn_C2,41.36861,37.59335,50.24495
1Mn_C2,41.51083,37.48027,50.11485
1Mn_C2,41.65194,37.63168,50.13456
1Mn_C2,41.79361,37.58186,50.17514
1Mn_C2,41.93528,37.49739,49.99151
1Mn_C2,42.07667,37.49575,49.88979
1Mn_C2,42.21861,37.50584,49.9862
1Mn_C2,42.36028,37.49411,49.86186
1Mn_C2,42.50194,37.57292,50.01359
1Mn_C2,42.64361,37.46862,50.07325
1Mn_C2,42.785,37.48446,49.88092
1Mn_C2,42.92667,37.46247,49.96439
1Mn_C2,43.06861,37.4891,49.97312
1Mn_C2,43.21,37.4244,49.9395
1Mn_C2,43.35167,37.35385,49.81822
1Mn_C2,43.49306,37.31871,49.96325
1Mn_C2,43.635,37.37837,49.90094
1Mn_C2,43.77667,37.38663,49.96181
1Mn_C2,43.91778,37.3164,49.80983
1Mn_C2,44.05944,37.33761,49.85627
1Mn_C2,44.20111,37.32305,49.90561
1Mn_C2,44.34278,37.36622,49.69476
1Mn_C2,44.48417,37.23809,49.74161
1Mn_C2,44.62583,37.30381,49.8423
1Mn_C2,44.7675,37.35363,49.75336
1Mn_C2,44.90917,37.24744,49.8448
1Mn_C2,45.05056,37.1807,49.64461
1Mn_C2,45.19222,37.338,49.66532
1Mn_C2,45.33389,37.29353,49.66015
1Mn_C2,45.47556,37.19843,49.85454
1Mn_C2,45.61722,37.22259,49.79886
1Mn_C2,45.75861,37.24162,49.81538
1Mn_C2,45.90028,37.17153,49.66289
1Mn_C2,46.04194,37.20797,49.65707
1Mn_C2,46.18389,37.14518,49.69784
1Mn_C2,46.32528,37.14587,49.59762
1Mn_C2,46.46694,37.054,49.56906
1Mn_C2,46.60861,37.09315,49.59988
1Mn_C2,46.75028,36.8673,49.55811
1Mn_C2,46.89194,37.06152,49.47931
1Mn_C2,47.03361,37.015,49.6481
1Mn_C2,47.17528,37.10427,49.50101
1Mn_C2,47.31639,37.01807,49.55084
1Mn_C2,47.45806,37.0175,49.38336
1Mn_C2,47.59972,37.05677,49.49133
1Mn_C2,47.74139,36.92646,49.46679
1Mn_C2,47.88278,36.99693,49.45408
1Mn_C2,48.02472,37.03465,49.6471
1Mn_C2,48.16639,36.94255,49.44791
1Mn_C2,48.30806,36.94422,49.47215
1Mn_C2,48.44944,36.91314,49.34452
1Mn_C2,48.59111,36.90206,49.43039
1Mn_C2,48.73278,36.92573,49.37773
1Mn_C2,48.87444,36.93539,49.39315
0.5Mn_C2,25.08333,43.29112,55.73683
0.5Mn_C2,25.225,43.32815,55.22648
0.5Mn_C2,25.36694,43.01208,55.08252
0.5Mn_C2,25.50833,41.98774,54.64634
0.5Mn_C2,25.64972,42.09438,54.31184
0.5Mn_C2,25.79139,41.95456,54.05249
0.5Mn_C2,25.93306,41.81873,53.96652
0.5Mn_C2,26.07444,41.73061,53.96865
0.5Mn_C2,26.21611,41.60794,53.87092
0.5Mn_C2,26.35806,41.44178,53.69924
0.5Mn_C2,26.49972,41.48271,53.62497
0.5Mn_C2,26.64111,41.24368,53.5856
0.5Mn_C2,26.78278,41.2871,53.47232
0.5Mn_C2,26.92444,41.14587,53.39866
0.5Mn_C2,27.06611,41.03583,53.24255
0.5Mn_C2,27.20806,41.01684,53.24972
0.5Mn_C2,27.34944,41.04486,53.03396
0.5Mn_C2,27.49111,40.82998,53.12672
0.5Mn_C2,27.6325,40.76684,53.01383
0.5Mn_C2,27.77444,40.77845,53.05601
0.5Mn_C2,27.91583,40.67544,52.82949
0.5Mn_C2,28.05722,40.56574,52.75705
0.5Mn_C2,28.19889,40.57502,52.82113
0.5Mn_C2,28.34028,40.54974,52.68415
0.5Mn_C2,28.48194,40.48864,52.78796
0.5Mn_C2,28.62361,39.85114,52.10849
0.5Mn_C2,28.76528,39.91339,52.05817
0.5Mn_C2,28.90694,39.81982,52.06965
0.5Mn_C2,29.04833,39.7905,52.04745
0.5Mn_C2,29.19,39.73508,51.86612
0.5Mn_C2,29.33167,39.78703,51.81644
0.5Mn_C2,29.47333,39.67043,51.78747
0.5Mn_C2,29.615,39.6657,51.7775
0.5Mn_C2,29.75667,39.62197,51.73687
0.5Mn_C2,29.89806,39.48321,51.73543
0.5Mn_C2,30.03972,39.47263,51.68562
0.5Mn_C2,30.18167,39.44289,51.67409
0.5Mn_C2,30.32306,39.42488,51.71025
0.5Mn_C2,30.46444,39.31815,51.65598
0.5Mn_C2,30.60639,39.37349,51.58701
0.5Mn_C2,30.74778,39.24278,51.62734
0.5Mn_C2,30.88944,39.40554,51.61859
0.5Mn_C2,31.03111,39.32794,51.34281
0.5Mn_C2,31.1725,39.20583,51.55663
0.5Mn_C2,31.31472,39.12703,51.34468
0.5Mn_C2,31.45611,39.10895,51.3047
0.5Mn_C2,31.5975,39.14174,51.37157
0.5Mn_C2,31.73944,39.01717,51.28363
0.5Mn_C2,31.88111,39.19937,51.23796
0.5Mn_C2,32.0225,39.02504,51.25294
0.5Mn_C2,32.16417,38.9609,51.12132
0.5Mn_C2,32.30556,39.04002,51.26774
0.5Mn_C2,32.44722,38.90788,51.27619
0.5Mn_C2,32.58917,38.82989,51.18715
0.5Mn_C2,32.73028,38.86536,51.22661
0.5Mn_C2,32.87194,38.84401,50.98635
0.5Mn_C2,33.01361,38.77329,51.03112
0.5Mn_C2,33.15556,38.79815,51.03407
0.5Mn_C2,33.29722,38.7046,50.93422
0.5Mn_C2,33.43833,38.74277,50.8703
0.5Mn_C2,33.58028,38.67644,50.93459
0.5Mn_C2,33.72167,38.6376,50.80532
0.5Mn_C2,33.86333,38.6871,50.88765
0.5Mn_C2,34.00528,38.62109,50.80899
0.5Mn_C2,34.14694,38.52328,50.76144
0.5Mn_C2,34.28833,38.54803,50.59311
0.5Mn_C2,34.43,38.52301,50.67377
0.5Mn_C2,34.57167,38.471,50.63884
0.5Mn_C2,34.71278,38.44943,50.6836
0.5Mn_C2,34.85444,38.47294,50.62659
0.5Mn_C2,34.99611,38.34727,50.59223
0.5Mn_C2,35.13778,38.23481,50.66708
0.5Mn_C2,35.27917,38.32941,50.70844
0.5Mn_C2,35.42083,38.29942,50.65718
0.5Mn_C2,35.5625,38.34335,50.55795
0.5Mn_C2,35.70444,38.17579,50.60787
0.5Mn_C2,35.84583,38.22236,50.54442
0.5Mn_C2,35.9875,38.18837,50.57833
0.5Mn_C2,36.12944,38.26488,50.36341
0.5Mn_C2,36.27083,38.1606,50.41664
0.5Mn_C2,36.4125,38.19714,50.45192
0.5Mn_C2,36.55389,38.18288,50.37262
0.5Mn_C2,36.69583,38.12354,50.19079
0.5Mn_C2,36.8375,38.05786,50.14734
0.5Mn_C2,36.97917,38.05559,50.26223
0.5Mn_C2,37.12056,38.03585,50.17019
0.5Mn_C2,37.26194,38.26648,50.23749
0.5Mn_C2,37.40361,37.91721,50.09365
0.5Mn_C2,37.545,37.97494,50.24616
0.5Mn_C2,37.68667,37.95789,50.18219
0.5Mn_C2,37.82833,37.95356,50.20864
0.5Mn_C2,37.97,37.95437,50.30601
0.5Mn_C2,38.11139,37.86454,50.23479
0.5Mn_C2,38.25306,37.87625,50.18535
0.5Mn_C2,38.39472,37.82464,49.96135
0.5Mn_C2,38.53639,37.80853,50.01063
0.5Mn_C2,38.67806,37.86323,50.10729
0.5Mn_C2,38.81944,37.70203,50.01537
0.5Mn_C2,38.96111,37.74094,50.01027
0.5Mn_C2,39.10278,37.70845,49.94582
0.5Mn_C2,39.24444,37.7098,50.03389
0.5Mn_C2,39.38583,37.66823,49.84028
0.5Mn_C2,39.52778,37.62631,50.02867
0.5Mn_C2,39.66917,37.58036,49.87547
0.5Mn_C2,39.81083,37.61635,49.84008
0.5Mn_C2,39.95278,37.61971,49.96915
0.5Mn_C2,40.09389,37.54496,49.812
0.5Mn_C2,40.23583,37.5389,49.83768
0.5Mn_C2,40.51917,37.52566,49.89921
0.5Mn_C2,40.66056,37.56773,49.84345
0.5Mn_C2,40.80222,37.46238,49.73407
0.5Mn_C2,40.94389,37.43382,49.76126
0.5Mn_C2,41.08528,37.407,49.70897
0.5Mn_C2,41.22694,37.49156,49.64842
0.5Mn_C2,41.36861,37.44399,49.66033
0.5Mn_C2,41.51028,37.38541,49.69363
0.5Mn_C2,41.65167,37.32152,49.52577
0.5Mn_C2,41.79333,37.44164,49.55863
0.5Mn_C2,41.93528,37.33282,49.48216
0.5Mn_C2,42.07694,37.29756,49.70085
0.5Mn_C2,42.21833,37.3014,49.51102
0.5Mn_C2,42.36,37.31078,49.50564
0.5Mn_C2,42.50167,37.19876,49.59262
0.5Mn_C2,42.64333,37.31716,49.4356
0.5Mn_C2,42.785,37.31483,49.47001
0.5Mn_C2,42.92611,37.12919,49.44666
0.5Mn_C2,43.06806,37.22449,49.4861
0.5Mn_C2,43.20972,37.13267,49.48092
0.5Mn_C2,43.35139,37.21557,49.50047
0.5Mn_C2,43.49306,37.06949,49.39192
0.5Mn_C2,43.63444,37.06139,49.39553
0.5Mn_C2,43.77639,37.06882,49.26378
0.5Mn_C2,43.91806,37.05825,49.2026
0.5Mn_C2,44.05944,37.11759,49.09791
0.5Mn_C2,44.20083,37.06735,49.27816
0.5Mn_C2,44.3425,36.98372,49.27608
0.5Mn_C2,44.48389,36.93063,49.10676
0.5Mn_C2,44.62556,37.01122,49.27042
0.5Mn_C2,44.76722,36.99229,49.19609
0.5Mn_C2,44.90861,36.98163,49.25301
0.5Mn_C2,45.05056,36.90895,49.19139
0.5Mn_C2,45.19222,36.95353,49.22761
0.5Mn_C2,45.33361,36.87374,49.23988
0.5Mn_C2,45.47556,36.8773,49.13833
0.5Mn_C2,45.61694,36.94276,49.0871
0.5Mn_C2,45.75861,36.79488,49.16077
0.5Mn_C2,45.90056,36.92593,48.93057
0.5Mn_C2,46.04222,37.0107,49.16925
0.5Mn_C2,46.18361,36.81272,49.16964
0.5Mn_C2,46.32528,36.90134,49.18047
0.5Mn_C2,46.46667,36.7362,49.16093
0.5Mn_C2,46.60806,36.70256,49.12185
0.5Mn_C2,46.74972,36.72781,48.9974
0.5Mn_C2,46.89139,36.80326,49.09454
0.5Mn_C2,47.03306,36.6946,48.90112
0.5Mn_C2,47.17472,36.71475,48.90456
0.5Mn_C2,47.31639,36.59583,48.89527
0.5Mn_C2,47.45806,36.73769,48.95028
0.5Mn_C2,47.59944,36.64865,48.92483
0.5Mn_C2,47.74139,36.68535,48.97765
0.5Mn_C2,47.88278,36.56944,48.89186
0.5Mn_C2,48.02472,36.59347,48.88174
0.5Mn_C2,48.16611,36.51829,48.89248
0.5Mn_C2,48.30778,36.55277,48.88618
0.5Mn_C2,48.44944,36.55952,48.91605
0.5Mn_C2,48.59111,36.4992,48.78096
0.5Mn_C2,48.73278,36.51843,48.75882
0.5Mn_C2,48.87389,36.40096,48.91001
0.25Mn_C2,25.08333,43.28118,54.08771
0.25Mn_C2,25.225,42.58152,53.90021
0.25Mn_C2,25.36667,42.28302,53.78126
0.25Mn_C2,25.50806,41.67204,53.34275
0.25Mn_C2,25.65,41.45846,53.04933
0.25Mn_C2,25.79167,41.26713,52.73584
0.25Mn_C2,25.93333,41.17058,52.5661
0.25Mn_C2,26.075,40.85012,52.64334
0.25Mn_C2,26.21611,40.69826,52.2044
0.25Mn_C2,26.35806,40.52751,52.40225
0.25Mn_C2,26.49972,40.3709,52.00281
0.25Mn_C2,26.64139,39.90369,51.45233
0.25Mn_C2,26.78306,39.79004,51.57432
0.25Mn_C2,26.92444,39.59328,51.30046
0.25Mn_C2,27.06611,39.54794,51.23775
0.25Mn_C2,27.2075,39.4428,51.0007
0.25Mn_C2,27.34917,39.41068,51.01001
0.25Mn_C2,27.49083,39.37274,51.02838
0.25Mn_C2,27.6325,39.20376,50.79768
0.25Mn_C2,27.77389,39.1125,50.76182
0.25Mn_C2,27.91556,39.01405,50.62106
0.25Mn_C2,28.05722,38.93573,50.53483
0.25Mn_C2,28.19889,38.80362,50.55161
0.25Mn_C2,28.34028,38.73019,50.46023
0.25Mn_C2,28.48194,38.62761,50.47221
0.25Mn_C2,28.62389,38.51772,50.24666
0.25Mn_C2,28.76556,38.49184,50.07555
0.25Mn_C2,28.90722,38.29772,50.00097
0.25Mn_C2,29.04889,38.34716,50.07129
0.25Mn_C2,29.19,38.18416,50.03618
0.25Mn_C2,29.33167,38.22511,49.89486
0.25Mn_C2,29.47333,37.81377,49.79384
0.25Mn_C2,29.615,37.97623,49.8468
0.25Mn_C2,29.75639,37.99962,49.72662
0.25Mn_C2,29.89806,37.79106,49.6762
0.25Mn_C2,30.03972,37.77847,49.54628
0.25Mn_C2,30.18139,37.76036,49.68956
0.25Mn_C2,30.32278,37.6899,49.37428
0.25Mn_C2,30.46444,37.60591,49.47133
0.25Mn_C2,30.60667,37.49303,49.33232
0.25Mn_C2,30.74806,37.49552,49.33891
0.25Mn_C2,30.88972,37.43615,49.36767
0.25Mn_C2,31.03111,37.34186,49.15787
0.25Mn_C2,31.1725,37.30188,49.02614
0.25Mn_C2,31.31417,37.31539,48.98057
0.25Mn_C2,31.45583,37.13986,48.85164
0.25Mn_C2,31.59778,37.08625,48.92619
0.25Mn_C2,31.73917,36.98072,48.97877
0.25Mn_C2,31.88083,37.08166,48.74661
0.25Mn_C2,32.0225,36.8715,48.81077
0.25Mn_C2,32.16389,36.84264,48.6585
0.25Mn_C2,32.30583,36.726,48.5784
0.25Mn_C2,32.4475,36.7332,48.44879
0.25Mn_C2,32.58917,36.68069,48.43005
0.25Mn_C2,32.73028,36.58509,48.4512
0.25Mn_C2,32.87194,36.57717,48.24076
0.25Mn_C2,33.01361,36.49747,48.23944
0.25Mn_C2,33.15556,36.39033,48.27095
0.25Mn_C2,33.29722,36.28353,48.08025
0.25Mn_C2,33.43889,36.34317,48.07101
0.25Mn_C2,33.58056,36.286,48.06747
0.25Mn_C2,33.72222,36.21192,48.04258
0.25Mn_C2,33.86389,36.05682,47.88107
0.25Mn_C2,34.00528,36.05534,47.81715
0.25Mn_C2,34.14722,36.05812,47.73613
0.25Mn_C2,34.28889,35.99523,47.73045
0.25Mn_C2,34.43028,35.94218,47.57671
0.25Mn_C2,34.57194,35.7461,47.60575
0.25Mn_C2,34.85528,35.73275,47.44086
0.25Mn_C2,34.99667,35.56733,47.49357
0.25Mn_C2,35.13833,35.69193,47.37664
0.25Mn_C2,35.28,35.53477,47.26811
0.25Mn_C2,35.42139,35.52822,47.09078
0.25Mn_C2,35.56306,35.3204,47.25877
0.25Mn_C2,35.705,35.45005,47.21866
0.25Mn_C2,35.84639,35.38553,47.10192
0.25Mn_C2,35.98806,35.22365,47.05492
0.25Mn_C2,36.12972,35.17613,46.97573
0.25Mn_C2,36.27167,35.14319,47.04562
0.25Mn_C2,36.41306,35.17128,46.84271
0.25Mn_C2,36.55472,35.20339,46.82375
0.25Mn_C2,36.69639,34.95287,46.85112
0.25Mn_C2,36.8375,34.84918,46.89471
0.25Mn_C2,36.97917,34.9162,46.52542
0.25Mn_C2,37.12083,34.85078,46.4643
0.25Mn_C2,37.2625,34.79923,46.59801
0.25Mn_C2,37.40389,34.78829,46.46164
0.25Mn_C2,37.54556,34.63711,46.40442
0.25Mn_C2,37.6875,34.64148,46.40349
0.25Mn_C2,37.82889,34.63095,46.33377
0.25Mn_C2,37.97056,34.52216,46.29588
0.25Mn_C2,38.11194,34.48211,46.26927
0.25Mn_C2,38.25361,34.44559,46.29185
0.25Mn_C2,38.39528,34.40266,46.14688
0.25Mn_C2,38.53694,34.278,46.00079
0.25Mn_C2,38.67861,34.31737,45.93175
0.25Mn_C2,38.82028,34.25883,45.96342
0.25Mn_C2,38.96194,34.25155,45.9346
0.25Mn_C2,39.10361,34.03748,45.97318
0.25Mn_C2,39.24528,34.07898,45.91097
0.25Mn_C2,39.38667,34.01944,45.77765
0.25Mn_C2,39.52833,33.98001,45.93796
0.25Mn_C2,39.67028,33.87401,45.65944
0.25Mn_C2,39.81167,33.90555,45.74649
0.25Mn_C2,39.95333,33.92409,45.62066
0.25Mn_C2,40.095,33.93001,45.63859
0.25Mn_C2,40.23639,33.86439,45.4718
0.25Mn_C2,40.37778,33.7394,45.53163
0.25Mn_C2,40.51944,33.68018,45.34544
0.25Mn_C2,40.66139,33.59074,45.41489
0.25Mn_C2,40.80278,33.57057,45.35662
0.25Mn_C2,40.94444,33.56265,45.26226
0.25Mn_C2,41.08639,33.48583,45.20443
0.25Mn_C2,41.22778,33.51079,45.28032
0.25Mn_C2,41.36917,33.3771,45.34018
0.25Mn_C2,41.51083,33.44373,45.19951
0.25Mn_C2,41.6525,33.34106,45.13525
0.25Mn_C2,41.79417,33.33174,45.11941
0.25Mn_C2,41.93556,33.26193,45.02724
0.25Mn_C2,42.07722,33.1757,44.92149
0.25Mn_C2,42.21889,33.12865,44.91562
0.25Mn_C2,42.36083,33.77519,44.88597
0.25Mn_C2,42.5025,33.16838,44.87069
0.25Mn_C2,42.64389,33.14582,44.87298
0.25Mn_C2,42.78556,33.09476,44.85452
0.25Mn_C2,42.92694,32.98779,44.77023
0.25Mn_C2,43.06889,32.91103,44.68595
0.25Mn_C2,43.21056,32.90928,44.73938
0.25Mn_C2,43.35194,32.91025,44.65079
0.25Mn_C2,43.49333,32.73959,44.57939
0.25Mn_C2,43.635,32.79693,44.49359
0.25Mn_C2,43.77639,32.87594,44.53319
0.25Mn_C2,43.91806,32.67756,44.29935
0.25Mn_C2,44.05972,32.65677,44.3108
0.25Mn_C2,44.20139,32.64641,44.29783
0.25Mn_C2,44.34306,32.57339,44.27415
0.25Mn_C2,44.48472,32.49031,44.38832
0.25Mn_C2,44.62639,32.513,44.16275
0.25Mn_C2,44.76806,32.44844,44.22948
0.25Mn_C2,44.90972,32.46795,44.22173
0.25Mn_C2,45.05111,32.37072,44.12537
0.25Mn_C2,45.1925,32.41174,44.2999
0.25Mn_C2,45.33417,32.30047,44.14597
0.25Mn_C2,45.47583,32.32862,44.13823
0.25Mn_C2,45.6175,32.1934,43.99746
0.25Mn_C2,45.75889,32.17543,43.79571
0.25Mn_C2,45.90083,32.17852,43.91799
0.25Mn_C2,46.0425,32.16304,43.81987
0.25Mn_C2,46.18389,32.10831,43.86902
0.25Mn_C2,46.32583,32.0346,43.89612
0.25Mn_C2,46.4675,32.05223,43.65062
0.25Mn_C2,46.60917,31.96833,43.84131
0.25Mn_C2,46.75056,31.95703,43.78803
0.25Mn_C2,46.89222,31.93138,43.72218
0.25Mn_C2,47.03361,31.90794,43.74239
0.25Mn_C2,47.17528,31.87185,43.61663
0.25Mn_C2,47.31722,31.83741,43.50489
0.25Mn_C2,47.45861,31.7912,43.5547
0.25Mn_C2,47.60028,31.75118,43.53549
0.25Mn_C2,47.74167,31.91444,43.34081
0.25Mn_C2,47.88333,31.67158,43.42894
0.25Mn_C2,48.02472,31.59715,43.47943
0.25Mn_C2,48.16639,31.6703,43.46613
0.25Mn_C2,48.30833,31.65597,43.51357
0.25Mn_C2,48.44972,31.62231,43.28384
0.25Mn_C2,48.59139,31.46836,43.27621
0.25Mn_C2,48.73306,31.4949,43.26834
0.25Mn_C2,48.87472,31.52269,43.12399
1Cr_C2,25.08333,44.75297,56.86301
1Cr_C2,25.225,44.50768,56.57496
1Cr_C2,25.36639,44.0769,56.26086
1Cr_C2,25.50833,43.83258,56.13399
1Cr_C2,25.64972,43.59219,55.907
1Cr_C2,25.79139,43.56218,55.64973
1Cr_C2,25.93306,42.9805,55.2452
1Cr_C2,26.07444,42.82256,55.28078
1Cr_C2,26.21611,42.89234,55.08897
1Cr_C2,26.3575,42.68156,54.99969
1Cr_C2,26.49917,42.60599,54.9196
1Cr_C2,26.64083,42.53755,54.71686
1Cr_C2,26.78222,42.30611,54.53566
1Cr_C2,26.92417,42.25025,54.61654
1Cr_C2,27.06583,41.99591,54.27836
1Cr_C2,27.2075,42.02793,54.03057
1Cr_C2,27.34889,41.77102,53.99852
1Cr_C2,27.49083,41.63082,53.93572
1Cr_C2,27.6325,41.60141,53.97359
1Cr_C2,27.77417,40.87656,53.28666
1Cr_C2,27.91556,40.85732,53.1479
1Cr_C2,28.05694,40.414,53.00971
1Cr_C2,28.19861,40.56975,52.98002
1Cr_C2,28.34056,40.63998,52.96797
1Cr_C2,28.48167,40.58046,53.00295
1Cr_C2,28.62361,40.49914,52.83109
1Cr_C2,28.76528,40.54256,52.65764
1Cr_C2,28.90694,40.36972,52.73959
1Cr_C2,29.04806,40.25618,52.57385
1Cr_C2,29.18972,40.30704,52.56018
1Cr_C2,29.33167,40.25239,52.45544
1Cr_C2,29.47333,40.36605,52.51687
1Cr_C2,29.61444,40.10005,52.36424
1Cr_C2,29.75639,40.04788,52.39689
1Cr_C2,29.89806,39.85141,52.26653
1Cr_C2,30.03972,39.90955,52.26086
1Cr_C2,30.18111,39.99601,52.24275
1Cr_C2,30.32278,39.79749,52.19931
1Cr_C2,30.46472,39.8354,52.09173
1Cr_C2,30.60639,39.61572,52.08119
1Cr_C2,30.74778,39.6603,51.99714
1Cr_C2,30.88944,39.5597,51.98231
1Cr_C2,31.03111,39.53538,52.04995
1Cr_C2,31.1725,39.51268,51.82911
1Cr_C2,31.31444,39.35103,51.73731
1Cr_C2,31.45583,39.43324,51.84579
1Cr_C2,31.5975,39.41797,51.78436
1Cr_C2,31.73889,39.2655,51.56229
1Cr_C2,31.88056,39.21189,51.60508
1Cr_C2,32.02194,39.16123,51.62355
1Cr_C2,32.16361,39.08526,51.59787
1Cr_C2,32.30528,39.11123,51.54332
1Cr_C2,32.44667,39.02224,51.37164
1Cr_C2,32.58833,38.96616,51.48625
1Cr_C2,32.73,39.01535,51.44642
1Cr_C2,32.87194,38.94373,51.38977
1Cr_C2,33.01333,38.88212,51.24613
1Cr_C2,33.155,38.82519,51.17335
1Cr_C2,33.29667,38.72901,51.05981
1Cr_C2,33.43861,38.80447,51.24259
1Cr_C2,33.58,38.68267,51.00975
1Cr_C2,33.72167,38.71042,51.11534
1Cr_C2,33.86306,38.41216,50.98525
1Cr_C2,34.005,38.51244,51.07005
1Cr_C2,34.14611,38.5867,50.96326
1Cr_C2,34.28778,38.55308,50.88289
1Cr_C2,34.42944,38.39806,50.96955
1Cr_C2,34.57111,38.47498,50.90967
1Cr_C2,34.7125,38.39153,50.74945
1Cr_C2,34.85417,38.36533,50.71807
1Cr_C2,34.99583,38.31234,50.85315
1Cr_C2,35.1375,38.4071,50.79879
1Cr_C2,35.27917,38.30969,50.59987
1Cr_C2,35.42083,38.09803,50.52327
1Cr_C2,35.5625,38.14076,50.47853
1Cr_C2,35.70417,38.11945,50.5372
1Cr_C2,35.84583,38.14337,50.69404
1Cr_C2,35.9875,38.12014,50.5282
1Cr_C2,36.12917,38.05497,50.46284
1Cr_C2,36.27056,37.89868,50.4295
1Cr_C2,36.41194,38.00412,50.61633
1Cr_C2,36.55361,37.91177,50.33724
1Cr_C2,36.69528,37.82638,50.28599
1Cr_C2,36.83667,37.99615,50.27375
1Cr_C2,36.97833,37.7969,50.27555
1Cr_C2,37.12,37.77256,50.26881
1Cr_C2,37.26139,37.78443,50.25914
1Cr_C2,37.40333,37.73234,50.22478
1Cr_C2,37.545,37.70209,50.17527
1Cr_C2,37.68667,37.66466,50.2636
1Cr_C2,37.82806,37.64483,50.10254
1Cr_C2,37.96972,37.57851,50.0356
1Cr_C2,38.11167,37.52553,49.93163
1Cr_C2,38.25333,37.5129,50.0222
1Cr_C2,38.39472,37.51032,49.92807
1Cr_C2,38.53639,37.43261,49.97359
1Cr_C2,38.67778,37.37338,49.99368
1Cr_C2,38.81944,37.41725,49.86028
1Cr_C2,38.96083,37.37139,49.94956
1Cr_C2,39.1025,37.27143,49.82695
1Cr_C2,39.24417,37.29656,49.71302
1Cr_C2,39.38583,37.25641,49.75499
1Cr_C2,39.5275,37.36083,49.8126
1Cr_C2,39.66889,37.09367,49.79448
1Cr_C2,39.81056,37.3134,49.71763
1Cr_C2,39.95222,37.29927,49.62406
1Cr_C2,40.09389,37.10348,49.70862
1Cr_C2,40.23556,37.09822,49.48696
1Cr_C2,40.37722,37.03841,49.5314
1Cr_C2,40.51917,37.06307,49.45953
1Cr_C2,40.66056,37.03772,49.61053
1Cr_C2,40.80222,37.01354,49.39318
1Cr_C2,40.94389,37.02047,49.41597
1Cr_C2,41.085,36.99716,49.42242
1Cr_C2,41.22667,36.85739,49.50113
1Cr_C2,41.36833,36.9019,49.28273
1Cr_C2,41.51,36.98391,49.38078
1Cr_C2,41.65139,36.94892,49.30873
1Cr_C2,41.79306,36.86071,49.47544
1Cr_C2,41.93472,36.64884,49.30783
1Cr_C2,42.07639,36.82614,49.19906
1Cr_C2,42.21806,36.66632,49.1619
1Cr_C2,42.35972,36.73409,49.22511
1Cr_C2,42.50139,36.69232,49.22168
1Cr_C2,42.64306,36.57563,49.10669
1Cr_C2,42.78472,36.56339,49.10348
1Cr_C2,42.92639,36.59021,49.06644
1Cr_C2,43.06806,36.37584,49.13945
1Cr_C2,43.20944,36.49403,49.05117
1Cr_C2,43.35139,36.46801,49.16589
1Cr_C2,43.49278,36.3987,48.90833
1Cr_C2,43.63444,36.43384,48.98255
1Cr_C2,43.77583,36.46914,48.82274
1Cr_C2,43.91722,36.28914,48.80142
1Cr_C2,44.05889,36.28098,48.92599
1Cr_C2,44.20056,36.40169,48.84316
1Cr_C2,44.34194,36.52527,48.87949
1Cr_C2,44.48361,36.40857,48.82937
1Cr_C2,44.62556,36.32285,48.87762
1Cr_C2,44.76722,36.29464,48.75859
1Cr_C2,44.90861,36.23657,48.80054
1Cr_C2,45.05028,36.14134,48.71821
1Cr_C2,45.19222,36.11255,48.7143
1Cr_C2,45.33389,36.17179,48.66096
1Cr_C2,45.47528,36.07664,48.75403
1Cr_C2,45.61667,36.18655,48.59219
1Cr_C2,45.75833,36.03258,48.55956
1Cr_C2,45.89972,36.09829,48.62627
1Cr_C2,46.04139,36.06125,48.60176
1Cr_C2,46.18306,35.9713,48.54844
1Cr_C2,46.32472,35.98038,48.43189
1Cr_C2,46.46639,35.99951,48.45468
1Cr_C2,46.60778,35.93708,48.3204
1Cr_C2,46.74944,35.8639,48.42499
1Cr_C2,46.89111,35.63891,48.61098
1Cr_C2,47.03278,35.86681,48.3146
1Cr_C2,47.17417,36.01578,48.54954
1Cr_C2,47.31583,35.77939,48.48259
1Cr_C2,47.45778,35.87221,48.32896
1Cr_C2,47.59944,35.73475,48.26619
1Cr_C2,47.74083,35.84873,48.2689
1Cr_C2,47.8825,35.62952,48.24367
1Cr_C2,48.02417,35.71086,48.3545
1Cr_C2,48.16583,35.73919,48.28349
1Cr_C2,48.3075,35.57318,48.06473
1Cr_C2,48.44889,35.59573,48.17915
1Cr_C2,48.59056,35.7034,48.1683
1Cr_C2,48.7325,35.40904,48.02622
1Cr_C2,48.87389,35.55815,48.23634
0.5Cr_C2,25.08333,46.03023,58.23562
0.5Cr_C2,25.22528,45.3263,57.8244
0.5Cr_C2,25.36694,44.90746,57.1543
0.5Cr_C2,25.50833,44.54202,57.07088
0.5Cr_C2,25.65,44.30809,56.76695
0.5Cr_C2,25.79194,43.70744,56.22708
0.5Cr_C2,25.93306,43.26592,55.77729
0.5Cr_C2,26.07472,43.13875,55.54636
0.5Cr_C2,26.21639,42.55437,55.24307
0.5Cr_C2,26.35778,42.31887,55.00842
0.5Cr_C2,26.49944,42.30799,54.84762
0.5Cr_C2,26.64111,42.17001,54.82137
0.5Cr_C2,26.78278,42.11677,54.64764
0.5Cr_C2,26.92444,41.75934,54.5544
0.5Cr_C2,27.06583,41.70407,54.45642
0.5Cr_C2,27.2075,41.76852,54.25809
0.5Cr_C2,27.34917,41.61664,54.29022
0.5Cr_C2,27.49111,41.62314,54.06098
0.5Cr_C2,27.6325,41.51449,54.07274
0.5Cr_C2,27.77444,41.23644,53.93797
0.5Cr_C2,27.91583,41.13064,53.96132
0.5Cr_C2,28.05722,41.01354,53.86108
0.5Cr_C2,28.19917,41.12867,53.80134
0.5Cr_C2,28.34083,40.87211,53.76929
0.5Cr_C2,28.4825,40.86383,53.71816
0.5Cr_C2,28.62361,40.95176,53.54856
0.5Cr_C2,28.76528,40.73758,53.39091
0.5Cr_C2,28.90694,40.7074,53.43321
0.5Cr_C2,29.04833,40.34012,53.36243
0.5Cr_C2,29.19,40.38733,53.2761
0.5Cr_C2,29.33167,40.41201,53.1123
0.5Cr_C2,29.47333,40.38562,53.08332
0.5Cr_C2,29.615,40.38384,53.05137
0.5Cr_C2,29.75667,40.39747,52.89352
0.5Cr_C2,29.89806,40.18864,52.85156
0.5Cr_C2,30.03972,40.07754,52.75863
0.5Cr_C2,30.18167,40.13601,52.69633
0.5Cr_C2,30.32333,40.018,52.58011
0.5Cr_C2,30.46472,40.01104,52.63855
0.5Cr_C2,30.60639,39.76419,52.55916
0.5Cr_C2,30.74806,39.77828,52.54277
0.5Cr_C2,30.88944,39.62399,52.45444
0.5Cr_C2,31.03111,39.55778,52.36043
0.5Cr_C2,31.17278,39.51705,52.39064
0.5Cr_C2,31.31472,39.54553,52.38459
0.5Cr_C2,31.45639,39.37336,52.22075
0.5Cr_C2,31.59806,39.51843,52.11017
0.5Cr_C2,31.73944,39.35684,52.09282
0.5Cr_C2,31.88111,39.26332,51.97973
0.5Cr_C2,32.0225,39.31148,51.98356
0.5Cr_C2,32.16417,39.25144,52.01539
0.5Cr_C2,32.30583,39.16609,51.87928
0.5Cr_C2,32.4475,39.04867,51.9751
0.5Cr_C2,32.58889,38.91219,51.80258
0.5Cr_C2,32.73083,39.03577,51.75447
0.5Cr_C2,32.8725,38.94322,51.71472
0.5Cr_C2,33.01389,38.88819,51.59965
0.5Cr_C2,33.15556,38.88713,51.57823
0.5Cr_C2,33.2975,38.84086,51.6225
0.5Cr_C2,33.43917,38.78401,51.53439
0.5Cr_C2,33.58028,38.82654,51.50667
0.5Cr_C2,33.72194,38.72278,51.4103
0.5Cr_C2,33.86361,38.49217,51.45065
0.5Cr_C2,34.00528,38.56081,51.27252
0.5Cr_C2,34.14667,38.50643,51.15268
0.5Cr_C2,34.28833,38.5267,51.36501
0.5Cr_C2,34.43,38.50755,51.33198
0.5Cr_C2,34.57167,38.36972,51.14747
0.5Cr_C2,34.71306,38.41631,51.03909
0.5Cr_C2,34.85472,38.30494,51.2116
0.5Cr_C2,34.99639,38.25917,51.02885
0.5Cr_C2,35.13833,38.23489,51.00496
0.5Cr_C2,35.27972,38.27239,50.8432
0.5Cr_C2,35.42139,38.15236,51.05964
0.5Cr_C2,35.56306,38.08718,50.92073
0.5Cr_C2,35.70472,38.10521,50.77496
0.5Cr_C2,35.84639,38.04394,50.77956
0.5Cr_C2,35.98778,37.88328,50.79882
0.5Cr_C2,36.12972,37.99718,50.73075
0.5Cr_C2,36.27139,37.84752,50.72708
0.5Cr_C2,36.41278,37.81351,50.79454
0.5Cr_C2,36.55444,37.87176,50.4448
0.5Cr_C2,36.69583,37.81444,50.63694
0.5Cr_C2,36.8375,37.82791,50.43487
0.5Cr_C2,36.97889,37.74643,50.42194
0.5Cr_C2,37.12056,37.72976,50.52076
0.5Cr_C2,37.26222,37.53337,50.46499
0.5Cr_C2,37.40389,37.60246,50.51805
0.5Cr_C2,37.54556,37.5763,50.32607
0.5Cr_C2,37.68722,37.54496,50.32693
0.5Cr_C2,37.82889,37.60873,50.21355
0.5Cr_C2,37.97056,37.4731,50.18005
0.5Cr_C2,38.11194,37.40682,50.29577
0.5Cr_C2,38.25361,37.40608,50.20428
0.5Cr_C2,38.395,37.41344,50.12794
0.5Cr_C2,38.53667,37.44585,50.07354
0.5Cr_C2,38.67833,37.03115,50.13576
0.5Cr_C2,38.82,37.22855,50.08785
0.5Cr_C2,38.96139,37.35492,50.08866
0.5Cr_C2,39.10306,37.32259,50.00403
0.5Cr_C2,39.24472,37.21331,50.01202
0.5Cr_C2,39.38639,36.97215,50.05925
0.5Cr_C2,39.52806,36.98068,49.85756
0.5Cr_C2,39.66944,36.98762,49.84885
0.5Cr_C2,39.81111,36.93781,49.89035
0.5Cr_C2,39.95306,37.07468,49.76124
0.5Cr_C2,40.09444,36.9417,49.81203
0.5Cr_C2,40.23611,36.9991,49.79766
0.5Cr_C2,40.37778,36.96629,49.70108
0.5Cr_C2,40.51944,36.76866,49.78015
0.5Cr_C2,40.66111,36.8812,49.69753
0.5Cr_C2,40.80278,36.74205,49.65904
0.5Cr_C2,40.94417,36.68623,49.55335
0.5Cr_C2,41.08556,36.66647,49.65398
0.5Cr_C2,41.22722,36.7048,49.50769
0.5Cr_C2,41.36889,36.70602,49.52144
0.5Cr_C2,41.51056,36.5469,49.57715
0.5Cr_C2,41.65194,36.41296,49.43512
0.5Cr_C2,41.79389,36.71252,49.29842
0.5Cr_C2,41.93556,36.54661,49.43972
0.5Cr_C2,42.0775,36.56251,49.49569
0.5Cr_C2,42.21889,36.49406,49.49354
0.5Cr_C2,42.36028,36.5493,49.43723
0.5Cr_C2,42.50222,36.43501,49.31981
0.5Cr_C2,42.64361,36.44782,49.31428
0.5Cr_C2,42.78528,36.42353,49.15935
0.5Cr_C2,42.92694,36.38358,49.35129
0.5Cr_C2,43.06861,36.28759,49.22879
0.5Cr_C2,43.21,36.33847,49.28528
0.5Cr_C2,43.35139,36.2617,49.23927
0.5Cr_C2,43.49306,36.17546,49.19443
0.5Cr_C2,43.63472,36.14047,49.03394
0.5Cr_C2,43.77611,36.26194,49.12721
0.5Cr_C2,43.91778,36.23265,49.04059
0.5Cr_C2,44.05972,36.11982,49.0017
0.5Cr_C2,44.20139,36.06849,49.13678
0.5Cr_C2,44.34278,36.1256,49.22311
0.5Cr_C2,44.48472,36.15511,48.95383
0.5Cr_C2,44.62639,35.96058,48.953
0.5Cr_C2,44.76806,35.91849,48.95896
0.5Cr_C2,44.90944,35.9831,48.7387
0.5Cr_C2,45.05111,35.79128,48.57279
0.5Cr_C2,45.1925,35.66921,48.53129
0.5Cr_C2,45.33389,35.58595,48.43603
0.5Cr_C2,45.47556,35.66896,48.34175
0.5Cr_C2,45.61722,35.6083,48.47039
0.5Cr_C2,45.75889,35.61981,48.39645
0.5Cr_C2,45.90056,35.50438,48.52793
0.5Cr_C2,46.04194,35.48945,48.45063
0.5Cr_C2,46.18361,35.53829,48.44174
0.5Cr_C2,46.32528,35.58671,48.35585
0.5Cr_C2,46.46694,35.54386,48.32665
0.5Cr_C2,46.60833,35.32309,48.24823
0.5Cr_C2,46.75,35.46231,48.38621
0.5Cr_C2,46.89167,35.41582,48.06476
0.5Cr_C2,47.03361,35.34938,48.26442
0.5Cr_C2,47.175,35.31279,48.346
0.5Cr_C2,47.31667,35.3258,48.18139
0.5Cr_C2,47.45833,35.27198,48.11033
0.5Cr_C2,47.6,35.16839,48.01994
0.5Cr_C2,47.74139,35.16124,48.03921
0.5Cr_C2,47.88306,35.12124,48.16118
0.5Cr_C2,48.025,35.1794,47.96837
0.5Cr_C2,48.16667,35.13154,48.03866
0.5Cr_C2,48.30806,35.15373,48.0565
0.5Cr_C2,48.44944,35.0889,48.13648
0.5Cr_C2,48.59111,35.05014,47.94773
0.5Cr_C2,48.7325,35.11278,47.97286
0.5Cr_C2,48.87417,34.94422,47.90063
0.25Cr_C2,25.08333,44.83843,55.97412
0.25Cr_C2,25.225,44.52675,55.98804
0.25Cr_C2,25.36694,44.13637,55.82029
0.25Cr_C2,25.50833,43.83806,55.77806
0.25Cr_C2,25.64972,43.78517,55.27999
0.25Cr_C2,25.79111,43.50059,55.17745
0.25Cr_C2,25.93278,43.33305,55.24601
0.25Cr_C2,26.07444,42.8178,54.48344
0.25Cr_C2,26.21639,42.58878,54.41643
0.25Cr_C2,26.35778,42.42975,54.18207
0.25Cr_C2,26.49944,41.96649,53.74342
0.25Cr_C2,26.64111,41.86779,53.68296
0.25Cr_C2,26.78278,41.86335,53.56085
0.25Cr_C2,26.92417,41.84618,53.44643
0.25Cr_C2,27.06611,41.55239,53.24767
0.25Cr_C2,27.2075,41.40615,53.28714
0.25Cr_C2,27.34917,41.35751,53.18188
0.25Cr_C2,27.49056,41.14216,52.90926
0.25Cr_C2,27.63222,41.12135,53.0354
0.25Cr_C2,27.77389,40.93724,52.76443
0.25Cr_C2,27.91528,40.77734,52.65055
0.25Cr_C2,28.05694,40.75672,52.6782
0.25Cr_C2,28.19861,40.72617,52.52784
0.25Cr_C2,28.34028,40.64707,52.49256
0.25Cr_C2,28.48194,40.51666,52.33901
0.25Cr_C2,28.62389,40.4447,52.32575
0.25Cr_C2,28.76528,40.22421,52.12287
0.25Cr_C2,28.90667,40.31985,52.12415
0.25Cr_C2,29.04833,40.21288,51.98968
0.25Cr_C2,29.19,40.03959,51.92509
0.25Cr_C2,29.33139,39.92154,51.84797
0.25Cr_C2,29.47306,39.81507,51.78132
0.25Cr_C2,29.61472,39.689,51.6288
0.25Cr_C2,29.75639,39.68789,51.54274
0.25Cr_C2,29.89806,39.5459,51.40326
0.25Cr_C2,30.03972,39.50514,51.37123
0.25Cr_C2,30.18139,39.35067,51.20168
0.25Cr_C2,30.32278,39.23775,51.24417
0.25Cr_C2,30.46472,39.25506,51.14663
0.25Cr_C2,30.60611,39.15088,51.0112
0.25Cr_C2,30.74778,39.10904,50.86423
0.25Cr_C2,30.88944,38.91548,50.78014
0.25Cr_C2,31.03111,38.91127,50.7335
0.25Cr_C2,31.1725,38.85438,50.56838
0.25Cr_C2,31.31417,38.80475,50.65279
0.25Cr_C2,31.45611,38.59783,50.67477
0.25Cr_C2,31.59722,38.49384,50.56033
0.25Cr_C2,31.73889,38.46549,50.3024
0.25Cr_C2,31.88056,38.53705,50.28779
0.25Cr_C2,32.02194,38.32103,50.34495
0.25Cr_C2,32.16361,38.18179,50.21675
0.25Cr_C2,32.30528,38.14059,49.98526
0.25Cr_C2,32.44694,38.02829,49.90212
0.25Cr_C2,32.58861,37.97187,49.95582
0.25Cr_C2,32.73056,37.97834,49.86688
0.25Cr_C2,32.87167,37.94617,49.70638
0.25Cr_C2,33.01333,37.69939,49.75151
0.25Cr_C2,33.155,37.61961,49.57248
0.25Cr_C2,33.29694,37.68154,49.58104
0.25Cr_C2,33.43833,37.54308,49.48627
0.25Cr_C2,33.57972,37.48389,49.28754
0.25Cr_C2,33.72167,37.49872,49.17863
0.25Cr_C2,33.86333,37.33522,49.23752
0.25Cr_C2,34.005,37.1026,49.24547
0.25Cr_C2,34.14667,37.20192,49.00929
0.25Cr_C2,34.28833,37.18572,49.00027
0.25Cr_C2,34.42972,37.0451,49.0614
0.25Cr_C2,34.57111,37.05685,48.87458
0.25Cr_C2,34.71306,37.13083,48.88861
0.25Cr_C2,34.85444,36.87507,48.8315
0.25Cr_C2,34.99583,36.72872,48.61891
0.25Cr_C2,35.1375,36.86575,48.50263
0.25Cr_C2,35.27917,36.67534,48.4849
0.25Cr_C2,35.42083,36.75464,48.51478
0.25Cr_C2,35.56222,36.49715,48.42068
0.25Cr_C2,35.70389,36.55656,48.26946
0.25Cr_C2,35.84556,36.27414,48.37044
0.25Cr_C2,35.98722,36.41404,48.16735
0.25Cr_C2,36.12889,36.28731,48.18074
0.25Cr_C2,36.27083,36.22667,48.14823
0.25Cr_C2,36.41222,36.07207,48.04122
0.25Cr_C2,36.55361,36.11086,48.05629
0.25Cr_C2,36.69556,36.02156,48.00484
0.25Cr_C2,36.83722,36.0134,47.79426
0.25Cr_C2,36.97889,35.88707,47.77857
0.25Cr_C2,37.12028,35.94596,47.74366
0.25Cr_C2,37.26194,35.87577,47.55806
0.25Cr_C2,37.40361,35.74406,47.67349
0.25Cr_C2,37.545,35.71024,47.57351
0.25Cr_C2,37.68639,35.75266,47.50542
0.25Cr_C2,37.82806,35.5499,47.53763
0.25Cr_C2,37.96972,35.57116,47.54981
0.25Cr_C2,38.11139,35.43702,47.32916
0.25Cr_C2,38.25278,35.47642,47.26301
0.25Cr_C2,38.39444,35.42482,47.24619
0.25Cr_C2,38.53639,35.30898,47.21517
0.25Cr_C2,38.67778,35.25264,47.03103
0.25Cr_C2,38.81944,35.14668,47.1642
0.25Cr_C2,38.96139,35.16093,46.95819
0.25Cr_C2,39.10306,35.17924,47.02252
0.25Cr_C2,39.24444,35.15422,47.04411
0.25Cr_C2,39.38583,35.04581,46.84788
0.25Cr_C2,39.5275,35.00989,46.91065
0.25Cr_C2,39.66889,34.79374,46.72789
0.25Cr_C2,39.81056,34.80603,46.62286
0.25Cr_C2,39.95222,34.88381,46.6757
0.25Cr_C2,40.09389,34.8143,46.64211
0.25Cr_C2,40.23528,34.73808,46.59141
0.25Cr_C2,40.37722,34.6437,46.42249
0.25Cr_C2,40.51917,34.57505,46.43881
0.25Cr_C2,40.66056,34.53896,46.47772
0.25Cr_C2,40.80222,34.51063,46.38387
0.25Cr_C2,40.94361,34.57271,46.35543
0.25Cr_C2,41.08528,34.41327,46.22314
0.25Cr_C2,41.22694,34.45232,46.33785
0.25Cr_C2,41.36861,34.27323,46.17825
0.25Cr_C2,41.51,34.25713,46.02133
0.25Cr_C2,41.65194,34.26603,46.19272
0.25Cr_C2,41.79361,34.25261,45.98125
0.25Cr_C2,41.93528,34.24804,46.12732
0.25Cr_C2,42.07639,34.04174,45.8907
0.25Cr_C2,42.21806,34.03256,45.86507
0.25Cr_C2,42.35972,33.97314,46.00605
0.25Cr_C2,42.50111,33.91373,45.78502
0.25Cr_C2,42.64278,33.85021,45.76495
0.25Cr_C2,42.78444,33.92731,45.7881
0.25Cr_C2,42.92639,33.89443,45.69972
0.25Cr_C2,43.06778,33.86564,45.3807
0.25Cr_C2,43.20944,33.90069,45.4868
0.25Cr_C2,43.35139,33.63557,45.49815
0.25Cr_C2,43.49306,33.67194,45.63022
0.25Cr_C2,43.63444,33.70009,45.50309
0.25Cr_C2,43.77611,33.61244,45.52522
0.25Cr_C2,43.9175,33.49758,45.4649
0.25Cr_C2,44.05889,33.44479,45.35097
0.25Cr_C2,44.20056,33.43778,45.54305
0.25Cr_C2,44.34222,33.30566,45.22489
0.25Cr_C2,44.48361,33.39972,45.13585
0.25Cr_C2,44.62556,33.39902,45.2626
0.25Cr_C2,44.76722,33.29165,45.10619
0.25Cr_C2,44.90889,33.27133,45.16538
0.25Cr_C2,45.05028,33.14766,45.16442
0.25Cr_C2,45.19222,33.07751,45.12454
0.25Cr_C2,45.33389,33.11985,45.11426
0.25Cr_C2,45.47556,33.08441,45.00159
0.25Cr_C2,45.61694,33.07637,45.09738
0.25Cr_C2,45.75833,32.94161,44.9841
0.25Cr_C2,45.9,33.13726,44.87994
0.25Cr_C2,46.04194,32.98385,44.8501
0.25Cr_C2,46.18306,32.94377,44.81822
0.25Cr_C2,46.32472,32.98932,44.86342
0.25Cr_C2,46.46639,32.9828,44.78678
0.25Cr_C2,46.60806,32.97975,44.76153
0.25Cr_C2,46.74972,32.90066,44.65446
0.25Cr_C2,46.89111,32.8565,44.64312
0.25Cr_C2,47.03278,32.8031,44.59999
0.25Cr_C2,47.17444,32.67917,44.53371
0.25Cr_C2,47.31583,32.76341,44.48234
0.25Cr_C2,47.4575,32.7643,44.54729
0.25Cr_C2,47.59944,32.76904,44.59321
0.25Cr_C2,47.74111,32.69757,44.54666
0.25Cr_C2,47.8825,32.53176,44.52391
0.25Cr_C2,48.02417,32.60248,44.40381
0.25Cr_C2,48.16583,32.54833,44.55626
0.25Cr_C2,48.30778,32.48723,44.37205
0.25Cr_C2,48.44917,32.48553,44.28212
0.25Cr_C2,48.59083,32.30151,44.26216
0.25Cr_C2,48.7325,32.52771,44.18462
1Fe_C2,25.08333,16.97895,29.31245
1Fe_C2,25.225,20.5015,33.36813
1Fe_C2,25.36667,21.86308,34.83828
1Fe_C2,25.50833,23.66055,36.78566
1Fe_C2,25.65,24.15164,37.61229
1Fe_C2,25.79167,25.05419,38.72276
1Fe_C2,25.93278,25.39092,38.77226
1Fe_C2,26.07444,25.75806,39.10238
1Fe_C2,26.21611,25.92774,39.59765
1Fe_C2,26.35778,26.12386,39.78837
1Fe_C2,26.49917,26.49489,39.79298
1Fe_C2,26.64083,26.64162,40.08851
1Fe_C2,26.7825,26.80948,40.10348
1Fe_C2,26.92444,26.92166,40.25805
1Fe_C2,27.06583,27.00411,40.34948
1Fe_C2,27.2075,27.35465,40.71038
1Fe_C2,27.34944,27.64254,40.97905
1Fe_C2,27.49111,27.71822,40.99903
1Fe_C2,27.6325,27.77012,41.09937
1Fe_C2,27.77417,28.28691,41.58945
1Fe_C2,27.91583,28.39164,41.56426
1Fe_C2,28.0575,28.41429,41.62936
1Fe_C2,28.19889,28.45617,41.82226
1Fe_C2,28.34028,28.54476,41.8088
1Fe_C2,28.48222,28.66831,41.81659
1Fe_C2,28.62389,28.6471,42.06459
1Fe_C2,28.76556,28.54548,42.21698
1Fe_C2,28.90667,28.77512,42.17191
1Fe_C2,29.04833,28.87132,42.118
1Fe_C2,29.19,28.91139,42.09225
1Fe_C2,29.33139,28.92007,42.23164
1Fe_C2,29.47306,29.02315,42.47389
1Fe_C2,29.61472,29.03244,42.33406
1Fe_C2,29.75667,28.99665,42.61248
1Fe_C2,29.89806,29.11305,42.4315
1Fe_C2,30.03972,29.14098,42.45097
1Fe_C2,30.18111,29.2346,42.47083
1Fe_C2,30.32306,29.19275,42.4994
1Fe_C2,30.46444,29.29801,42.46294
1Fe_C2,30.60611,29.27675,42.53207
1Fe_C2,30.74778,29.27318,42.63136
1Fe_C2,30.88944,29.32999,42.65565
1Fe_C2,31.03111,29.41329,42.75718
1Fe_C2,31.1725,29.3721,42.65651
1Fe_C2,31.31417,29.38694,42.76767
1Fe_C2,31.45556,29.42355,42.90285
1Fe_C2,31.5975,29.60354,42.7206
1Fe_C2,31.73917,29.51946,42.84465
1Fe_C2,31.88056,29.65488,42.51403
1Fe_C2,32.02222,29.21805,42.93322
1Fe_C2,32.16361,29.51215,42.90201
1Fe_C2,32.30528,29.55157,42.92783
1Fe_C2,32.44694,29.53561,42.80811
1Fe_C2,32.58861,29.56678,42.96749
1Fe_C2,32.73,29.49211,43.00894
1Fe_C2,32.87167,29.72415,42.79218
1Fe_C2,33.01361,29.60895,42.89138
1Fe_C2,33.15528,29.64521,43.05663
1Fe_C2,33.29667,29.72887,42.83983
1Fe_C2,33.43833,29.72388,42.96105
1Fe_C2,33.58028,29.83505,43.21414
1Fe_C2,33.72167,29.73933,43.10755
1Fe_C2,33.86333,29.67783,43.04269
1Fe_C2,34.005,29.77883,43.12126
1Fe_C2,34.14667,29.85193,42.94453
1Fe_C2,34.28833,29.80421,43.17143
1Fe_C2,34.42944,29.74691,43.17985
1Fe_C2,34.57111,29.84488,42.93718
1Fe_C2,34.71278,29.67337,43.10147
1Fe_C2,34.85444,29.83905,43.1253
1Fe_C2,34.99583,29.87345,43.40487
1Fe_C2,35.1375,29.98708,43.09395
1Fe_C2,35.27917,29.83141,43.18466
1Fe_C2,35.42083,29.79547,43.39931
1Fe_C2,35.56222,29.88924,43.15018
1Fe_C2,35.70417,29.82759,43.17766
1Fe_C2,35.84583,29.89847,43.23816
1Fe_C2,35.98722,29.84081,43.29289
1Fe_C2,36.12889,30.05268,43.19511
1Fe_C2,36.27056,29.8435,43.30441
1Fe_C2,36.41222,29.87953,43.15167
1Fe_C2,36.55389,29.97307,43.1649
1Fe_C2,36.69528,30.06645,43.0174
1Fe_C2,36.83694,29.90956,43.41249
1Fe_C2,36.97889,29.98199,43.24426
1Fe_C2,37.12,29.78222,43.52348
1Fe_C2,37.26167,30.05956,43.22661
1Fe_C2,37.40333,30.18036,43.2618
1Fe_C2,37.545,30.01371,43.29703
1Fe_C2,37.68639,30.08138,43.38068
1Fe_C2,37.82806,30.00356,43.38891
1Fe_C2,37.96972,30.02216,43.17685
1Fe_C2,38.11167,30.04108,43.27403
1Fe_C2,38.25306,29.98979,43.19684
1Fe_C2,38.395,30.13121,43.41795
1Fe_C2,38.53667,30.1131,43.46331
1Fe_C2,38.67806,30.02431,43.30433
1Fe_C2,38.81944,30.06331,43.44334
1Fe_C2,38.96139,30.05112,43.32857
1Fe_C2,39.10306,30.09593,43.31778
1Fe_C2,39.24472,30.00963,43.2715
1Fe_C2,39.38583,30.10467,43.43057
1Fe_C2,39.5275,30.04112,43.3293
1Fe_C2,39.66917,30.12261,43.37304
1Fe_C2,39.81056,30.06575,43.24783
1Fe_C2,39.95222,30.21815,43.43137
1Fe_C2,40.09389,30.17137,43.35938
1Fe_C2,40.23556,30.13635,43.45728
1Fe_C2,40.37694,30.06392,43.31787
1Fe_C2,40.51861,30.09265,43.13949
1Fe_C2,40.66028,30.12663,43.34066
1Fe_C2,40.80194,30.0486,43.46139
1Fe_C2,40.94361,30.05034,43.34756
1Fe_C2,41.08528,30.1056,43.45675
1Fe_C2,41.22667,30.15206,43.49255
1Fe_C2,41.36833,30.08926,43.35665
1Fe_C2,41.51,30.1527,43.45839
1Fe_C2,41.65194,30.11946,43.41931
1Fe_C2,41.79333,30.2923,43.45185
1Fe_C2,41.935,30.23488,43.28539
1Fe_C2,42.07667,30.13964,43.48139
1Fe_C2,42.21833,30.30467,43.28135
1Fe_C2,42.35972,30.17187,43.69142
1Fe_C2,42.50139,30.2167,43.35186
1Fe_C2,42.64306,30.20258,43.44721
1Fe_C2,42.785,30.18001,43.43587
1Fe_C2,42.92639,30.25615,43.44187
1Fe_C2,43.06778,30.21295,43.55212
1Fe_C2,43.20972,30.13243,43.51753
1Fe_C2,43.35139,30.25333,43.33544
1Fe_C2,43.4925,30.22099,43.51594
1Fe_C2,43.63417,30.18202,43.50175
1Fe_C2,43.77583,30.18636,43.48625
1Fe_C2,43.91722,30.19831,43.50038
1Fe_C2,44.05889,30.1998,43.56771
1Fe_C2,44.20056,30.23119,43.55967
1Fe_C2,44.3425,30.287,43.49167
1Fe_C2,44.48389,30.22573,43.42919
1Fe_C2,44.62556,30.16155,43.41674
1Fe_C2,44.76694,30.31445,43.63076
1Fe_C2,44.90889,30.14767,43.42158
1Fe_C2,45.05056,30.35052,43.36231
1Fe_C2,45.19194,30.1547,43.29648
1Fe_C2,45.33361,30.16989,43.36116
1Fe_C2,45.47556,30.289,43.35325
1Fe_C2,45.61694,30.27295,43.44359
1Fe_C2,45.75833,30.22219,43.56381
1Fe_C2,45.90028,30.2008,43.5179
1Fe_C2,46.04167,30.15483,43.4679
1Fe_C2,46.18333,30.20444,43.51353
1Fe_C2,46.325,30.28901,43.49557
1Fe_C2,46.46667,30.17242,43.57591
1Fe_C2,46.60833,30.18507,43.48444
1Fe_C2,46.75,30.232,43.45307
1Fe_C2,46.89167,30.17407,43.36605
1Fe_C2,47.03306,30.22404,43.58868
1Fe_C2,47.17472,30.13701,43.36714
1Fe_C2,47.31611,30.29306,43.35237
1Fe_C2,47.45778,30.25735,43.47585
1Fe_C2,47.59917,30.29889,43.33566
1Fe_C2,47.74083,30.08147,43.53347
1Fe_C2,47.8825,30.25197,43.53744
1Fe_C2,48.02389,30.2443,43.44813
1Fe_C2,48.16583,30.21438,43.40739
1Fe_C2,48.3075,30.20605,43.51133
1Fe_C2,48.44917,30.15357,43.56899
1Fe_C2,48.59083,30.2286,43.4917
1Fe_C2,48.7325,30.20865,43.50474
1Fe_C2,48.87417,30.21263,43.54314
0.5Fe_C2,25.08333,39.86054,52.69829
0.5Fe_C2,25.22528,40.10692,52.79996
0.5Fe_C2,25.36667,40.19423,52.88406
0.5Fe_C2,25.50833,40.33162,52.70645
0.5Fe_C2,25.64972,40.32781,52.98607
0.5Fe_C2,25.79139,40.24701,52.94677
0.5Fe_C2,25.93306,40.18005,52.97335
0.5Fe_C2,26.07472,40.27946,53.18243
0.5Fe_C2,26.21639,40.32175,53.16428
0.5Fe_C2,26.35778,40.3312,52.99786
0.5Fe_C2,26.49944,40.39108,53.08785
0.5Fe_C2,26.64111,40.0668,53.15179
0.5Fe_C2,26.78278,40.51679,52.89572
0.5Fe_C2,26.92417,40.32528,53.076
0.5Fe_C2,27.06583,40.52976,53.08612
0.5Fe_C2,27.20778,40.50818,53.04574
0.5Fe_C2,27.34944,40.36549,53.01859
0.5Fe_C2,27.49083,40.29137,53.05343
0.5Fe_C2,27.63278,40.27774,53.03502
0.5Fe_C2,27.77389,40.28749,53.00883
0.5Fe_C2,27.91583,40.26344,52.98317
0.5Fe_C2,28.05722,40.33467,53.09889
0.5Fe_C2,28.19889,40.26993,52.91727
0.5Fe_C2,28.34028,40.37456,53.02536
0.5Fe_C2,28.48194,40.27399,53.1948
0.5Fe_C2,28.62389,40.22427,52.99801
0.5Fe_C2,28.76528,40.33496,53.1632
0.5Fe_C2,28.90694,40.24532,53.04079
0.5Fe_C2,29.04833,40.3353,53.19243
0.5Fe_C2,29.19,40.30133,53.1176
0.5Fe_C2,29.33167,40.19369,52.8994
0.5Fe_C2,29.47333,40.25271,53.06367
0.5Fe_C2,29.615,40.12066,53.05969
0.5Fe_C2,29.75694,40.34889,52.96476
0.5Fe_C2,29.89861,40.3069,53.01146
0.5Fe_C2,30.04,40.20268,53.06417
0.5Fe_C2,30.18139,40.22132,53.02265
0.5Fe_C2,30.32306,40.32583,52.92588
0.5Fe_C2,30.46472,40.24282,52.95043
0.5Fe_C2,30.60639,40.23941,52.94389
0.5Fe_C2,30.74833,40.36927,53.03671
0.5Fe_C2,30.88944,40.06417,53.07642
0.5Fe_C2,31.03083,40.28292,52.97064
0.5Fe_C2,31.1725,40.44035,53.03702
0.5Fe_C2,31.31444,40.48218,52.82128
0.5Fe_C2,31.45611,40.27646,53.03696
0.5Fe_C2,31.59778,40.25109,52.91293
0.5Fe_C2,31.73917,40.12617,53.00684
0.5Fe_C2,31.88111,40.02071,53.1377
0.5Fe_C2,32.02278,40.18562,52.9433
0.5Fe_C2,32.16417,40.29945,52.9456
0.5Fe_C2,32.30556,40.16275,52.83848
0.5Fe_C2,32.4475,40.15888,53.02577
0.5Fe_C2,32.58917,40.15277,52.93824
0.5Fe_C2,32.73083,40.21081,52.86446
0.5Fe_C2,32.87222,40.26718,52.92468
0.5Fe_C2,33.01361,40.18841,53.0113
0.5Fe_C2,33.155,40.19566,52.90222
0.5Fe_C2,33.29667,40.12545,52.68229
0.5Fe_C2,33.43833,40.24513,52.89568
0.5Fe_C2,33.58028,40.16337,52.8916
0.5Fe_C2,33.72167,40.20691,52.85423
0.5Fe_C2,33.86333,40.25234,53.03718
0.5Fe_C2,34.005,40.23021,52.83666
0.5Fe_C2,34.14667,40.10063,52.87357
0.5Fe_C2,34.28861,39.91619,53.09118
0.5Fe_C2,34.43,40.21335,52.91267
0.5Fe_C2,34.57167,40.15485,52.74668
0.5Fe_C2,34.71306,40.19038,52.78174
0.5Fe_C2,34.855,40.16164,52.80069
0.5Fe_C2,34.99639,40.22489,53.00102
0.5Fe_C2,35.13806,40.08656,52.85026
0.5Fe_C2,35.27972,39.89905,53.06193
0.5Fe_C2,35.42111,40.00174,52.92588
0.5Fe_C2,35.56278,40.14287,52.89542
0.5Fe_C2,35.70472,40.23148,52.81437
0.5Fe_C2,35.84639,40.0833,52.88169
0.5Fe_C2,35.98778,40.09409,52.79306
0.5Fe_C2,36.12917,40.09646,52.8952
0.5Fe_C2,36.27083,40.10286,52.84693
0.5Fe_C2,36.4125,40.01453,52.76374
0.5Fe_C2,36.55417,39.99429,52.7683
0.5Fe_C2,36.69556,40.23592,52.60531
0.5Fe_C2,36.8375,40.0757,52.7822
0.5Fe_C2,36.97917,39.96886,52.86304
0.5Fe_C2,37.12083,40.04423,52.84029
0.5Fe_C2,37.26222,40.02084,52.86591
0.5Fe_C2,37.40389,40.05598,52.68251
0.5Fe_C2,37.54583,40.01638,52.78905
0.5Fe_C2,37.68722,40.06003,52.81587
0.5Fe_C2,37.82889,39.97717,52.75678
0.5Fe_C2,37.97028,40.07395,52.7812
0.5Fe_C2,38.11194,40.08858,52.71393
0.5Fe_C2,38.25333,39.95834,52.76794
0.5Fe_C2,38.395,39.94361,52.72692
0.5Fe_C2,38.53667,39.96683,52.6093
0.5Fe_C2,38.67806,40.04882,52.69393
0.5Fe_C2,38.82,40.04382,52.81852
0.5Fe_C2,38.96167,40.14122,52.66666
0.5Fe_C2,39.10333,39.98982,52.74651
0.5Fe_C2,39.245,40.02504,52.8167
0.5Fe_C2,39.38639,39.95521,52.76075
0.5Fe_C2,39.52806,39.99403,52.6676
0.5Fe_C2,39.66972,40.00233,52.66484
0.5Fe_C2,39.81139,39.98938,52.62583
0.5Fe_C2,39.95306,39.94271,52.671
0.5Fe_C2,40.09444,39.90486,52.73534
0.5Fe_C2,40.23611,39.98655,52.69335
0.5Fe_C2,40.37778,39.99846,52.68137
0.5Fe_C2,40.51972,39.97286,52.61601
0.5Fe_C2,40.66083,40.01407,52.6064
0.5Fe_C2,40.80278,39.97062,52.55008
0.5Fe_C2,40.94444,39.94313,52.55534
0.5Fe_C2,41.08611,39.92973,52.74444
0.5Fe_C2,41.22722,39.98191,52.65155
0.5Fe_C2,41.36917,39.99903,52.69609
0.5Fe_C2,41.51056,39.87638,52.69326
0.5Fe_C2,41.65194,39.9736,52.65041
0.5Fe_C2,41.79361,39.93447,52.5409
0.5Fe_C2,41.93528,39.86675,52.57167
0.5Fe_C2,42.07694,40.08026,52.58345
0.5Fe_C2,42.21861,40.0183,52.581
0.5Fe_C2,42.36028,39.76036,52.68126
0.5Fe_C2,42.50194,39.90933,52.62364
0.5Fe_C2,42.64389,39.92034,52.53963
0.5Fe_C2,42.78528,39.90749,52.68816
0.5Fe_C2,42.92667,39.78469,52.72703
0.5Fe_C2,43.06861,39.8783,52.52026
0.5Fe_C2,43.21,39.90392,52.55844
0.5Fe_C2,43.35167,39.9435,52.51674
0.5Fe_C2,43.49306,39.76869,52.60753
0.5Fe_C2,43.63472,39.87728,52.62229
0.5Fe_C2,43.77639,39.99613,52.50311
0.5Fe_C2,43.91806,39.92229,52.48058
0.5Fe_C2,44.05944,39.66241,52.45717
0.5Fe_C2,44.20111,39.86866,52.55789
0.5Fe_C2,44.34306,39.81976,52.59441
0.5Fe_C2,44.48444,39.90555,52.54263
0.5Fe_C2,44.62583,39.8865,52.41915
0.5Fe_C2,44.7675,39.84386,52.49701
0.5Fe_C2,44.90917,39.81458,52.39338
0.5Fe_C2,45.05056,39.9935,52.48345
0.5Fe_C2,45.19222,39.90623,52.34215
0.5Fe_C2,45.33417,39.97125,52.39169
0.5Fe_C2,45.47583,39.87833,52.58548
0.5Fe_C2,45.6175,39.94007,52.46554
0.5Fe_C2,45.75861,39.73293,52.50455
0.5Fe_C2,45.90028,39.7603,52.31154
0.5Fe_C2,46.04222,40.03762,52.44896
0.5Fe_C2,46.18389,39.69057,52.39444
0.5Fe_C2,46.32528,39.81972,52.34014
0.5Fe_C2,46.46722,39.99696,52.39261
0.5Fe_C2,46.60861,39.80747,52.50183
0.5Fe_C2,46.75056,39.77898,52.31177
0.5Fe_C2,46.89194,39.78622,52.55493
0.5Fe_C2,47.03333,39.75763,52.43886
0.5Fe_C2,47.17528,39.71075,52.33091
0.5Fe_C2,47.31694,39.74176,52.31314
0.5Fe_C2,47.45806,39.84271,52.3415
0.5Fe_C2,47.59972,39.78912,52.33319
0.5Fe_C2,47.74139,39.75039,52.49887
0.5Fe_C2,47.88306,39.76921,52.48162
0.5Fe_C2,48.02444,39.72426,52.34789
0.5Fe_C2,48.16611,39.7349,52.33511
0.5Fe_C2,48.30778,39.73832,52.48907
0.5Fe_C2,48.44944,39.74282,52.29422
0.5Fe_C2,48.59111,39.68323,52.34147
0.5Fe_C2,48.7325,39.71597,52.35108
0.5Fe_C2,48.87417,39.62873,52.43128
0.25Fe_C2,25.08333,43.76797,56.25428
0.25Fe_C2,25.225,43.91392,56.08585
0.25Fe_C2,25.36667,43.66034,56.11869
0.25Fe_C2,25.50833,43.55435,56.0242
0.25Fe_C2,25.64972,43.37301,56.00723
0.25Fe_C2,25.79139,43.26168,55.77295
0.25Fe_C2,25.93306,43.11777,55.67175
0.25Fe_C2,26.07444,42.90581,55.55586
0.25Fe_C2,26.21611,42.93696,55.48096
0.25Fe_C2,26.3575,42.70008,55.36303
0.25Fe_C2,26.49917,42.8213,55.35469
0.25Fe_C2,26.64083,42.3811,54.91281
0.25Fe_C2,26.7825,42.36663,54.80395
0.25Fe_C2,26.92389,42.36971,54.85992
0.25Fe_C2,27.06583,42.2979,54.72601
0.25Fe_C2,27.2075,42.18009,54.73482
0.25Fe_C2,27.34889,42.03421,54.62019
0.25Fe_C2,27.49056,42.10033,54.61266
0.25Fe_C2,27.63222,42.09031,54.5868
0.25Fe_C2,27.77417,42.01083,54.68386
0.25Fe_C2,27.91556,41.96654,54.68824
0.25Fe_C2,28.05722,41.96153,54.56812
0.25Fe_C2,28.19861,41.86554,54.57626
0.25Fe_C2,28.34,41.84831,54.50508
0.25Fe_C2,28.48222,41.77026,54.43686
0.25Fe_C2,28.62361,41.79018,54.51352
0.25Fe_C2,28.765,41.73233,54.42148
0.25Fe_C2,28.90667,41.76323,54.26191
0.25Fe_C2,29.04833,41.67306,54.35379
0.25Fe_C2,29.19,41.57602,54.23851
0.25Fe_C2,29.33139,41.54961,54.32187
0.25Fe_C2,29.47306,41.49953,54.13061
0.25Fe_C2,29.615,41.57313,54.15068
0.25Fe_C2,29.75639,41.41427,54.01737
0.25Fe_C2,29.89806,41.45317,54.11429
0.25Fe_C2,30.03944,41.32562,54.04008
0.25Fe_C2,30.18139,41.32023,54.05511
0.25Fe_C2,30.32278,41.25482,54.0164
0.25Fe_C2,30.46417,41.28323,53.87138
0.25Fe_C2,30.60583,41.22539,53.87507
0.25Fe_C2,30.74778,41.21796,53.78536
0.25Fe_C2,30.88917,41.21165,53.88163
0.25Fe_C2,31.03056,41.16558,53.69821
0.25Fe_C2,31.17222,41.09513,53.80353
0.25Fe_C2,31.31389,41.08353,53.63801
0.25Fe_C2,31.45556,41.10459,53.65108
0.25Fe_C2,31.59722,41.00636,53.71039
0.25Fe_C2,31.73861,41.02986,53.685
0.25Fe_C2,31.88056,40.97481,53.61051
0.25Fe_C2,32.02222,40.84949,53.68161
0.25Fe_C2,32.16389,40.8405,53.48648
0.25Fe_C2,32.30528,40.85082,53.40938
0.25Fe_C2,32.44694,40.80206,53.31234
0.25Fe_C2,32.58889,40.79166,53.31486
0.25Fe_C2,32.73028,40.80965,53.30344
0.25Fe_C2,32.87194,40.73292,53.44418
0.25Fe_C2,33.01361,40.71233,53.29471
0.25Fe_C2,33.15528,40.64312,53.25216
0.25Fe_C2,33.29667,40.65525,53.33813
0.25Fe_C2,33.43861,40.56252,53.24064
0.25Fe_C2,33.58,40.63159,53.19821
0.25Fe_C2,33.72139,40.52078,53.22183
0.25Fe_C2,33.86306,40.54671,53.07975
0.25Fe_C2,34.005,40.45408,53.1824
0.25Fe_C2,34.14639,40.4426,52.87471
0.25Fe_C2,34.28833,40.41074,53.05465
0.25Fe_C2,34.42972,40.39266,53.07446
0.25Fe_C2,34.57111,40.2676,53.09846
0.25Fe_C2,34.71278,40.27064,52.87961
0.25Fe_C2,34.85472,40.35198,52.96406
0.25Fe_C2,34.99639,40.25605,52.86221
0.25Fe_C2,35.13778,40.25172,52.82993
0.25Fe_C2,35.27944,40.1935,52.93251
0.25Fe_C2,35.42139,40.16071,52.79358
0.25Fe_C2,35.5625,40.03509,52.87561
0.25Fe_C2,35.70417,40.08269,52.66393
0.25Fe_C2,35.84583,40.07279,52.66009
0.25Fe_C2,35.98722,40.00393,52.57504
0.25Fe_C2,36.12889,40.03493,52.59559
0.25Fe_C2,36.27083,40.03917,52.50953
0.25Fe_C2,36.41222,39.92846,52.54396
0.25Fe_C2,36.55389,39.92879,52.53266
0.25Fe_C2,36.69583,39.8262,52.54558
0.25Fe_C2,36.8375,39.76906,52.59071
0.25Fe_C2,36.97861,39.75543,52.38136
0.25Fe_C2,37.12028,39.35872,52.44031
0.25Fe_C2,37.26194,39.78003,52.44618
0.25Fe_C2,37.40389,39.61604,52.42086
0.25Fe_C2,37.545,39.71219,52.29231
0.25Fe_C2,37.68667,39.61876,52.30081
0.25Fe_C2,37.82833,39.55218,52.39121
0.25Fe_C2,37.96972,39.60522,52.25824
0.25Fe_C2,38.11139,39.56578,52.20948
0.25Fe_C2,38.25306,39.51357,52.12701
0.25Fe_C2,38.395,39.4384,52.0658
0.25Fe_C2,38.53639,39.46785,52.12242
0.25Fe_C2,38.67806,39.33086,52.08644
0.25Fe_C2,38.81972,39.39189,52.1764
0.25Fe_C2,38.96111,39.37044,52.05057
0.25Fe_C2,39.10278,39.32318,51.98085
0.25Fe_C2,39.24444,39.23133,51.86738
0.25Fe_C2,39.38611,39.24899,52.01299
0.25Fe_C2,39.52778,39.20237,51.89018
0.25Fe_C2,39.66944,39.18281,51.89478
0.25Fe_C2,39.81083,39.08539,51.80284
0.25Fe_C2,39.9525,39.18171,51.91013
0.25Fe_C2,40.09389,39.1092,51.70641
0.25Fe_C2,40.23556,39.05709,51.74876
0.25Fe_C2,40.3775,38.95579,51.67522
0.25Fe_C2,40.51917,39.06913,51.90004
0.25Fe_C2,40.66083,38.99059,51.75118
0.25Fe_C2,40.80222,38.92202,51.65831
0.25Fe_C2,40.94361,38.90183,51.55651
0.25Fe_C2,41.08528,38.81469,51.71092
0.25Fe_C2,41.22722,38.88553,51.55315
0.25Fe_C2,41.36861,38.80197,51.3919
0.25Fe_C2,41.51056,38.786,51.37312
0.25Fe_C2,41.65222,38.79963,51.48037
0.25Fe_C2,41.79333,38.64769,51.44565
0.25Fe_C2,41.935,38.76024,51.3889
0.25Fe_C2,42.07639,38.70761,51.45666
0.25Fe_C2,42.21833,38.61267,51.37957
0.25Fe_C2,42.36028,38.66478,51.31558
0.25Fe_C2,42.50139,38.61209,51.19266
0.25Fe_C2,42.64306,38.56391,51.30291
0.25Fe_C2,42.78472,38.52065,51.22989
0.25Fe_C2,42.92639,38.47603,51.1571
0.25Fe_C2,43.06778,38.3993,51.15299
0.25Fe_C2,43.20944,38.47593,51.08813
0.25Fe_C2,43.35139,38.31841,51.09211
0.25Fe_C2,43.49278,38.42457,51.01091
0.25Fe_C2,43.63472,38.3732,51.09984
0.25Fe_C2,43.77639,38.28823,50.98881
0.25Fe_C2,43.9175,38.28919,50.95194
0.25Fe_C2,44.05917,38.34396,51.02645
0.25Fe_C2,44.20083,38.23877,50.88618
0.25Fe_C2,44.3425,38.18222,50.82546
0.25Fe_C2,44.48417,38.21982,50.95439
0.25Fe_C2,44.62583,38.06417,50.79845
0.25Fe_C2,44.7675,38.05647,50.76452
0.25Fe_C2,44.90889,38.06932,50.67002
0.25Fe_C2,45.05056,38.00986,50.74783
0.25Fe_C2,45.19222,38.02395,50.73751
0.25Fe_C2,45.33389,38.03359,50.79339
0.25Fe_C2,45.47556,37.9879,50.82709
0.25Fe_C2,45.61694,37.87982,50.62268
0.25Fe_C2,45.75833,37.86135,50.38437
0.25Fe_C2,45.90028,37.83288,50.59191
0.25Fe_C2,46.04194,37.81508,50.57904
0.25Fe_C2,46.18361,37.75131,50.33283
0.25Fe_C2,46.32528,37.74336,50.36504
0.25Fe_C2,46.46639,37.66717,50.26433
0.25Fe_C2,46.60806,37.66833,50.34154
0.25Fe_C2,46.74972,37.61156,50.29843
0.25Fe_C2,46.89167,37.54286,50.46452
0.25Fe_C2,47.03333,37.57294,50.3716
0.25Fe_C2,47.175,37.61101,50.24902
0.25Fe_C2,47.31639,37.52107,50.38537
0.25Fe_C2,47.45778,37.5252,50.16389
0.25Fe_C2,47.59944,37.5325,50.01708
0.25Fe_C2,47.74111,37.47708,50.08595
0.25Fe_C2,47.88278,37.47933,50.21044
0.25Fe_C2,48.02472,37.38387,50.14392
0.25Fe_C2,48.16611,37.35462,49.98915
0.25Fe_C2,48.3075,37.35789,50.18463
0.25Fe_C2,48.44889,37.40373,50.05552
0.25Fe_C2,48.59083,37.28184,50.11396
0.25Fe_C2,48.7325,37.22898,50.06451
0.25Fe_C2,48.87389,37.18706,49.9531
