T _REF[°C],CO2_concentration_REF [a.u.],,T_1Mn [°C],CO2_concentration_1Mn[a.u.],,T_1Cr[°C],CO2_concentration_1Cr [a.u.],,T_1Fe[°C],CO2_concentration_1Fe [a.u.]
26.4,1.89E-04,,30.2,5.35E-04,,26.3,1.21E-04,,25.6,1.63E-04
26.5,1.82E-04,,30.3,5.34E-04,,26.4,1.22E-04,,25.7,1.61E-04
26.5,1.82E-04,,30.5,5.31E-04,,26.4,1.21E-04,,25.7,1.59E-04
26.5,1.84E-04,,30.6,5.32E-04,,26.5,1.25E-04,,25.7,1.66E-04
26.6,1.80E-04,,30.6,5.27E-04,,26.6,1.24E-04,,25.8,1.55E-04
26.6,1.86E-04,,30.7,5.32E-04,,26.7,1.23E-04,,25.9,1.61E-04
,1.79E-04,,30.8,5.36E-04,,26.8,1.23E-04,,25.9,1.57E-04
26.7,1.79E-04,,31,5.36E-04,,26.9,1.25E-04,,26,1.56E-04
26.8,1.81E-04,,31.1,5.36E-04,,27,1.21E-04,,26.1,1.58E-04
26.9,1.75E-04,,31.3,5.30E-04,,27.1,1.20E-04,,26.2,1.56E-04
,1.76E-04,,31.4,5.36E-04,,27.1,1.23E-04,,26.2,1.60E-04
27,1.73E-04,,31.6,5.34E-04,,27.3,1.19E-04,,26.3,1.59E-04
,1.74E-04,,31.7,5.36E-04,,27.4,1.17E-04,,26.4,1.58E-04
27.2,1.75E-04,,31.9,5.35E-04,,27.4,1.16E-04,,26.5,1.56E-04
27.3,1.73E-04,,32.1,5.45E-04,,27.6,1.22E-04,,26.6,1.59E-04
27.4,1.72E-04,,32.2,5.45E-04,,27.7,1.21E-04,,26.7,1.58E-04
27.5,1.71E-04,,32.4,5.41E-04,,27.9,1.21E-04,,26.9,1.52E-04
27.6,1.67E-04,,32.5,5.44E-04,,28,1.20E-04,,27,1.54E-04
27.7,1.69E-04,,32.8,5.51E-04,,28.1,1.21E-04,,27.1,1.54E-04
27.8,1.76E-04,,33,5.54E-04,,28.2,1.19E-04,,27.2,1.56E-04
27.9,1.74E-04,,33.1,5.54E-04,,28.4,1.19E-04,,27.4,1.54E-04
28,1.71E-04,,33.3,5.57E-04,,28.6,1.20E-04,,27.6,1.58E-04
28.2,1.71E-04,,33.5,5.56E-04,,28.8,1.19E-04,,27.9,1.54E-04
28.4,1.73E-04,,33.7,5.63E-04,,29,1.20E-04,,28,1.57E-04
28.5,1.72E-04,,34,5.61E-04,,29.1,1.18E-04,,28.2,1.55E-04
28.7,1.73E-04,,34.3,5.62E-04,,29.3,1.24E-04,,28.4,1.59E-04
28.8,1.69E-04,,34.5,5.70E-04,,29.5,1.21E-04,,28.5,1.56E-04
29,1.69E-04,,34.8,5.68E-04,,29.7,1.21E-04,,28.8,1.54E-04
29.2,1.73E-04,,35,5.79E-04,,30,1.23E-04,,28.9,1.56E-04
,1.76E-04,,35.3,5.79E-04,,30.1,1.23E-04,,29.2,1.53E-04
29.6,1.74E-04,,35.5,5.84E-04,,30.4,1.25E-04,,29.3,1.53E-04
29.7,1.77E-04,,35.7,5.84E-04,,30.6,1.25E-04,,29.6,1.57E-04
,1.75E-04,,36,5.89E-04,,30.9,1.28E-04,,29.8,1.59E-04
30.2,1.74E-04,,36.3,5.95E-04,,31.1,1.29E-04,,30.1,1.56E-04
30.4,1.78E-04,,36.6,5.95E-04,,31.3,1.30E-04,,30.4,1.57E-04
30.6,1.73E-04,,36.9,6.04E-04,,31.6,1.27E-04,,30.6,1.61E-04
30.8,1.79E-04,,37.2,6.04E-04,,31.8,1.29E-04,,30.9,1.56E-04
31.1,1.78E-04,,37.5,6.13E-04,,32,1.32E-04,,31.1,1.63E-04
31.2,1.80E-04,,37.8,6.12E-04,,32.3,1.32E-04,,31.4,1.64E-04
31.5,1.79E-04,,38.1,6.17E-04,,32.6,1.31E-04,,31.6,1.65E-04
31.8,1.82E-04,,38.4,6.28E-04,,32.9,1.35E-04,,31.9,1.62E-04
32,1.84E-04,,38.7,6.30E-04,,33.1,1.38E-04,,32.2,1.68E-04
32.3,1.86E-04,,39.1,6.38E-04,,33.5,1.36E-04,,32.4,1.68E-04
32.5,1.87E-04,,39.3,6.43E-04,,33.7,1.37E-04,,32.8,1.68E-04
32.8,1.89E-04,,39.7,6.45E-04,,34,1.37E-04,,33,1.69E-04
33.1,1.89E-04,,40.1,6.53E-04,,34.4,1.44E-04,,33.4,1.68E-04
33.3,1.93E-04,,40.4,6.58E-04,,34.6,1.44E-04,,33.7,1.74E-04
33.7,1.97E-04,,40.7,6.58E-04,,35,1.44E-04,,34.1,1.75E-04
33.9,1.97E-04,,41,6.67E-04,,35.3,1.49E-04,,34.4,1.77E-04
34.2,1.97E-04,,41.5,6.79E-04,,35.6,1.48E-04,,34.7,1.77E-04
34.5,2.03E-04,,41.8,6.77E-04,,35.9,1.52E-04,,35,1.80E-04
34.8,2.06E-04,,42.2,6.79E-04,,36.2,1.52E-04,,35.3,1.84E-04
,2.07E-04,,42.5,6.86E-04,,36.6,1.56E-04,,35.7,1.87E-04
35.4,2.06E-04,,42.9,6.96E-04,,36.9,1.58E-04,,36,1.87E-04
35.8,2.09E-04,,43.2,7.04E-04,,37.3,1.61E-04,,36.4,1.85E-04
36.1,2.12E-04,,43.6,7.08E-04,,37.7,1.65E-04,,36.8,1.87E-04
36.4,2.15E-04,,44,7.09E-04,,38,1.63E-04,,37.1,1.91E-04
36.7,2.19E-04,,44.3,7.26E-04,,38.3,1.69E-04,,37.6,1.94E-04
37.1,2.20E-04,,44.8,7.22E-04,,38.7,1.70E-04,,37.9,2.00E-04
37.5,2.23E-04,,45,7.31E-04,,39.1,1.74E-04,,38.3,2.02E-04
37.7,2.27E-04,,45.5,7.37E-04,,39.4,1.77E-04,,38.6,2.00E-04
38.1,2.26E-04,,45.9,7.43E-04,,39.8,1.80E-04,,39,2.04E-04
38.5,2.35E-04,,46.3,7.53E-04,,40.2,1.84E-04,,39.4,2.06E-04
38.8,2.33E-04,,46.8,7.53E-04,,40.6,1.85E-04,,39.7,2.11E-04
39.2,2.37E-04,,47.1,7.70E-04,,40.9,1.88E-04,,40.1,2.18E-04
39.6,2.42E-04,,47.6,7.78E-04,,41.4,1.94E-04,,40.5,2.13E-04
40,2.44E-04,,47.9,7.76E-04,,41.9,1.97E-04,,41,2.20E-04
40.3,2.46E-04,,48.4,7.87E-04,,42.2,1.99E-04,,41.3,2.26E-04
40.8,2.57E-04,,48.7,7.98E-04,,42.6,2.04E-04,,41.8,2.27E-04
41.1,2.61E-04,,49.2,8.03E-04,,42.9,2.09E-04,,42.2,2.35E-04
41.5,2.65E-04,,49.6,8.11E-04,,43.4,2.15E-04,,42.7,2.43E-04
41.9,2.64E-04,,50.1,8.10E-04,,43.7,2.21E-04,,43,2.41E-04
42.2,2.75E-04,,50.4,8.17E-04,,44.1,2.20E-04,,43.5,2.45E-04
42.7,2.75E-04,,50.9,8.30E-04,,44.6,2.25E-04,,43.8,2.49E-04
,2.85E-04,,51.3,8.33E-04,,44.9,2.31E-04,,44.3,2.53E-04
43.5,2.90E-04,,51.8,8.35E-04,,45.4,2.34E-04,,44.7,2.55E-04
44,2.89E-04,,52.2,8.51E-04,,45.8,2.33E-04,,45.2,2.54E-04
44.3,2.92E-04,,52.6,8.59E-04,,46.3,2.37E-04,,45.5,2.70E-04
44.8,2.96E-04,,53,8.67E-04,,46.8,2.44E-04,,46.1,2.73E-04
45.1,3.01E-04,,53.4,8.72E-04,,47.1,2.49E-04,,46.5,2.75E-04
45.6,3.07E-04,,53.9,8.78E-04,,47.6,2.55E-04,,46.9,2.81E-04
46.1,3.13E-04,,54.3,8.84E-04,,48,2.63E-04,,47.4,2.84E-04
46.5,3.11E-04,,54.8,8.95E-04,,48.5,2.59E-04,,47.8,2.89E-04
46.9,3.18E-04,,55.2,9.03E-04,,48.8,2.64E-04,,48.3,2.93E-04
47.3,3.19E-04,,55.7,9.06E-04,,49.3,2.69E-04,,48.7,3.02E-04
47.7,3.30E-04,,56,9.08E-04,,49.7,2.78E-04,,49.3,3.08E-04
48.1,3.32E-04,,56.6,9.20E-04,,50.2,2.77E-04,,49.6,3.12E-04
48.6,3.43E-04,,57,9.33E-04,,50.7,2.83E-04,,50.2,3.16E-04
49,3.46E-04,,57.4,9.34E-04,,51.1,2.92E-04,,50.6,3.25E-04
49.5,3.54E-04,,57.8,9.40E-04,,51.6,2.93E-04,,51.1,3.27E-04
49.9,3.60E-04,,58.3,9.45E-04,,51.9,3.03E-04,,51.6,3.36E-04
50.4,3.60E-04,,58.7,9.54E-04,,52.5,3.06E-04,,52,3.41E-04
50.9,3.66E-04,,59.2,9.58E-04,,52.8,3.10E-04,,52.6,3.44E-04
51.3,3.72E-04,,59.7,9.67E-04,,53.3,3.10E-04,,53,3.48E-04
51.8,3.75E-04,,60.1,9.65E-04,,53.8,3.18E-04,,53.5,3.55E-04
52.2,3.81E-04,,60.6,9.84E-04,,54.2,3.23E-04,,53.9,3.64E-04
52.7,3.86E-04,,61,9.82E-04,,54.7,3.31E-04,,54.4,3.69E-04
53,3.86E-04,,61.5,9.93E-04,,55,3.39E-04,,54.8,3.81E-04
53.6,3.97E-04,,61.9,0.001,,55.6,3.40E-04,,55.3,3.81E-04
54.1,4.05E-04,,62.4,9.87E-04,,56,3.45E-04,,55.8,3.87E-04
54.5,4.05E-04,,62.8,0.001,,56.5,3.44E-04,,56.2,3.92E-04
55,4.13E-04,,63.4,0.00102,,56.9,3.49E-04,,56.8,3.97E-04
55.4,4.15E-04,,63.9,0.00102,,57.4,3.54E-04,,57.2,4.07E-04
55.9,4.23E-04,,64.3,0.00102,,57.8,3.59E-04,,57.8,4.13E-04
56.3,4.25E-04,,64.8,0.00103,,58.4,3.69E-04,,58.2,4.12E-04
56.8,4.38E-04,,65.2,0.00103,,58.9,3.72E-04,,58.8,4.20E-04
57.2,4.43E-04,,65.8,0.00104,,59.2,3.76E-04,,59.3,4.22E-04
57.7,4.49E-04,,66.2,0.00104,,59.7,3.78E-04,,59.7,4.33E-04
58.2,4.51E-04,,66.7,0.00105,,60.1,3.81E-04,,60.3,4.39E-04
58.7,4.54E-04,,67.1,0.00104,,60.6,3.87E-04,,60.7,4.42E-04
,4.62E-04,,67.7,0.00105,,61.1,3.89E-04,,61.2,4.48E-04
59.6,4.69E-04,,68,0.00105,,61.6,3.98E-04,,61.6,4.51E-04
60.1,4.68E-04,,68.5,0.00106,,62,3.99E-04,,62.1,4.58E-04
60.5,4.70E-04,,69.1,0.00106,,62.6,4.05E-04,,62.5,4.64E-04
,4.76E-04,,69.5,0.00107,,63.1,4.11E-04,,63.1,4.71E-04
61.5,4.83E-04,,70,0.00107,,63.5,4.11E-04,,63.8,4.71E-04
62,4.83E-04,,70.4,0.00107,,64,4.18E-04,,64.2,4.78E-04
62.5,4.89E-04,,71,0.00107,,64.4,4.18E-04,,64.7,4.81E-04
62.9,4.94E-04,,71.4,0.00108,,64.9,4.19E-04,,65.2,4.90E-04
63.5,4.94E-04,,72,0.00109,,65.3,4.25E-04,,65.7,4.87E-04
,4.98E-04,,72.5,0.00108,,65.9,4.29E-04,,66.1,4.97E-04
64.5,5.05E-04,,73,0.00108,,66.3,4.26E-04,,66.6,5.02E-04
64.8,4.98E-04,,73.4,0.00108,,66.8,4.35E-04,,67,5.04E-04
65.4,5.00E-04,,73.9,0.00109,,67.4,4.38E-04,,67.6,5.10E-04
65.9,5.04E-04,,74.3,0.00109,,67.8,4.42E-04,,68,5.08E-04
66.3,5.07E-04,,74.8,0.00109,,68.2,4.38E-04,,68.6,5.18E-04
66.9,5.11E-04,,75.4,0.00109,,68.8,4.45E-04,,69.1,5.22E-04
67.3,5.16E-04,,75.7,0.0011,,69.3,4.48E-04,,69.7,5.23E-04
67.9,5.17E-04,,76.3,0.0011,,69.7,4.49E-04,,70.3,5.22E-04
68.2,5.21E-04,,76.8,0.0011,,70.2,4.49E-04,,70.7,5.28E-04
68.8,5.18E-04,,77.3,0.0011,,70.7,4.54E-04,,71.3,5.32E-04
69.2,5.20E-04,,77.7,0.00111,,71.2,4.59E-04,,71.7,5.29E-04
69.8,5.22E-04,,78.3,0.0011,,71.6,4.59E-04,,72.2,5.36E-04
70.2,5.27E-04,,78.8,0.00111,,72.1,4.61E-04,,72.6,5.39E-04
70.7,5.26E-04,,79.3,0.0011,,72.7,4.62E-04,,73.2,5.43E-04
71.3,5.30E-04,,79.7,0.0011,,73.1,4.64E-04,,73.6,5.49E-04
71.7,5.23E-04,,80.3,0.0011,,73.7,4.61E-04,,74.2,5.46E-04
72.3,5.26E-04,,80.7,0.0011,,74.2,4.65E-04,,74.7,5.45E-04
72.7,5.29E-04,,81.2,0.00111,,74.6,4.62E-04,,75.2,5.50E-04
73.3,5.29E-04,,81.8,0.00111,,75,4.64E-04,,75.8,5.53E-04
73.7,5.28E-04,,82.2,0.0011,,75.6,4.68E-04,,76.2,5.53E-04
,5.31E-04,,82.8,0.00111,,76.1,4.65E-04,,76.8,5.57E-04
74.7,5.31E-04,,83.3,0.0011,,76.5,4.75E-04,,77.2,5.57E-04
75.2,5.34E-04,,83.9,0.0011,,77,4.71E-04,,77.8,5.59E-04
75.8,5.34E-04,,84.2,0.0011,,77.5,4.71E-04,,78.2,5.60E-04
76.2,5.31E-04,,84.8,0.00111,,78,4.74E-04,,78.7,5.65E-04
76.7,5.31E-04,,85.4,0.0011,,78.4,4.71E-04,,79.3,5.62E-04
77.2,5.37E-04,,85.8,0.0011,,79,4.69E-04,,79.8,5.63E-04
77.8,5.31E-04,,86.3,0.0011,,79.4,4.73E-04,,80.4,5.63E-04
78.2,5.28E-04,,86.8,0.0011,,80,4.75E-04,,80.8,5.60E-04
78.8,5.28E-04,,87.3,0.00109,,80.4,4.73E-04,,81.5,5.63E-04
79.3,5.30E-04,,87.7,0.00109,,80.9,4.77E-04,,81.9,5.65E-04
79.7,5.35E-04,,88.3,0.00109,,81.5,4.73E-04,,82.4,5.61E-04
80.3,5.33E-04,,88.7,0.00109,,81.8,4.76E-04,,83,5.66E-04
80.7,5.30E-04,,89.3,0.00109,,82.4,4.75E-04,,83.5,5.61E-04
81.3,5.28E-04,,89.8,0.00109,,82.8,4.73E-04,,84,5.67E-04
,5.27E-04,,90.3,0.00108,,83.4,4.77E-04,,84.4,5.61E-04
82.3,5.28E-04,,90.9,0.00109,,83.9,4.71E-04,,85,5.69E-04
82.7,5.26E-04,,91.4,0.00108,,84.5,4.72E-04,,85.4,5.59E-04
83.3,5.32E-04,,91.9,0.00109,,84.9,4.68E-04,,86,5.59E-04
83.9,5.28E-04,,92.3,0.00108,,85.5,4.70E-04,,86.5,5.64E-04
84.3,5.21E-04,,92.9,0.00108,,85.9,4.73E-04,,87.1,5.58E-04
,5.20E-04,,93.3,0.00108,,86.4,4.70E-04,,87.6,5.60E-04
85.3,5.21E-04,,93.9,0.00107,,87,4.68E-04,,88.2,5.59E-04
85.8,5.17E-04,,94.5,0.00107,,87.4,4.68E-04,,88.7,5.53E-04
86.2,5.16E-04,,94.9,0.00107,,87.9,4.67E-04,,89.1,5.58E-04
86.8,5.15E-04,,95.6,0.00106,,88.3,4.63E-04,,89.7,5.50E-04
87.4,5.11E-04,,96,0.00106,,88.9,4.70E-04,,90.1,5.62E-04
87.8,5.16E-04,,96.6,0.00106,,89.3,4.66E-04,,90.7,5.52E-04
88.4,5.12E-04,,97.1,0.00106,,89.9,4.65E-04,,91.1,5.51E-04
88.9,5.13E-04,,97.6,0.00105,,90.3,4.64E-04,,91.7,5.51E-04
89.4,5.04E-04,,98,0.00106,,90.9,4.61E-04,,92.1,5.48E-04
89.9,5.06E-04,,98.6,0.00105,,91.4,4.63E-04,,92.7,5.49E-04
90.4,5.06E-04,,99.2,0.00105,,92,4.59E-04,,93.4,5.45E-04
91,5.02E-04,,99.6,0.00105,,92.3,4.56E-04,,93.8,5.43E-04
91.4,5.05E-04,,100.2,0.00104,,92.9,4.58E-04,,94.4,5.44E-04
92,5.06E-04,,100.7,0.00105,,93.3,4.58E-04,,94.9,5.46E-04
92.4,5.02E-04,,101.2,0.00104,,93.8,4.60E-04,,95.4,5.43E-04
93,5.02E-04,,101.7,0.00104,,94.4,4.60E-04,,95.8,5.39E-04
93.4,4.95E-04,,102.3,0.00104,,94.9,4.55E-04,,96.4,5.32E-04
94,4.90E-04,,102.7,0.00104,,95.5,4.56E-04,,97,5.39E-04
94.5,4.94E-04,,103.3,0.00103,,95.9,4.51E-04,,97.4,5.33E-04
95.1,4.93E-04,,103.8,0.00102,,96.5,4.48E-04,,98,5.31E-04
95.5,4.93E-04,,104.3,0.00102,,96.9,4.49E-04,,98.5,5.26E-04
96.1,4.92E-04,,104.8,0.00102,,97.5,4.49E-04,,99.1,5.24E-04
96.6,4.91E-04,,105.4,0.00102,,97.9,4.47E-04,,99.6,5.22E-04
97.1,4.84E-04,,105.8,0.00101,,98.5,4.46E-04,,100.2,5.22E-04
97.6,4.82E-04,,106.4,0.00101,,98.9,4.42E-04,,100.8,5.19E-04
98.1,4.83E-04,,107,0.00101,,99.4,4.41E-04,,101.2,5.21E-04
98.6,4.86E-04,,107.4,0.00101,,99.8,4.47E-04,,101.7,5.20E-04
99.1,4.77E-04,,108,9.98E-04,,100.4,4.41E-04,,102.2,5.14E-04
99.7,4.76E-04,,108.5,9.93E-04,,101,4.36E-04,,102.7,5.14E-04
100.1,4.74E-04,,109.1,9.91E-04,,101.5,4.33E-04,,103.2,5.13E-04
100.7,4.70E-04,,109.5,9.94E-04,,102.1,4.37E-04,,103.7,5.08E-04
101.3,4.76E-04,,110.1,9.90E-04,,102.5,4.31E-04,,104.2,5.07E-04
101.7,4.67E-04,,110.6,9.85E-04,,103.1,4.34E-04,,104.8,5.01E-04
102.3,4.66E-04,,111.1,9.72E-04,,103.5,4.31E-04,,105.4,5.02E-04
102.7,4.61E-04,,111.6,9.77E-04,,104.1,4.29E-04,,105.9,5.01E-04
103.3,4.60E-04,,112.1,9.78E-04,,104.6,4.24E-04,,106.5,4.98E-04
103.7,4.57E-04,,112.6,9.73E-04,,105.1,4.24E-04,,107,5.00E-04
104.3,4.59E-04,,113.2,9.66E-04,,105.6,4.22E-04,,107.6,4.92E-04
104.7,4.54E-04,,113.8,9.67E-04,,106.1,4.19E-04,,108,4.91E-04
105.3,4.49E-04,,114.3,9.61E-04,,106.6,4.19E-04,,108.6,4.87E-04
105.8,4.52E-04,,114.8,9.58E-04,,107,4.16E-04,,109.1,4.88E-04
106.4,4.47E-04,,115.3,9.48E-04,,107.6,4.18E-04,,109.5,4.86E-04
106.8,4.45E-04,,115.9,9.51E-04,,108.1,4.10E-04,,110.1,4.85E-04
107.4,4.48E-04,,116.3,9.48E-04,,108.7,4.12E-04,,110.6,4.77E-04
108,4.40E-04,,116.9,9.49E-04,,109.3,4.12E-04,,111.3,4.80E-04
108.5,4.35E-04,,117.3,9.42E-04,,109.7,4.10E-04,,111.8,4.72E-04
109,4.33E-04,,117.9,9.41E-04,,110.3,4.07E-04,,112.4,4.72E-04
,4.31E-04,,118.4,9.41E-04,,110.7,4.02E-04,,112.8,4.72E-04
110.1,4.31E-04,,119,9.27E-04,,111.3,4.00E-04,,113.4,4.66E-04
110.5,4.32E-04,,119.6,9.27E-04,,111.7,4.02E-04,,113.8,4.64E-04
111.1,4.28E-04,,120.1,9.21E-04,,112.3,4.01E-04,,114.4,4.65E-04
111.7,4.23E-04,,120.7,9.15E-04,,112.7,3.95E-04,,114.8,4.61E-04
112.2,4.19E-04,,121.2,9.24E-04,,113.3,3.95E-04,,115.4,4.62E-04
112.8,4.16E-04,,121.8,9.19E-04,,113.8,3.92E-04,,116,4.54E-04
113.3,4.17E-04,,122.3,9.07E-04,,114.4,3.88E-04,,116.5,4.54E-04
113.8,4.11E-04,,122.9,9.12E-04,,115,3.90E-04,,117.1,4.52E-04
114.3,4.16E-04,,123.3,8.97E-04,,115.4,3.87E-04,,117.6,4.47E-04
114.8,4.08E-04,,123.9,9.01E-04,,116.1,3.86E-04,,118.3,4.50E-04
,4.09E-04,,124.4,9.00E-04,,116.5,3.84E-04,,118.8,4.44E-04
115.8,4.02E-04,,125,8.94E-04,,117.1,3.79E-04,,119.4,4.44E-04
116.4,4.05E-04,,125.6,8.95E-04,,117.5,3.75E-04,,120,4.33E-04
116.8,4.05E-04,,126.1,8.91E-04,,118.1,3.80E-04,,120.4,4.38E-04
117.5,4.00E-04,,126.8,8.89E-04,,118.6,3.74E-04,,121,4.39E-04
118,3.97E-04,,127.3,8.85E-04,,119.1,3.73E-04,,121.4,4.34E-04
118.6,3.96E-04,,127.9,8.78E-04,,119.7,3.73E-04,,122,4.31E-04
119,3.90E-04,,128.4,8.80E-04,,120.2,3.70E-04,,122.6,4.26E-04
119.7,3.89E-04,,129,8.78E-04,,120.8,3.66E-04,,123.1,4.25E-04
120.1,3.90E-04,,129.5,8.71E-04,,121.3,3.64E-04,,123.8,4.18E-04
120.8,3.89E-04,,130.1,8.71E-04,,121.9,3.59E-04,,124.3,4.19E-04
,3.84E-04,,130.7,8.61E-04,,122.4,3.59E-04,,125,4.21E-04
121.8,3.81E-04,,131.1,8.63E-04,,123,3.53E-04,,125.5,4.16E-04
122.4,3.79E-04,,131.8,8.61E-04,,123.5,3.57E-04,,126.1,4.14E-04
122.8,3.82E-04,,132.2,8.57E-04,,124,3.57E-04,,126.5,4.10E-04
123.5,3.67E-04,,132.9,8.55E-04,,124.6,3.47E-04,,127.2,4.08E-04
124,3.74E-04,,133.4,8.47E-04,,125.1,3.47E-04,,127.6,4.05E-04
124.6,3.66E-04,,134,8.51E-04,,125.7,3.50E-04,,128.2,4.07E-04
125.2,3.68E-04,,134.5,8.41E-04,,126.2,3.47E-04,,128.6,3.99E-04
125.7,3.61E-04,,135.2,8.38E-04,,126.8,3.44E-04,,129.2,3.99E-04
126.4,3.60E-04,,135.8,8.38E-04,,127.5,3.41E-04,,129.9,3.99E-04
126.8,3.55E-04,,136.3,8.37E-04,,128,3.39E-04,,130.4,3.94E-04
127.4,3.53E-04,,136.8,8.30E-04,,128.6,3.37E-04,,131.1,3.90E-04
127.9,3.48E-04,,137.3,8.26E-04,,129.1,3.34E-04,,131.6,3.88E-04
128.5,3.42E-04,,137.9,8.31E-04,,129.7,3.33E-04,,132.3,3.88E-04
129.1,3.39E-04,,138.4,8.25E-04,,130.1,3.32E-04,,132.8,3.89E-04
129.5,3.37E-04,,139.1,8.24E-04,,130.7,3.26E-04,,133.3,3.87E-04
130.2,3.38E-04,,139.8,8.21E-04,,131.3,3.25E-04,,133.8,3.85E-04
130.7,3.40E-04,,140.3,8.14E-04,,131.8,3.24E-04,,134.4,3.83E-04
131.3,3.34E-04,,140.9,8.04E-04,,132.5,3.21E-04,,134.8,3.76E-04
131.8,3.33E-04,,141.5,8.03E-04,,132.9,3.19E-04,,135.4,3.75E-04
,3.29E-04,,142.1,8.00E-04,,133.6,3.22E-04,,136.1,3.74E-04
,3.28E-04,,142.6,8.00E-04,,134.1,3.16E-04,,136.6,3.69E-04
133.6,3.26E-04,,143.2,7.96E-04,,134.7,3.17E-04,,137.2,3.65E-04
134.1,3.20E-04,,143.7,7.90E-04,,135.3,3.13E-04,,137.8,3.68E-04
134.8,3.15E-04,,144.2,7.78E-04,,135.8,3.10E-04,,138.5,3.63E-04
135.3,3.17E-04,,144.7,7.90E-04,,136.4,3.06E-04,,139,3.61E-04
135.8,3.16E-04,,145.4,7.78E-04,,136.8,3.06E-04,,139.7,3.56E-04
136.4,3.12E-04,,145.8,7.83E-04,,137.5,3.05E-04,,140.1,3.56E-04
,3.06E-04,,146.5,7.74E-04,,138.1,3.00E-04,,140.7,3.51E-04
137.5,3.06E-04,,147.1,7.73E-04,,138.5,3.02E-04,,141.2,3.47E-04
138,2.99E-04,,147.6,7.72E-04,,139.2,2.97E-04,,141.8,3.49E-04
,3.03E-04,,148.3,7.62E-04,,139.7,3.02E-04,,142.4,3.48E-04
139.1,3.01E-04,,148.8,7.64E-04,,140.4,2.90E-04,,142.9,3.44E-04
139.8,2.98E-04,,149.5,7.54E-04,,140.9,2.90E-04,,143.6,3.41E-04
140.5,2.93E-04,,150,7.53E-04,,141.5,2.91E-04,,144.1,3.37E-04
141,2.91E-04,,150.6,7.54E-04,,142.1,2.87E-04,,144.8,3.38E-04
141.6,2.94E-04,,151,7.51E-04,,142.6,2.80E-04,,145.3,3.39E-04
142,2.85E-04,,151.6,7.50E-04,,143.3,2.85E-04,,146,3.33E-04
142.6,2.83E-04,,152.3,7.44E-04,,143.7,2.81E-04,,146.5,3.33E-04
143.1,2.82E-04,,152.8,7.36E-04,,144.3,2.79E-04,,147.1,3.27E-04
143.8,2.79E-04,,153.5,7.36E-04,,144.8,2.74E-04,,147.7,3.31E-04
144.2,2.78E-04,,154,7.36E-04,,145.4,2.73E-04,,148.2,3.24E-04
144.9,2.70E-04,,154.7,7.33E-04,,145.9,2.71E-04,,148.8,3.24E-04
145.6,2.68E-04,,155.2,7.30E-04,,146.6,2.71E-04,,149.2,3.23E-04
,2.63E-04,,155.8,7.20E-04,,147.2,2.65E-04,,149.9,3.18E-04
146.7,2.62E-04,,156.3,7.23E-04,,147.7,2.63E-04,,150.4,3.21E-04
147.2,2.61E-04,,156.9,7.18E-04,,148.4,2.60E-04,,151.1,3.15E-04
147.9,2.61E-04,,157.5,7.13E-04,,148.9,2.57E-04,,151.8,3.08E-04
148.3,2.57E-04,,158,7.12E-04,,149.5,2.55E-04,,152.4,3.12E-04
148.9,2.50E-04,,158.6,7.03E-04,,150.1,2.59E-04,,153.1,3.05E-04
149.6,2.46E-04,,159.1,6.99E-04,,150.6,2.54E-04,,153.6,3.04E-04
150,2.51E-04,,159.8,7.07E-04,,151.2,2.54E-04,,154.2,3.08E-04
150.6,2.41E-04,,160.3,6.96E-04,,151.7,2.51E-04,,154.6,3.03E-04
151.1,2.43E-04,,161,6.87E-04,,152.3,2.46E-04,,155.3,3.01E-04
151.8,2.40E-04,,161.5,6.88E-04,,153,2.44E-04,,155.8,2.95E-04
152.5,2.38E-04,,162.1,6.87E-04,,153.5,2.40E-04,,156.3,3.00E-04
152.9,2.32E-04,,162.8,6.77E-04,,154.2,2.40E-04,,157,2.91E-04
153.6,2.32E-04,,163.3,6.70E-04,,154.7,2.37E-04,,157.5,2.91E-04
154.1,2.32E-04,,164,6.75E-04,,155.3,2.38E-04,,158.2,2.88E-04
154.7,2.28E-04,,164.4,6.73E-04,,156,2.30E-04,,158.7,2.93E-04
155.2,2.27E-04,,165,6.69E-04,,156.4,2.31E-04,,159.5,2.87E-04
155.8,2.23E-04,,165.5,6.68E-04,,157,2.23E-04,,160,2.88E-04
156.4,2.20E-04,,166.1,6.59E-04,,157.5,2.19E-04,,160.6,2.85E-04
,2.18E-04,,166.8,6.61E-04,,158.1,2.21E-04,,161.1,2.82E-04
157.5,2.14E-04,,167.3,6.54E-04,,158.7,2.23E-04,,161.7,2.80E-04
158,2.15E-04,,168,6.58E-04,,159.2,2.18E-04,,162.4,2.80E-04
158.7,2.06E-04,,168.5,6.44E-04,,159.9,2.18E-04,,162.8,2.77E-04
159.2,2.07E-04,,169.2,6.45E-04,,160.4,2.17E-04,,163.4,2.79E-04
159.9,2.03E-04,,169.7,6.44E-04,,161.1,2.13E-04,,163.9,2.77E-04
160.5,2.05E-04,,170.3,6.35E-04,,161.6,2.09E-04,,164.7,2.69E-04
,1.97E-04,,170.9,6.31E-04,,162.2,2.08E-04,,165.2,2.70E-04
161.7,1.98E-04,,171.4,6.33E-04,,162.9,2.04E-04,,165.9,2.69E-04
162.2,1.98E-04,,172.1,6.33E-04,,163.3,2.00E-04,,166.5,2.68E-04
162.8,1.94E-04,,172.6,6.24E-04,,163.9,1.98E-04,,167.2,2.63E-04
163.4,1.96E-04,,173.3,6.21E-04,,164.4,1.93E-04,,167.6,2.65E-04
163.9,1.91E-04,,173.7,6.16E-04,,165.1,1.96E-04,,168.3,2.66E-04
164.6,1.91E-04,,174.4,6.15E-04,,165.5,1.92E-04,,168.7,2.61E-04
165,1.87E-04,,175,6.11E-04,,166.2,1.86E-04,,169.2,2.58E-04
165.7,1.86E-04,,175.7,5.99E-04,,166.9,1.87E-04,,169.8,2.56E-04
166.3,1.83E-04,,176.2,6.02E-04,,167.4,1.82E-04,,170.4,2.55E-04
166.9,1.85E-04,,176.9,5.97E-04,,168.1,1.82E-04,,171,2.55E-04
167.6,1.83E-04,,177.3,5.95E-04,,168.6,1.81E-04,,171.5,2.53E-04
168.1,1.79E-04,,178,5.91E-04,,169.2,1.81E-04,,172.2,2.49E-04
168.7,1.79E-04,,178.5,5.93E-04,,169.7,1.77E-04,,172.7,2.53E-04
,1.77E-04,,179.1,5.90E-04,,170.3,1.74E-04,,173.4,2.53E-04
169.8,1.73E-04,,179.7,5.86E-04,,171,1.73E-04,,174.1,2.50E-04
170.3,1.71E-04,,180.2,5.86E-04,,171.5,1.68E-04,,174.6,2.48E-04
170.9,1.71E-04,,180.9,5.80E-04,,172.1,1.70E-04,,175.2,2.47E-04
171.6,1.70E-04,,181.4,5.77E-04,,172.6,1.63E-04,,175.7,2.42E-04
172.1,1.70E-04,,182,5.72E-04,,173.3,1.59E-04,,176.3,2.46E-04
,1.67E-04,,182.6,5.66E-04,,173.8,1.62E-04,,176.8,2.38E-04
173.3,1.67E-04,,183.3,5.69E-04,,174.5,1.60E-04,,177.4,2.41E-04
174,1.63E-04,,184,5.64E-04,,175.1,1.58E-04,,177.9,2.38E-04
174.7,1.63E-04,,184.5,5.58E-04,,175.7,1.58E-04,,178.5,2.41E-04
175.2,1.60E-04,,185.1,5.59E-04,,176.3,1.49E-04,,179.3,2.34E-04
175.8,1.60E-04,,185.5,5.50E-04,,176.8,1.51E-04,,179.9,2.38E-04
176.3,1.63E-04,,186.2,5.53E-04,,177.4,1.49E-04,,180.6,2.38E-04
176.9,1.59E-04,,186.6,5.49E-04,,178,1.48E-04,,181.1,2.35E-04
177.5,1.55E-04,,187.3,5.44E-04,,178.5,1.46E-04,,181.8,2.34E-04
178.1,1.55E-04,,187.8,5.40E-04,,179.2,1.44E-04,,182.2,2.33E-04
178.7,1.51E-04,,188.5,5.43E-04,,179.7,1.47E-04,,182.9,2.28E-04
179.2,1.48E-04,,189.2,5.37E-04,,180.3,1.42E-04,,183.5,2.31E-04
179.9,1.49E-04,,189.7,5.36E-04,,181,1.40E-04,,184,2.32E-04
180.5,1.49E-04,,190.4,5.30E-04,,181.6,1.40E-04,,184.5,2.32E-04
181.1,1.45E-04,,190.9,5.25E-04,,182.3,1.38E-04,,185,2.32E-04
181.8,1.46E-04,,191.6,5.26E-04,,182.7,1.31E-04,,185.7,2.29E-04
182.3,1.43E-04,,192.1,5.24E-04,,183.5,1.31E-04,,186.2,2.29E-04
182.9,1.42E-04,,192.7,5.23E-04,,183.9,1.31E-04,,186.9,2.33E-04
183.4,1.42E-04,,193.2,5.18E-04,,184.5,1.28E-04,,187.7,2.24E-04
184,1.44E-04,,193.8,5.08E-04,,185.2,1.29E-04,,188.2,2.26E-04
184.5,1.40E-04,,194.5,5.13E-04,,185.6,1.29E-04,,188.9,2.27E-04
185.2,1.38E-04,,194.9,5.08E-04,,186.3,1.22E-04,,189.4,2.27E-04
185.8,1.40E-04,,195.6,5.01E-04,,186.7,1.24E-04,,189.9,2.17E-04
186.4,1.34E-04,,196.2,5.02E-04,,187.5,1.24E-04,,190.4,2.22E-04
187.1,1.36E-04,,196.9,5.00E-04,,188.2,1.22E-04,,191.1,2.23E-04
187.6,1.34E-04,,197.4,4.98E-04,,188.7,1.23E-04,,191.8,2.22E-04
188.2,1.33E-04,,198.2,4.94E-04,,189.4,1.20E-04,,192.3,2.22E-04
188.8,1.35E-04,,198.8,4.90E-04,,189.9,1.17E-04,,193,2.22E-04
189.4,1.32E-04,,199.3,4.83E-04,,190.6,1.16E-04,,193.5,2.16E-04
190,1.31E-04,,199.9,4.77E-04,,191.2,1.15E-04,,194.2,2.18E-04
190.5,1.29E-04,,200.4,4.80E-04,,191.7,1.15E-04,,194.9,2.18E-04
191.1,1.26E-04,,201,4.85E-04,,192.3,1.11E-04,,195.4,2.16E-04
191.6,1.28E-04,,201.5,4.79E-04,,192.9,1.11E-04,,196.1,2.18E-04
192.2,1.26E-04,,202.2,4.72E-04,,193.5,1.10E-04,,196.5,2.16E-04
192.9,1.23E-04,,202.7,4.71E-04,,194.2,1.13E-04,,197.1,2.16E-04
193.5,1.25E-04,,203.4,4.70E-04,,194.7,1.07E-04,,197.6,2.13E-04
,1.23E-04,,204.1,4.67E-04,,195.4,1.08E-04,,198.1,2.16E-04
194.7,1.21E-04,,204.7,4.66E-04,,195.9,1.08E-04,,198.8,2.19E-04
195.4,1.22E-04,,205.4,4.57E-04,,196.6,1.04E-04,,199.3,2.13E-04
196.1,1.23E-04,,205.9,4.55E-04,,197.2,9.99E-05,,200.1,2.14E-04
196.5,1.21E-04,,206.6,4.55E-04,,197.7,9.92E-05,,200.6,2.11E-04
197.1,1.23E-04,,207.2,4.55E-04,,198.3,1.01E-04,,201.3,2.14E-04
197.6,1.19E-04,,207.7,4.48E-04,,198.8,9.97E-05,,201.8,2.16E-04
198.3,1.23E-04,,208.3,4.52E-04,,199.4,9.53E-05,,202.5,2.09E-04
198.7,1.19E-04,,208.8,4.48E-04,,200.1,9.85E-05,,203,2.06E-04
199.4,1.16E-04,,209.5,4.42E-04,,200.6,9.77E-05,,203.6,2.08E-04
200.1,1.18E-04,,210,4.46E-04,,201.3,9.98E-05,,204.1,2.06E-04
200.6,1.17E-04,,210.8,4.41E-04,,201.8,9.64E-05,,204.6,2.05E-04
201.3,1.15E-04,,211.3,4.41E-04,,202.5,9.41E-05,,205.3,2.08E-04
201.8,1.17E-04,,212,4.41E-04,,203.1,9.11E-05,,205.7,2.04E-04
202.5,1.13E-04,,212.7,4.32E-04,,203.8,9.60E-05,,206.4,2.02E-04
202.9,1.15E-04,,213.2,4.32E-04,,204.4,9.08E-05,,207.3,2.06E-04
203.6,1.14E-04,,213.8,4.27E-04,,204.9,9.22E-05,,207.8,2.03E-04
204.2,1.16E-04,,214.3,4.30E-04,,205.5,9.21E-05,,208.6,1.97E-04
204.6,1.13E-04,,214.9,4.26E-04,,205.9,9.14E-05,,209.1,2.03E-04
205.3,1.13E-04,,215.4,4.25E-04,,206.6,8.63E-05,,209.8,2.02E-04
205.8,1.11E-04,,216,4.26E-04,,207.1,8.96E-05,,210.4,2.00E-04
,1.11E-04,,216.5,4.24E-04,,207.8,8.93E-05,,210.9,1.98E-04
207.3,1.12E-04,,217.2,4.18E-04,,208.3,8.67E-05,,211.4,1.98E-04
207.8,1.10E-04,,217.8,4.20E-04,,209.1,8.64E-05,,211.9,2.00E-04
208.5,1.11E-04,,218.5,4.11E-04,,209.8,8.96E-05,,212.5,2.01E-04
209,1.10E-04,,219.2,4.18E-04,,210.3,8.37E-05,,213.3,1.94E-04
209.7,1.08E-04,,219.7,4.12E-04,,211,8.53E-05,,213.9,1.96E-04
210.2,1.08E-04,,220.5,4.09E-04,,211.5,8.52E-05,,214.6,1.94E-04
210.8,1.06E-04,,220.9,4.12E-04,,212.2,8.54E-05,,215.2,1.95E-04
211.4,1.09E-04,,221.5,3.98E-04,,212.6,8.32E-05,,215.9,1.95E-04
211.9,1.08E-04,,222.1,4.07E-04,,213.2,8.30E-05,,216.6,1.89E-04
212.5,1.08E-04,,222.7,4.09E-04,,213.9,8.04E-05,,217.1,1.90E-04
213,1.11E-04,,223.2,3.96E-04,,214.4,8.51E-05,,217.7,1.91E-04
213.7,1.08E-04,,223.9,3.98E-04,,215.1,8.27E-05,,218.1,1.85E-04
214.5,1.09E-04,,224.4,3.98E-04,,215.6,8.44E-05,,218.7,1.84E-04
215,1.06E-04,,225.1,3.90E-04,,216.4,8.13E-05,,219.2,1.89E-04
215.7,1.08E-04,,225.8,3.92E-04,,217.1,8.23E-05,,219.9,1.88E-04
216.2,1.08E-04,,226.4,3.88E-04,,217.6,8.30E-05,,220.5,1.86E-04
216.9,1.10E-04,,227,3.97E-04,,218.3,8.35E-05,,221.1,1.83E-04
217.5,1.03E-04,,227.6,3.91E-04,,218.8,8.07E-05,,221.9,1.87E-04
217.9,1.06E-04,,228.2,3.82E-04,,219.4,8.14E-05,,222.5,1.82E-04
218.6,1.06E-04,,228.7,3.86E-04,,220.1,7.94E-05,,223.3,1.81E-04
219.1,1.08E-04,,229.3,3.82E-04,,220.5,8.44E-05,,223.9,1.75E-04
219.7,1.09E-04,,229.8,3.81E-04,,221.2,8.09E-05,,224.6,1.80E-04
,1.08E-04,,230.5,3.81E-04,,221.7,7.73E-05,,225,1.80E-04
,1.04E-04,,231.1,3.79E-04,,222.4,8.12E-05,,225.6,1.77E-04
221.7,1.06E-04,,231.7,3.82E-04,,223.1,7.89E-05,,226.2,1.72E-04
222.2,1.06E-04,,232.4,3.77E-04,,223.7,8.14E-05,,226.6,1.75E-04
222.9,1.04E-04,,233,3.78E-04,,224.4,7.66E-05,,227.3,1.72E-04
223.4,1.05E-04,,233.7,3.69E-04,,224.9,8.12E-05,,227.8,1.73E-04
224.1,1.01E-04,,234.2,3.70E-04,,225.6,8.21E-05,,228.5,1.71E-04
224.7,1.02E-04,,234.9,3.69E-04,,226,7.83E-05,,229.3,1.68E-04
225.1,1.03E-04,,235.4,3.69E-04,,226.7,8.14E-05,,229.9,1.69E-04
225.8,1.00E-04,,236,3.66E-04,,227.2,7.80E-05,,230.7,1.70E-04
226.3,1.06E-04,,236.5,3.62E-04,,227.8,8.05E-05,,231.3,1.63E-04
227,1.02E-04,,237.1,3.58E-04,,228.4,8.23E-05,,231.9,1.62E-04
227.5,1.05E-04,,237.8,3.59E-04,,229,8.12E-05,,232.4,1.64E-04
228.3,9.98E-05,,238.3,3.61E-04,,229.7,7.79E-05,,233,1.55E-04
229,1.01E-04,,239.1,3.53E-04,,230.2,7.96E-05,,233.6,1.61E-04
229.6,1.00E-04,,239.6,3.54E-04,,231,8.09E-05,,234,1.60E-04
230.3,1.02E-04,,240.3,3.52E-04,,231.6,8.13E-05,,234.6,1.57E-04
230.8,9.96E-05,,240.8,3.52E-04,,232.3,8.10E-05,,235.2,1.56E-04
231.4,9.76E-05,,241.5,3.49E-04,,232.8,7.99E-05,,235.9,1.56E-04
231.8,9.87E-05,,242.1,3.48E-04,,233.5,8.11E-05,,236.6,1.51E-04
232.5,1.02E-04,,242.5,3.40E-04,,234.1,7.95E-05,,237.2,1.47E-04
233.1,9.87E-05,,243.2,3.45E-04,,234.6,7.95E-05,,237.9,1.49E-04
233.6,9.66E-05,,243.7,3.39E-04,,235.2,8.15E-05,,238.5,1.48E-04
234.4,9.88E-05,,244.3,3.31E-04,,235.7,7.85E-05,,239.1,1.44E-04
234.9,9.65E-05,,244.9,3.28E-04,,236.3,8.18E-05,,239.6,1.43E-04
235.6,9.83E-05,,245.6,3.31E-04,,237,7.95E-05,,240.3,1.42E-04
236.2,9.65E-05,,246.1,3.25E-04,,237.6,8.33E-05,,240.8,1.36E-04
236.9,9.77E-05,,246.9,3.26E-04,,238.3,8.22E-05,,241.3,1.40E-04
237.6,9.88E-05,,247.6,3.19E-04,,238.9,8.39E-05,,241.9,1.35E-04
,9.59E-05,,248.1,3.19E-04,,239.6,8.14E-05,,242.4,1.33E-04
238.6,9.53E-05,,248.8,3.18E-04,,240.2,8.28E-05,,243.2,1.30E-04
239.1,9.67E-05,,249.3,3.13E-04,,240.8,8.33E-05,,243.8,1.29E-04
239.8,9.75E-05,,250,3.18E-04,,241.5,8.11E-05,,244.6,1.32E-04
240.5,9.46E-05,,250.4,3.05E-04,,241.9,7.69E-05,,245.2,1.27E-04
241,9.52E-05,,251.1,3.02E-04,,242.6,8.17E-05,,245.8,1.24E-04
241.7,9.08E-05,,251.6,3.04E-04,,243,8.15E-05,,246.4,1.26E-04
242.3,9.58E-05,,252.3,3.01E-04,,243.7,7.66E-05,,246.9,1.18E-04
243,9.23E-05,,253.1,2.96E-04,,244.2,7.79E-05,,247.5,1.19E-04
243.6,9.12E-05,,253.6,2.85E-04,,245,7.51E-05,,248.1,1.12E-04
244.3,9.00E-05,,254.3,2.83E-04,,245.7,8.26E-05,,248.6,1.17E-04
245,8.90E-05,,254.9,2.88E-04,,246.3,7.87E-05,,249.3,1.16E-04
245.4,9.03E-05,,255.6,2.80E-04,,247,7.50E-05,,249.8,1.09E-04
246,8.84E-05,,256.1,2.79E-04,,247.5,7.46E-05,,250.6,1.11E-04
246.5,8.92E-05,,256.7,2.75E-04,,248.2,7.60E-05,,251.1,1.08E-04
247.1,8.91E-05,,257.4,2.72E-04,,248.9,7.72E-05,,251.9,1.08E-04
247.7,9.07E-05,,257.9,2.70E-04,,249.3,7.65E-05,,252.4,1.03E-04
248.4,8.93E-05,,258.5,2.63E-04,,249.9,7.93E-05,,253.1,1.04E-04
249.2,9.10E-05,,259,2.63E-04,,250.4,7.25E-05,,253.8,1.02E-04
249.7,8.69E-05,,259.8,2.58E-04,,251.1,7.21E-05,,254.2,9.99E-05
250.4,8.50E-05,,260.5,2.58E-04,,251.8,7.33E-05,,254.8,9.74E-05
251,8.61E-05,,261.1,2.53E-04,,252.4,7.44E-05,,255.3,9.92E-05
251.6,8.67E-05,,261.9,2.48E-04,,253.1,7.08E-05,,256,9.63E-05
252.2,8.53E-05,,262.5,2.39E-04,,253.7,7.14E-05,,256.8,9.29E-05
252.8,8.63E-05,,263.2,2.38E-04,,254.5,6.95E-05,,257.4,9.32E-05
253.4,8.43E-05,,263.6,2.41E-04,,255,7.20E-05,,258.1,9.01E-05
253.9,8.57E-05,,264.3,2.42E-04,,255.7,6.81E-05,,258.7,8.72E-05
254.6,8.40E-05,,264.9,2.39E-04,,256.4,6.80E-05,,259.4,8.75E-05
255.1,8.06E-05,,265.4,2.33E-04,,256.8,6.72E-05,,260,8.51E-05
255.8,8.23E-05,,266.1,2.29E-04,,257.5,6.62E-05,,260.6,8.19E-05
256.6,7.90E-05,,266.6,2.32E-04,,257.9,6.34E-05,,261.2,8.22E-05
257.2,7.79E-05,,267.4,2.25E-04,,258.6,6.33E-05,,261.6,7.75E-05
257.9,7.97E-05,,267.9,2.21E-04,,259.3,6.24E-05,,262.2,8.04E-05
258.4,7.92E-05,,268.7,2.18E-04,,259.9,5.90E-05,,262.7,7.98E-05
259.1,7.80E-05,,269.3,2.14E-04,,260.7,6.13E-05,,263.3,7.82E-05
259.6,7.93E-05,,270,2.13E-04,,261.2,6.08E-05,,264.1,7.48E-05
260.2,7.54E-05,,270.7,2.14E-04,,262,5.77E-05,,264.7,7.30E-05
260.8,7.12E-05,,271.2,2.10E-04,,262.6,5.40E-05,,265.5,7.22E-05
261.4,7.55E-05,,271.8,2.14E-04,,263.2,5.40E-05,,266.1,7.72E-05
262,7.23E-05,,272.3,2.05E-04,,263.8,5.52E-05,,266.8,7.18E-05
262.6,6.97E-05,,273,2.05E-04,,264.3,5.32E-05,,267.5,7.16E-05
263.3,6.97E-05,,273.5,2.03E-04,,265,4.98E-05,,268,6.40E-05
264.1,6.70E-05,,274.2,2.01E-04,,265.4,5.20E-05,,268.6,6.62E-05
264.6,6.97E-05,,274.7,2.02E-04,,266.1,4.70E-05,,269,6.78E-05
265.3,6.57E-05,,275.5,1.97E-04,,266.9,4.49E-05,,269.7,6.70E-05
265.8,6.55E-05,,276.1,1.90E-04,,267.4,4.90E-05,,270.3,6.63E-05
266.5,6.47E-05,,276.8,1.95E-04,,268.2,4.61E-05,,270.8,6.38E-05
267,6.31E-05,,277.6,1.91E-04,,268.8,4.66E-05,,271.6,6.44E-05
267.6,6.32E-05,,278.1,1.88E-04,,269.5,4.21E-05,,272.1,6.46E-05
268.3,6.26E-05,,278.8,1.87E-04,,270.2,4.50E-05,,272.9,5.96E-05
268.8,5.98E-05,,279.2,1.87E-04,,270.7,4.34E-05,,273.5,5.98E-05
269.5,6.00E-05,,279.9,1.83E-04,,271.3,4.42E-05,,274.3,6.21E-05
270.1,5.68E-05,,280.4,1.76E-04,,271.8,3.88E-05,,275,5.93E-05
270.8,5.78E-05,,281,1.78E-04,,272.4,4.18E-05,,275.4,5.82E-05
271.4,5.42E-05,,281.6,1.80E-04,,273.1,3.81E-05,,276,5.76E-05
272.1,5.19E-05,,282.4,1.77E-04,,273.6,3.82E-05,,276.4,5.59E-05
272.8,5.32E-05,,283.2,1.75E-04,,274.4,3.56E-05,,277,5.54E-05
273.3,4.94E-05,,283.7,1.73E-04,,275,3.35E-05,,277.7,5.49E-05
273.9,5.25E-05,,284.5,1.69E-04,,275.7,3.03E-05,,278.3,5.62E-05
274.4,5.18E-05,,284.9,1.71E-04,,276.3,3.63E-05,,279.2,5.67E-05
275,4.63E-05,,285.6,1.65E-04,,277,3.45E-05,,279.7,5.27E-05
275.5,4.92E-05,,286.2,1.61E-04,,277.7,3.11E-05,,280.5,5.48E-05
276.2,5.08E-05,,286.8,1.66E-04,,278.1,3.25E-05,,281.1,5.56E-05
276.7,4.88E-05,,287.3,1.68E-04,,278.7,2.97E-05,,281.7,5.47E-05
277.5,4.46E-05,,287.9,1.59E-04,,279.2,2.83E-05,,282.3,5.22E-05
278.2,4.26E-05,,288.7,1.62E-04,,279.8,3.15E-05,,282.8,5.18E-05
278.9,4.66E-05,,289.2,1.60E-04,,280.5,2.85E-05,,283.5,5.24E-05
,4.44E-05,,290,1.56E-04,,281.1,2.64E-05,,283.9,4.91E-05
,4.33E-05,,290.6,1.54E-04,,281.9,3.03E-05,,284.5,5.33E-05
,4.22E-05,,291.4,1.52E-04,,282.4,2.24E-05,,285.3,5.28E-05
281.4,4.35E-05,,291.9,1.54E-04,,283.2,2.35E-05,,285.9,4.93E-05
281.8,4.10E-05,,292.6,1.51E-04,,283.7,2.13E-05,,286.7,4.80E-05
282.5,4.18E-05,,293.1,1.50E-04,,284.4,2.46E-05,,287.4,4.80E-05
283,4.06E-05,,293.7,1.50E-04,,285,2.34E-05,,288.2,4.48E-05
283.7,4.05E-05,,294.2,1.49E-04,,285.5,2.33E-05,,288.7,4.58E-05
284.5,4.12E-05,,294.9,1.50E-04,,286.1,2.44E-05,,289.5,4.79E-05
285.1,3.78E-05,,295.3,1.46E-04,,286.6,2.24E-05,,290,4.63E-05
285.9,3.78E-05,,296,1.44E-04,,287.3,2.17E-05,,290.5,4.65E-05
286.4,3.72E-05,,296.8,1.46E-04,,288,2.11E-05,,291.1,4.56E-05
287.2,3.75E-05,,297.4,1.41E-04,,288.6,2.00E-05,,291.6,4.69E-05
287.8,3.70E-05,,298.2,1.41E-04,,289.3,1.66E-05,,292.2,4.23E-05
288.3,3.75E-05,,298.8,1.41E-04,,289.9,2.06E-05,,292.8,4.40E-05
289,3.73E-05,,299.5,1.34E-04,,290.6,1.91E-05,,293.6,4.31E-05
289.4,3.39E-05,,300.1,1.37E-04,,291.4,1.79E-05,,294.3,4.46E-05
290.1,3.61E-05,,300.6,1.31E-04,,291.9,1.83E-05,,294.9,4.36E-05
290.8,3.76E-05,,301.2,1.33E-04,,292.5,1.65E-05,,295.7,4.70E-05
291.5,3.45E-05,,301.7,1.27E-04,,293,1.70E-05,,296.3,4.08E-05
292.2,3.66E-05,,302.4,1.25E-04,,293.6,1.71E-05,,297,4.13E-05
292.8,3.60E-05,,302.9,1.29E-04,,294.3,1.72E-05,,297.6,4.29E-05
293.5,3.48E-05,,303.7,1.31E-04,,294.8,1.93E-05,,298.1,4.34E-05
294.1,3.70E-05,,304.3,1.29E-04,,295.5,1.52E-05,,298.6,3.75E-05
294.8,3.52E-05,,305.1,1.28E-04,,296.1,1.29E-05,,299.1,4.28E-05
295.5,3.13E-05,,305.7,1.29E-04,,296.9,1.60E-05,,299.7,4.22E-05
295.9,3.46E-05,,306.4,1.25E-04,,297.5,1.42E-05,,300.3,3.95E-05
296.5,3.27E-05,,307.1,1.26E-04,,298.3,1.41E-05,,301.1,3.88E-05
297.1,3.36E-05,,307.7,1.20E-04,,299,1.41E-05,,302,3.85E-05
,2.93E-05,,308.3,1.17E-04,,299.5,1.48E-05,,302.6,3.88E-05
298.4,3.33E-05,,308.8,1.16E-04,,300.1,1.31E-05,,303.4,3.74E-05
299.1,3.01E-05,,309.5,1.16E-04,,300.6,1.42E-05,,303.9,3.91E-05
299.9,3.26E-05,,310,1.15E-04,,301.2,1.48E-05,,304.6,3.89E-05
300.5,3.05E-05,,310.7,1.19E-04,,301.7,1.34E-05,,305,3.44E-05
301.2,2.94E-05,,311.3,1.16E-04,,302.4,1.20E-05,,305.6,3.69E-05
301.7,3.06E-05,,312.1,1.13E-04,,303.2,1.14E-05,,306.2,3.52E-05
302.4,2.90E-05,,312.7,1.11E-04,,303.8,1.29E-05,,306.7,3.53E-05
302.9,3.09E-05,,313.5,1.14E-04,,304.6,1.14E-05,,307.4,3.50E-05
303.5,2.90E-05,,314.4,1.07E-04,,305.2,1.25E-05,,308.1,3.70E-05
304.2,2.71E-05,,314.9,1.11E-04,,306,1.01E-05,,308.9,3.20E-05
304.7,2.59E-05,,315.6,1.08E-04,,306.5,1.26E-05,,309.8,3.71E-05
305.5,2.68E-05,,316.1,1.07E-04,,307.1,9.24E-06,,310.4,3.34E-05
306.1,2.74E-05,,316.7,1.10E-04,,307.8,1.46E-05,,311.2,3.59E-05
306.9,2.80E-05,,317.1,1.12E-04,,308.3,9.37E-06,,311.7,3.22E-05
307.5,2.50E-05,,317.7,1.03E-04,,309,1.00E-05,,312.3,3.42E-05
308.2,2.26E-05,,318.3,1.02E-04,,309.4,1.11E-05,,312.7,3.22E-05
309,2.38E-05,,319.1,9.95E-05,,310.2,9.64E-06,,313.2,3.01E-05
309.4,2.36E-05,,319.7,1.03E-04,,311,8.85E-06,,313.9,3.15E-05
310.1,2.16E-05,,320.5,9.68E-05,,311.6,1.11E-05,,314.4,2.99E-05
310.6,2.15E-05,,321.3,1.04E-04,,312.4,7.49E-06,,315.3,3.33E-05
311.2,2.07E-05,,321.9,9.65E-05,,312.9,8.82E-06,,315.8,3.39E-05
311.9,2.32E-05,,322.6,9.87E-05,,313.7,1.03E-05,,316.7,3.06E-05
312.4,1.95E-05,,323.1,9.90E-05,,314.4,9.03E-06,,317.5,2.84E-05
313.3,1.98E-05,,323.8,9.58E-05,,314.8,4.36E-06,,318.1,2.65E-05
313.8,1.85E-05,,324.2,9.60E-05,,315.5,8.80E-06,,318.8,3.13E-05
,2.23E-05,,324.8,9.69E-05,,316,9.18E-06,,319.3,3.13E-05
315.3,1.75E-05,,325.3,9.95E-05,,316.6,9.15E-06,,320,2.86E-05
316,1.98E-05,,326,9.45E-05,,317.4,8.29E-06,,320.5,2.83E-05
316.7,1.62E-05,,326.7,9.10E-05,,317.9,7.87E-06,,320.9,2.94E-05
317.2,2.02E-05,,327.3,8.73E-05,,318.7,8.32E-06,,321.5,2.87E-05
317.9,1.58E-05,,328.1,8.69E-05,,319.4,1.05E-05,,322,2.67E-05
318.3,1.65E-05,,328.7,8.85E-05,,320.1,5.22E-06,,322.8,2.71E-05
319,1.67E-05,,329.4,8.77E-05,,320.9,7.88E-06,,323.4,2.63E-05
319.7,1.48E-05,,330,8.55E-05,,321.4,5.14E-06,,324.3,2.82E-05
320.3,1.46E-05,,330.7,8.23E-05,,322,6.76E-06,,325.2,2.58E-05
321.1,1.72E-05,,331.2,8.24E-05,,322.5,4.11E-06,,325.8,2.84E-05
321.7,1.44E-05,,331.8,8.45E-05,,323.1,3.05E-06,,326.5,2.84E-05
322.4,1.29E-05,,332.3,7.93E-05,,323.7,7.71E-06,,327,2.44E-05
323,1.23E-05,,332.8,7.84E-05,,324.2,3.46E-06,,327.6,2.18E-05
323.8,1.13E-05,,333.5,7.85E-05,,325,4.59E-06,,328,2.03E-05
324.4,1.44E-05,,334.1,7.62E-05,,325.5,3.43E-06,,328.6,2.43E-05
324.9,1.22E-05,,334.9,7.79E-05,,326.3,4.63E-06,,329.2,2.40E-05
325.5,9.10E-06,,335.5,7.76E-05,,326.9,4.14E-06,,329.7,2.08E-05
,1.12E-05,,336.3,7.59E-05,,327.7,2.70E-06,,330.5,2.16E-05
326.7,1.27E-05,,337,7.62E-05,,328.4,4.43E-06,,331.2,2.41E-05
327.4,9.99E-06,,337.6,7.43E-05,,328.9,8.41E-07,,332,2.44E-05
328.1,1.02E-05,,338.2,7.14E-05,,329.5,8.39E-07,,332.9,2.21E-05
328.9,1.07E-05,,338.7,7.40E-05,,330,5.39E-06,,333.5,2.15E-05
329.4,9.00E-06,,339.2,7.22E-05,,330.6,3.09E-06,,334.2,2.14E-05
330.2,1.00E-05,,339.9,7.04E-05,,331.2,1.86E-06,,334.7,2.29E-05
331,9.91E-06,,340.4,6.98E-05,,331.8,1.62E-06,,335.1,2.14E-05
331.4,7.19E-06,,341.1,6.58E-05,,332.6,1.50E-06,,335.5,2.07E-05
332.1,4.71E-06,,341.7,7.19E-05,,333.2,1.54E-06,,336.1,2.15E-05
332.5,6.76E-06,,342.6,6.73E-05,,334,5.17E-07,,336.8,1.77E-05
333.2,7.14E-06,,343.4,6.45E-05,,334.8,3.24E-06,,337.3,2.26E-05
333.6,4.27E-06,,343.9,6.36E-05,,335.3,-4.87E-07,,338.2,1.71E-05
334.4,4.94E-06,,344.7,6.48E-05,,336.1,-6.48E-07,,338.8,1.78E-05
335.2,3.22E-06,,345.2,6.80E-05,,336.6,-1.88E-06,,339.7,2.26E-05
335.8,5.88E-06,,345.8,6.34E-05,,337.2,-1.93E-06,,340.3,1.91E-05
336.6,6.97E-06,,346.2,6.35E-05,,337.8,-2.57E-06,,341,1.73E-05
337.1,3.25E-06,,346.8,6.15E-05,,338.3,-5.46E-07,,341.6,2.15E-05
337.8,6.84E-07,,347.5,6.29E-05,,339,-4.43E-07,,342.1,1.88E-05
338.4,3.79E-06,,348,5.93E-05,,339.5,-1.93E-06,,342.7,1.75E-05
338.9,2.12E-06,,348.8,6.26E-05,,340.3,-2.01E-06,,343,1.75E-05
339.5,3.26E-06,,349.4,6.11E-05,,340.9,-2.29E-07,,343.6,2.05E-05
340,1.07E-06,,350.2,6.35E-05,,341.6,-5.91E-06,,344.3,1.71E-05
340.7,1.30E-06,,350.7,5.72E-05,,342.4,-1.09E-06,,344.9,1.82E-05
341.2,4.10E-06,,351.5,5.26E-05,,343,-2.24E-06,,345.7,1.73E-05
341.9,7.34E-07,,352.1,5.62E-05,,343.7,-4.50E-06,,346.3,1.92E-05
342.8,3.19E-06,,352.6,5.67E-05,,344.1,-6.54E-06,,347.2,1.58E-05
343.3,-3.84E-07,,353.3,5.52E-05,,344.8,-4.46E-06,,347.8,1.58E-05
344.1,-4.10E-07,,353.7,5.18E-05,,345.4,-3.75E-06,,348.5,1.67E-05
344.7,-2.03E-06,,354.4,5.19E-05,,345.9,-4.34E-06,,349.1,2.04E-05
345.4,1.27E-06,,354.9,5.71E-05,,346.6,-2.85E-06,,349.6,1.81E-05
345.9,-3.24E-06,,355.6,5.14E-05,,347.2,-3.01E-06,,350.1,1.56E-05
346.5,-1.92E-06,,356.4,5.43E-05,,348,-3.86E-06,,350.5,1.61E-05
347.1,1.26E-06,,357,4.95E-05,,348.8,-4.56E-06,,351.1,1.92E-05
347.6,-5.10E-06,,357.9,4.78E-05,,349.4,-4.34E-06,,351.6,1.65E-05
348.3,-5.19E-06,,358.4,4.93E-05,,350.2,-8.06E-06,,352.4,2.07E-05
348.8,-7.69E-07,,359.1,5.30E-05,,350.7,-5.26E-06,,353.3,1.52E-05
349.6,-7.37E-07,,359.6,4.95E-05,,351.3,-3.49E-06,,354,1.61E-05
350.4,-2.16E-06,,360.2,5.08E-05,,351.8,-7.38E-06,,354.8,1.88E-05
351,-3.02E-06,,360.7,5.23E-05,,352.4,-8.89E-06,,355.4,1.43E-05
351.7,-4.09E-06,,361.2,4.73E-05,,353,-5.69E-06,,356.1,1.45E-05
352.4,-4.68E-06,,362,4.76E-05,,353.6,-8.70E-06,,356.5,1.95E-05
352.9,-5.39E-06,,362.5,4.79E-05,,354.3,-6.78E-06,,357.1,1.44E-05
353.5,-4.42E-06,,363.3,4.89E-05,,354.9,-4.85E-06,,357.6,1.54E-05
353.9,-4.10E-06,,364.1,4.67E-05,,355.7,-1.00E-05,,358,1.39E-05
354.6,-4.10E-06,,364.7,4.62E-05,,356.5,-1.23E-05,,358.7,1.48E-05
355.1,-4.30E-06,,365.4,3.63E-05,,357,-1.10E-05,,359.3,1.51E-05
355.8,-4.54E-06,,366,4.24E-05,,357.8,-8.52E-06,,360.1,1.54E-05
356.6,-7.02E-06,,366.7,4.58E-05,,358.3,-9.06E-06,,360.8,1.52E-05
357.2,-8.15E-06,,367.2,4.41E-05,,358.9,-1.17E-05,,361.6,1.54E-05
358.1,-4.75E-06,,367.8,4.05E-05,,359.3,-7.35E-06,,362.4,1.70E-05
358.6,-7.92E-06,,368.4,4.41E-05,,359.9,-9.77E-06,,363,1.63E-05
359.3,-4.51E-06,,368.9,4.26E-05,,360.6,-1.05E-05,,363.6,1.33E-05
360,-6.88E-06,,369.6,4.44E-05,,361.1,-7.30E-06,,364,1.53E-05
360.5,-3.12E-06,,370.2,3.59E-05,,362,-1.12E-05,,364.6,1.51E-05
361.1,-6.57E-06,,371,4.80E-05,,362.6,-1.27E-05,,365,1.29E-05
361.5,-6.29E-06,,371.8,4.19E-05,,363.4,-1.27E-05,,365.6,1.65E-05
362.3,-5.85E-06,,372.5,4.14E-05,,364.2,-1.26E-05,,366.3,1.60E-05
362.9,-5.52E-06,,373.2,4.19E-05,,364.7,-1.39E-05,,366.9,1.60E-05
363.5,-6.55E-06,,373.7,3.97E-05,,365.5,-1.33E-05,,367.8,1.53E-05
,-8.84E-06,,374.3,4.40E-05,,365.9,-1.23E-05,,368.4,1.68E-05
364.9,-1.11E-05,,375,3.77E-05,,366.6,-1.27E-05,,369.2,1.41E-05
365.7,-5.88E-06,,375.4,4.41E-05,,367,-1.21E-05,,370,1.58E-05
366.2,-8.88E-06,,375.8,3.85E-05,,367.7,-1.33E-05,,370.5,1.46E-05
,-4.93E-06,,376.6,4.19E-05,,368.3,-1.22E-05,,371.1,1.71E-05
367.6,-4.26E-06,,377.2,3.80E-05,,368.9,-1.30E-05,,371.6,1.85E-05
368,-6.76E-06,,377.9,3.66E-05,,369.7,-1.27E-05,,372,1.71E-05
368.6,-7.42E-06,,378.7,3.65E-05,,370.4,-1.42E-05,,372.4,1.27E-05
369.1,-4.26E-06,,379.3,3.57E-05,,371.2,-1.18E-05,,373.1,1.60E-05
369.8,-8.00E-06,,380.1,3.57E-05,,371.8,-1.53E-05,,373.9,2.02E-05
370.6,-3.79E-06,,380.9,3.67E-05,,372.6,-1.37E-05,,374.5,1.62E-05
371.2,-5.72E-06,,381.4,3.57E-05,,373.2,-1.26E-05,,375.4,1.39E-05
372.1,-7.95E-06,,382,3.66E-05,,373.7,-1.49E-05,,376.1,1.32E-05
,-3.67E-06,,382.5,3.62E-05,,374.3,-1.48E-05,,376.9,1.63E-05
373.5,-5.89E-06,,383.1,3.24E-05,,374.8,-1.36E-05,,377.6,1.50E-05
374,-7.47E-06,,383.6,4.29E-05,,375.5,-1.22E-05,,378.1,1.60E-05
374.7,-5.22E-06,,384.3,3.76E-05,,376,-1.19E-05,,378.7,1.60E-05
375.3,-6.14E-06,,384.9,3.42E-05,,376.8,-1.16E-05,,379,1.58E-05
375.7,-9.63E-06,,385.7,3.87E-05,,377.7,-1.51E-05,,379.6,1.64E-05
376.4,-4.84E-06,,386.5,3.84E-05,,378.3,-1.18E-05,,380.1,1.68E-05
,-8.87E-06,,387.2,3.82E-05,,379.1,-1.41E-05,,380.7,1.68E-05
,-7.54E-06,,387.9,3.39E-05,,379.7,-1.55E-05,,381.6,1.48E-05
378.5,-6.01E-06,,388.5,3.25E-05,,380.4,-1.09E-05,,382.3,1.43E-05
379.1,-4.91E-06,,389.1,3.58E-05,,381.1,-1.41E-05,,383.2,1.83E-05
380,-8.98E-06,,389.6,3.17E-05,,381.5,-1.18E-05,,383.9,1.59E-05
380.5,-7.36E-06,,390.2,3.59E-05,,382.1,-1.20E-05,,384.7,1.50E-05
381.3,-5.90E-06,,390.8,3.57E-05,,382.6,-1.49E-05,,385.3,1.69E-05
381.9,-4.51E-06,,391.4,3.91E-05,,383.3,-1.37E-05,,385.9,1.85E-05
382.4,-4.12E-06,,392.1,3.50E-05,,383.8,-1.37E-05,,386.3,1.78E-05
383,-7.75E-06,,392.7,3.60E-05,,384.7,-1.25E-05,,386.8,1.38E-05
383.4,-8.12E-06,,393.6,3.38E-05,,385.6,-1.28E-05,,387.4,1.85E-05
384.1,-5.05E-06,,394.3,3.53E-05,,386.3,-1.34E-05,,387.9,1.53E-05
384.6,-5.30E-06,,395.1,3.66E-05,,387.1,-1.37E-05,,388.7,1.68E-05
385.5,-4.09E-06,,395.6,3.43E-05,,387.6,-1.43E-05,,389.3,1.39E-05
386.3,-5.36E-06,,396.4,3.46E-05,,388.3,-1.30E-05,,390.2,1.53E-05
386.9,-7.15E-06,,396.9,3.80E-05,,389,-1.47E-05,,391,1.99E-05
387.7,-6.70E-06,,397.4,3.45E-05,,389.4,-1.10E-05,,391.7,1.59E-05
388.5,-4.49E-06,,398,3.73E-05,,390,-1.51E-05,,392.3,1.72E-05
,-6.18E-06,,398.5,3.19E-05,,390.5,-1.51E-05,,392.8,1.86E-05
389.6,-7.68E-06,,399.2,3.72E-05,,391.3,-1.52E-05,,393.3,1.67E-05
390.1,-2.74E-06,,400,3.25E-05,,391.9,-1.41E-05,,393.7,1.80E-05
390.6,-9.88E-06,,400.6,2.96E-05,,392.7,-1.51E-05,,394.2,1.71E-05
391.1,-5.92E-06,,401.4,3.09E-05,,393.6,-1.35E-05,,394.8,1.66E-05
391.9,-5.25E-06,,402.1,3.37E-05,,394.2,-1.44E-05,,395.5,1.80E-05
,-6.26E-06,,402.8,3.23E-05,,395.1,-1.24E-05,,396.4,2.01E-05
393.3,-6.26E-06,,403.3,3.56E-05,,395.6,-1.46E-05,,397.1,1.86E-05
394.1,-4.36E-06,,404,3.27E-05,,396.2,-1.11E-05,,397.9,1.63E-05
394.7,-5.49E-06,,404.7,3.24E-05,,396.8,-1.52E-05,,398.6,1.61E-05
395.4,-5.94E-06,,405.1,3.68E-05,,397.3,-1.16E-05,,399.4,1.99E-05
396.1,-3.84E-06,,405.7,2.95E-05,,398,-1.50E-05,,399.8,1.78E-05
396.5,-7.30E-06,,406.3,3.10E-05,,398.5,-1.30E-05,,400.4,1.83E-05
,-6.37E-06,,407,3.16E-05,,399.2,-1.25E-05,,400.7,1.72E-05
397.6,-4.27E-06,,407.6,3.27E-05,,400.1,-1.43E-05,,401.2,1.98E-05
398.3,-2.37E-06,,408.4,3.45E-05,,400.7,-1.09E-05,,401.8,1.72E-05
398.8,-2.28E-06,,409.1,3.09E-05,,401.5,-1.36E-05,,402.4,2.28E-05
399.6,-4.11E-06,,409.9,3.59E-05,,402.1,-1.33E-05,,403.4,1.81E-05
400.4,-3.35E-06,,410.5,3.05E-05,,402.9,-1.48E-05,,404.1,2.08E-05
401,-6.35E-06,,411.2,2.84E-05,,403.5,-1.16E-05,,405,2.02E-05
401.9,-4.43E-06,,411.7,2.44E-05,,404,-1.22E-05,,405.9,2.17E-05
402.4,1.01E-06,,412.3,3.41E-05,,404.6,-1.30E-05,,406.4,2.10E-05
403.2,-3.54E-06,,412.8,3.68E-05,,405,-1.08E-05,,407.1,2.16E-05
403.8,-3.69E-06,,413.3,3.00E-05,,405.7,-1.58E-05,,407.5,1.83E-05
404.2,-5.30E-06,,414,3.46E-05,,406.3,-1.28E-05,,408,1.96E-05
404.8,-4.06E-06,,414.6,3.69E-05,,407.1,-1.37E-05,,408.5,1.92E-05
405.3,-2.73E-06,,415.5,3.56E-05,,408,-1.15E-05,,408.9,2.19E-05
406,-1.60E-06,,416,3.36E-05,,408.6,-1.42E-05,,409.5,2.03E-05
406.6,-2.81E-06,,416.9,3.27E-05,,409.4,-1.36E-05,,410.3,1.82E-05
407.5,-3.49E-06,,417.7,3.13E-05,,410,-1.22E-05,,411,1.94E-05
408.3,-3.96E-06,,418.2,3.23E-05,,410.7,-1.44E-05,,411.9,2.10E-05
408.9,-1.58E-06,,418.8,3.28E-05,,411.3,-1.10E-05,,412.6,2.12E-05
409.7,-3.10E-06,,419.3,3.18E-05,,411.7,-1.17E-05,,413.4,1.81E-05
410.2,-3.78E-06,,419.8,3.00E-05,,412.3,-1.20E-05,,413.9,1.83E-05
410.8,-3.72E-06,,420.2,2.88E-05,,412.8,-9.52E-06,,414.5,2.29E-05
411.4,-2.87E-06,,420.9,3.36E-05,,413.4,-1.24E-05,,415,2.03E-05
411.9,-2.20E-06,,421.4,3.04E-05,,414,-1.35E-05,,415.4,2.00E-05
412.6,-2.02E-06,,422.2,2.83E-05,,414.8,-1.29E-05,,416,2.32E-05
413.1,-2.01E-06,,422.9,3.70E-05,,415.7,-1.12E-05,,416.5,2.21E-05
413.9,-1.04E-07,,423.7,3.05E-05,,416.3,-9.70E-06,,417.3,2.08E-05
414.5,5.39E-07,,424.5,2.81E-05,,417.1,-1.20E-05,,418.2,2.55E-05
415.3,3.55E-07,,425.1,3.14E-05,,417.6,-1.12E-05,,418.9,2.39E-05
416.2,4.76E-07,,425.9,3.38E-05,,418.2,-1.22E-05,,419.8,2.23E-05
416.8,5.50E-07,,426.3,3.06E-05,,418.7,-1.35E-05,,420.4,2.02E-05
417.5,5.66E-07,,426.9,3.31E-05,,419.1,-1.35E-05,,421.2,2.49E-05
418,-2.54E-06,,427.4,2.89E-05,,419.7,-1.13E-05,,421.7,2.17E-05
418.6,-5.46E-07,,428,3.11E-05,,420.2,-1.35E-05,,422.1,2.09E-05
419.1,-8.01E-07,,428.7,3.03E-05,,421,-1.28E-05,,422.5,2.46E-05
419.6,3.26E-07,,429.3,3.20E-05,,421.8,-1.18E-05,,422.9,2.26E-05
420.4,-2.82E-06,,430.1,3.57E-05,,422.4,-1.20E-05,,423.6,2.08E-05
420.9,-7.93E-07,,430.7,3.11E-05,,423.2,-1.27E-05,,424.2,2.37E-05
421.7,8.26E-07,,431.6,3.34E-05,,423.8,-1.07E-05,,425.1,2.43E-05
422.4,7.45E-07,,432.2,3.45E-05,,424.4,-9.41E-06,,426,2.10E-05
423.2,-1.75E-06,,432.8,2.89E-05,,424.9,-9.69E-06,,426.7,2.35E-05
424,-2.40E-08,,433.4,3.55E-05,,425.5,-1.10E-05,,427.5,2.79E-05
424.5,-1.07E-07,,433.9,3.35E-05,,426,-1.10E-05,,428,2.31E-05
425.2,4.05E-07,,434.4,2.79E-05,,426.5,-1.12E-05,,428.7,2.23E-05
,2.96E-07,,434.9,2.96E-05,,427.1,-1.19E-05,,429.2,2.19E-05
426.2,1.08E-06,,435.5,3.16E-05,,427.7,-9.76E-06,,429.5,2.66E-05
,6.74E-09,,436.1,3.27E-05,,428.5,-1.18E-05,,430.1,2.37E-05
427.3,1.62E-06,,436.9,2.87E-05,,429.1,-9.23E-06,,430.5,2.47E-05
428.1,7.58E-07,,437.7,3.07E-05,,430,-1.04E-05,,431.2,2.68E-05
428.7,2.04E-06,,438.3,3.27E-05,,430.7,-1.20E-05,,432.1,2.66E-05
429.6,3.96E-06,,439.1,3.06E-05,,431.3,-1.19E-05,,432.8,2.40E-05
430.4,4.55E-06,,439.7,2.82E-05,,431.9,-1.24E-05,,433.7,2.39E-05
431,2.54E-06,,440.4,2.90E-05,,432.3,-9.78E-06,,434.4,2.63E-05
,9.74E-07,,440.8,2.81E-05,,432.9,-1.28E-05,,435.1,2.31E-05
432.1,2.48E-06,,441.4,2.60E-05,,433.3,-7.82E-06,,435.6,2.48E-05
432.7,-5.91E-07,,442,2.98E-05,,434,-1.16E-05,,436.1,2.36E-05
433.2,2.06E-06,,442.4,2.63E-05,,434.8,-9.99E-06,,436.5,2.73E-05
,1.72E-06,,443.1,3.06E-05,,435.4,-9.46E-06,,437,2.73E-05
434.5,3.19E-06,,443.7,3.09E-05,,436.3,-6.23E-06,,437.7,2.58E-05
435.1,2.76E-06,,444.6,2.60E-05,,436.9,-1.06E-05,,438.2,2.94E-05
435.9,-9.64E-08,,445.2,3.17E-05,,437.6,-1.12E-05,,439.1,2.48E-05
436.6,4.05E-06,,446.1,2.58E-05,,438.3,-1.06E-05,,439.8,2.79E-05
437.4,3.17E-06,,446.9,3.08E-05,,438.7,-1.08E-05,,440.7,2.56E-05
438.2,2.59E-06,,447.5,3.13E-05,,439.3,-8.48E-06,,441.6,2.81E-05
438.7,3.24E-06,,448.1,2.89E-05,,439.8,-1.03E-05,,442.2,2.76E-05
439.4,4.11E-06,,448.5,2.67E-05,,440.4,-9.16E-06,,442.8,2.68E-05
439.8,3.88E-06,,449.2,2.83E-05,,441,-1.02E-05,,443.2,2.39E-05
440.4,3.34E-06,,449.7,2.39E-05,,441.6,-1.09E-05,,443.8,2.88E-05
441,2.68E-06,,450.2,2.91E-05,,442.5,-8.86E-06,,444.2,2.74E-05
441.5,3.39E-06,,450.9,2.50E-05,,443.2,-1.04E-05,,444.6,2.80E-05
442.3,5.08E-06,,451.6,2.63E-05,,444,-9.57E-06,,445.2,3.18E-05
442.9,4.45E-06,,452.4,2.69E-05,,444.6,-8.42E-06,,445.8,2.67E-05
443.7,4.22E-06,,453.1,2.45E-05,,445.3,-7.38E-06,,446.7,2.68E-05
444.4,5.75E-06,,453.9,2.38E-05,,445.9,-9.01E-06,,447.4,3.00E-05
,4.59E-06,,454.7,2.76E-05,,446.4,-8.37E-06,,448.4,2.62E-05
445.9,4.69E-06,,455.2,2.34E-05,,446.9,-9.07E-06,,449.3,2.78E-05
,3.64E-06,,455.8,3.05E-05,,447.3,-8.44E-06,,449.8,2.85E-05
447,4.80E-06,,456.2,2.52E-05,,448,-9.19E-06,,450.4,2.98E-05
447.4,5.02E-06,,456.8,2.57E-05,,448.8,-8.61E-06,,450.7,2.98E-05
448,5.21E-06,,457.5,2.93E-05,,449.4,-9.93E-06,,451.1,2.51E-05
448.5,5.51E-06,,458,2.90E-05,,450.3,-9.31E-06,,451.6,2.90E-05
449.2,6.22E-06,,458.8,2.71E-05,,450.9,-7.87E-06,,452.2,2.66E-05
450.1,4.58E-06,,459.5,2.01E-05,,451.7,-8.81E-06,,453,3.01E-05
450.7,6.11E-06,,460.4,2.79E-05,,452.2,-8.22E-06,,453.6,2.79E-05
451.6,6.51E-06,,461,2.87E-05,,452.9,-8.55E-06,,454.6,2.86E-05
452.2,7.62E-06,,461.8,2.70E-05,,453.4,-8.32E-06,,455.3,2.95E-05
,7.60E-06,,462.3,2.65E-05,,453.8,-6.26E-06,,456.3,2.76E-05
453.5,7.35E-06,,462.9,2.80E-05,,454.4,-7.82E-06,,456.9,2.76E-05
454.1,6.54E-06,,463.5,2.61E-05,,454.9,-8.24E-06,,457.6,2.57E-05
454.7,6.28E-06,,463.9,2.47E-05,,455.7,-5.24E-06,,458,3.01E-05
455.1,6.26E-06,,464.5,2.50E-05,,456.4,-7.16E-06,,458.5,2.71E-05
455.7,8.68E-06,,465,2.65E-05,,457.3,-5.54E-06,,458.9,2.94E-05
456.5,8.39E-06,,465.8,2.14E-05,,458.1,-4.82E-06,,459.4,2.69E-05
457.1,7.07E-06,,466.5,2.24E-05,,458.7,-5.33E-06,,460,2.70E-05
458,7.10E-06,,467.3,2.51E-05,,459.5,-6.81E-06,,460.6,2.82E-05
458.6,5.81E-06,,468.1,2.27E-05,,459.9,-4.56E-06,,461.6,2.87E-05
,9.02E-06,,468.7,2.30E-05,,460.5,-7.54E-06,,462.6,2.37E-05
460,9.82E-06,,469.3,2.57E-05,,460.9,-6.96E-06,,463.3,2.79E-05
460.6,1.14E-05,,469.8,2.48E-05,,461.5,-7.50E-06,,464.1,2.85E-05
461.3,6.57E-06,,470.3,2.22E-05,,462.1,-9.53E-06,,464.7,2.78E-05
461.7,6.29E-06,,470.7,2.32E-05,,462.7,-5.64E-06,,465.3,2.87E-05
462.3,7.15E-06,,471.2,2.50E-05,,463.5,-4.06E-06,,465.8,2.61E-05
462.8,5.24E-06,,471.9,2.41E-05,,464.1,-5.17E-06,,466.1,2.58E-05
463.5,5.59E-06,,472.5,2.67E-05,,465,-6.05E-06,,466.6,2.87E-05
,8.67E-06,,473.3,2.16E-05,,465.7,-5.54E-06,,467,2.58E-05
465.1,6.40E-06,,474,2.71E-05,,466.3,-7.36E-06,,467.8,2.39E-05
465.9,7.38E-06,,474.8,2.36E-05,,466.8,-6.53E-06,,468.4,2.40E-05
466.6,8.73E-06,,475.6,2.21E-05,,467.3,-7.34E-06,,469.3,2.54E-05
467.2,7.95E-06,,476.1,2.24E-05,,467.8,-3.84E-06,,470.1,2.62E-05
467.7,7.84E-06,,476.8,2.60E-05,,468.4,-3.03E-06,,471,2.44E-05
468.3,9.60E-06,,477.2,2.31E-05,,468.9,-5.95E-06,,471.8,2.71E-05
468.8,3.63E-06,,477.8,2.04E-05,,469.7,-5.43E-06,,472.3,2.51E-05
469.3,7.96E-06,,478.2,2.03E-05,,470.3,-4.00E-06,,472.7,2.71E-05
470,8.21E-06,,478.9,2.45E-05,,471.2,-6.81E-06,,473,2.89E-05
,3.84E-06,,479.6,2.15E-05,,471.9,-2.86E-06,,473.5,2.35E-05
471.4,9.23E-06,,480.2,2.28E-05,,472.6,-4.24E-06,,474.1,2.20E-05
472.2,5.97E-06,,481.2,2.45E-05,,473.3,-5.22E-06,,474.6,2.41E-05
472.9,7.10E-06,,481.8,2.55E-05,,473.8,-3.02E-06,,475.5,2.40E-05
473.7,7.73E-06,,482.7,2.30E-05,,474.4,-4.81E-06,,476.2,2.39E-05
474.2,4.86E-06,,483.2,2.35E-05,,474.8,-4.01E-06,,477.1,2.43E-05
474.9,5.98E-06,,483.9,1.96E-05,,475.4,-2.31E-06,,477.8,2.40E-05
475.2,8.02E-06,,484.3,1.93E-05,,475.9,-4.11E-06,,478.5,2.39E-05
475.8,5.77E-06,,484.8,2.34E-05,,476.7,-3.05E-06,,479.1,2.25E-05
476.4,8.76E-06,,485.4,2.31E-05,,477.5,-4.12E-06,,479.5,2.28E-05
476.9,8.17E-06,,485.9,2.10E-05,,478.2,-2.40E-06,,480,2.24E-05
477.7,6.61E-06,,486.6,2.11E-05,,479.1,-4.75E-06,,480.2,2.30E-05
478.3,8.86E-06,,487.2,1.94E-05,,479.6,-4.46E-06,,480.7,2.37E-05
479.2,7.23E-06,,488,1.99E-05,,480.4,-1.71E-06,,481.4,2.07E-05
480.1,9.41E-06,,488.9,2.17E-05,,481,-4.19E-06,,482,2.02E-05
480.7,5.23E-06,,489.5,2.16E-05,,481.4,-4.80E-07,,482.9,2.15E-05
481.4,8.74E-06,,490.2,1.98E-05,,481.9,-2.60E-06,,483.6,2.29E-05
481.9,8.98E-06,,490.7,2.12E-05,,482.4,-4.54E-06,,484.6,2.08E-05
482.4,6.72E-06,,491.3,1.95E-05,,483.1,-2.91E-06,,485.3,2.57E-05
482.8,7.41E-06,,491.7,1.94E-05,,483.8,-5.27E-06,,485.8,2.08E-05
483.5,8.11E-06,,492.2,1.62E-05,,484.5,-2.87E-06,,486.3,1.81E-05
,8.04E-06,,492.8,1.82E-05,,485.3,-6.57E-06,,486.6,1.86E-05
484.6,5.50E-06,,493.3,2.02E-05,,486,-4.11E-06,,487,2.26E-05
485.5,9.58E-06,,494.1,1.91E-05,,486.8,-1.98E-06,,487.4,2.04E-05
486.1,6.82E-06,,494.8,2.02E-05,,487.4,-2.94E-06,,488.2,2.15E-05
,1.04E-05,,495.7,2.17E-05,,488,-2.35E-06,,488.9,2.20E-05
487.6,8.58E-06,,496.3,2.06E-05,,488.6,-2.68E-06,,489.6,2.12E-05
,6.50E-06,,497,1.73E-05,,489,-5.49E-06,,490.7,2.23E-05
489,7.06E-06,,497.7,1.86E-05,,489.5,-6.23E-06,,491.4,1.98E-05
489.5,7.95E-06,,498.2,2.11E-05,,490,-5.17E-06,,492.2,2.05E-05
490,8.31E-06,,498.7,2.04E-05,,490.7,-4.66E-06,,492.7,2.04E-05
490.4,8.78E-06,,499.1,1.91E-05,,491.4,-4.75E-06,,493.2,2.15E-05
491,9.23E-06,,499.7,1.96E-05,,492.3,-3.92E-06,,493.7,1.99E-05
491.6,7.63E-06,,500.2,1.76E-05,,493.2,-3.00E-06,,494,2.00E-05
492.4,6.77E-06,,501,1.95E-05,,493.9,-3.12E-06,,494.5,1.69E-05
493.3,7.93E-06,,501.8,1.83E-05,,494.6,-2.13E-06,,495.1,1.89E-05
494,6.58E-06,,502.5,1.51E-05,,495.1,-5.51E-06,,495.9,1.89E-05
494.8,9.60E-06,,503.4,1.95E-05,,495.6,-3.70E-06,,496.9,1.96E-05
495.4,7.31E-06,,503.9,2.05E-05,,496,-9.87E-07,,497.6,2.06E-05
496,5.13E-06,,504.7,1.94E-05,,496.6,-2.59E-06,,498.6,1.86E-05
496.6,8.33E-06,,505.3,1.95E-05,,497.2,-4.88E-06,,499.3,1.81E-05
497,7.61E-06,,505.7,2.08E-05,,497.7,-2.00E-06,,499.9,1.78E-05
497.6,7.81E-06,,506.2,1.58E-05,,498.5,-2.24E-06,,500.5,1.86E-05
498,9.49E-06,,506.7,1.40E-05,,499.1,-3.04E-06,,500.8,1.74E-05
498.7,5.59E-06,,507.3,1.58E-05,,500,-1.87E-06,,501.2,1.84E-05
499.3,7.83E-06,,507.9,1.59E-05,,500.7,-1.16E-07,,501.5,1.82E-05
,7.90E-06,,508.8,1.60E-05,,501.4,-2.42E-06,,502.1,1.74E-05
501.2,7.81E-06,,509.7,1.71E-05,,502.1,3.55E-07,,502.7,1.62E-05
501.8,7.32E-06,,510.4,1.56E-05,,502.6,-1.94E-06,,503.6,1.65E-05
502.5,1.06E-05,,511.1,1.77E-05,,503.1,-5.49E-07,,504.6,1.66E-05
503.1,6.28E-06,,511.7,1.73E-05,,503.5,-8.47E-07,,505.4,1.77E-05
503.6,7.41E-06,,512.3,1.45E-05,,504.1,-1.86E-06,,506.3,1.58E-05
504.1,7.05E-06,,512.7,1.64E-05,,504.6,-3.61E-06,,506.8,1.81E-05
504.5,8.10E-06,,513.2,1.76E-05,,505.4,-1.53E-06,,507.5,1.66E-05
505.2,7.47E-06,,513.8,1.92E-05,,506.3,-4.95E-07,,507.8,1.75E-05
505.7,8.62E-06,,514.3,1.38E-05,,507,9.13E-07,,508.2,1.82E-05
506.5,8.66E-06,,515.1,1.86E-05,,507.8,-2.38E-06,,508.5,1.67E-05
507.4,6.79E-06,,515.7,1.58E-05,,508.4,-1.56E-06,,509,1.97E-05
508.1,6.70E-06,,516.6,1.80E-05,,509.1,-4.38E-06,,509.7,1.82E-05
508.9,6.37E-06,,517.6,1.50E-05,,509.6,-5.37E-07,,510.5,1.64E-05
509.5,8.61E-06,,518.1,1.37E-05,,510,-4.23E-06,,511.5,1.50E-05
510.2,4.82E-06,,518.8,1.75E-05,,510.5,-2.27E-06,,512.5,1.68E-05
510.6,9.90E-06,,519.3,1.64E-05,,510.9,-2.10E-06,,513.2,1.78E-05
511.2,7.28E-06,,519.8,1.41E-05,,511.6,-2.27E-06,,514,1.53E-05
511.6,8.01E-06,,520.2,1.47E-05,,512.2,-2.85E-06,,514.4,1.74E-05
,6.28E-06,,520.8,1.78E-05,,513.1,-1.94E-06,,514.9,1.82E-05
512.8,8.86E-06,,521.4,1.41E-05,,513.7,-2.59E-06,,515.1,1.75E-05
,7.21E-06,,522,1.70E-05,,514.6,3.66E-07,,515.5,1.74E-05
514.3,6.19E-06,,522.8,1.47E-05,,515.4,-2.71E-06,,516,1.53E-05
515,6.42E-06,,523.5,1.63E-05,,515.9,-1.71E-06,,516.5,1.53E-05
515.8,9.08E-06,,524.4,1.42E-05,,516.5,-6.48E-07,,517.5,1.54E-05
516.6,8.02E-06,,525,9.67E-06,,516.9,-9.03E-07,,518.2,1.55E-05
517.1,6.91E-06,,525.7,1.50E-05,,517.4,-2.70E-06,,519.2,1.77E-05
517.6,5.88E-06,,526.3,1.21E-05,,517.9,-1.68E-06,,520.2,1.70E-05
518,6.54E-06,,526.7,2.01E-05,,518.6,-2.04E-06,,520.7,1.99E-05
518.5,5.02E-06,,527.2,8.37E-06,,519.4,1.40E-06,,521.3,1.64E-05
518.9,7.89E-06,,527.6,1.38E-05,,520.1,-9.51E-08,,521.6,1.43E-05
519.7,7.32E-06,,528.2,1.34E-05,,521,-2.68E-06,,522,1.19E-05
520.5,6.25E-06,,528.8,1.49E-05,,521.7,-9.32E-07,,522.3,1.26E-05
521.1,8.36E-06,,529.6,1.70E-05,,522.4,-4.78E-07,,522.7,1.48E-05
522.1,8.89E-06,,530.5,1.70E-05,,523,-1.98E-07,,523.5,1.24E-05
522.7,5.99E-06,,531.1,1.96E-05,,523.5,-2.92E-06,,524.1,1.53E-05
523.5,7.00E-06,,532,1.63E-05,,524,1.46E-06,,525.1,1.81E-05
524.2,6.78E-06,,532.4,1.24E-05,,524.4,-2.61E-06,,525.9,1.85E-05
524.6,6.22E-06,,533.1,1.35E-05,,525,-1.29E-06,,526.9,1.79E-05
525.1,6.64E-06,,533.6,1.26E-05,,525.7,-1.95E-06,,527.7,1.44E-05
525.5,6.85E-06,,534,1.61E-05,,526.3,-3.04E-06,,528.1,1.69E-05
526.1,5.95E-06,,534.5,1.08E-05,,527.2,-2.97E-06,,528.6,1.56E-05
526.6,1.02E-05,,535,1.16E-05,,527.9,3.40E-07,,528.8,1.62E-05
527.4,8.15E-06,,535.8,1.23E-05,,528.7,-3.51E-06,,529.1,1.49E-05
528.3,7.64E-06,,536.3,1.33E-05,,529.5,-1.84E-06,,529.6,1.29E-05
529,6.61E-06,,537.2,1.23E-05,,530,-2.76E-06,,530.2,1.12E-05
529.8,6.78E-06,,538.1,1.00E-05,,530.5,-1.12E-06,,531.1,1.32E-05
530.4,8.10E-06,,538.7,1.39E-05,,530.9,4.00E-07,,531.9,1.65E-05
531.1,5.17E-06,,539.4,1.01E-05,,531.4,-2.38E-06,,533,1.50E-05
531.6,6.17E-06,,539.8,8.30E-06,,531.8,-2.12E-06,,533.7,1.09E-05
532,5.75E-06,,540.3,1.16E-05,,532.5,9.09E-07,,534.5,1.52E-05
532.6,7.14E-06,,540.7,1.21E-05,,533.4,-2.06E-07,,535,1.57E-05
533,6.36E-06,,541.2,8.76E-06,,534.1,-2.46E-07,,535.4,1.30E-05
533.7,7.20E-06,,541.9,1.35E-05,,535,-1.85E-06,,535.7,1.68E-05
534.3,3.96E-06,,542.5,1.37E-05,,535.7,-1.86E-06,,536.1,1.56E-05
535.2,6.70E-06,,543.3,1.07E-05,,536.4,-9.91E-07,,536.5,1.08E-05
536.1,8.83E-06,,544,1.25E-05,,537.1,-1.72E-06,,537.1,1.53E-05
536.7,5.72E-06,,544.8,1.38E-05,,537.4,-2.15E-06,,538,1.47E-05
537.6,5.12E-06,,545.4,8.16E-06,,537.9,-4.12E-06,,538.9,1.44E-05
538,7.91E-06,,546.1,6.12E-06,,538.3,-2.48E-06,,539.7,1.49E-05
538.6,8.21E-06,,546.7,9.69E-06,,538.9,-2.11E-06,,540.6,1.18E-05
539,8.22E-06,,547.1,1.14E-05,,539.6,-3.46E-06,,541.1,1.17E-05
539.4,7.11E-06,,547.6,1.17E-05,,540.3,-2.59E-06,,541.7,1.70E-05
540,5.22E-06,,548,1.06E-05,,541.2,-2.46E-06,,542.1,1.25E-05
540.5,6.80E-06,,548.7,8.04E-06,,541.9,-1.69E-06,,542.4,1.20E-05
541.4,5.56E-06,,549.5,1.05E-05,,542.7,-9.30E-07,,542.8,1.13E-05
542,6.41E-06,,550.1,1.37E-05,,543.2,-2.16E-06,,543.2,1.13E-05
543,6.25E-06,,551,1.13E-05,,543.9,-8.74E-07,,544,1.32E-05
543.8,5.08E-06,,551.7,1.03E-05,,544.4,-2.04E-06,,544.7,9.01E-06
544.4,6.92E-06,,552.5,1.27E-05,,544.7,6.28E-07,,545.7,1.16E-05
545,6.55E-06,,553.2,1.44E-05,,545.3,-2.66E-06,,546.7,1.29E-05
545.4,3.54E-06,,553.5,1.43E-05,,545.7,-3.09E-06,,547.4,1.30E-05
545.9,5.52E-06,,554.1,8.77E-06,,546.6,-2.36E-06,,548,1.51E-05
546.3,9.12E-06,,554.5,1.08E-05,,547.4,4.16E-07,,548.5,1.23E-05
546.9,7.07E-06,,555,1.00E-05,,548.1,-2.46E-06,,548.8,1.36E-05
547.6,5.06E-06,,555.5,1.28E-05,,549,-2.41E-06,,549.2,1.45E-05
548.2,7.09E-06,,556.3,8.97E-06,,549.6,-4.74E-06,,549.5,1.76E-05
549.1,5.56E-06,,557.3,9.24E-06,,550.3,-9.47E-07,,550.2,1.46E-05
549.8,6.03E-06,,557.9,9.93E-06,,550.7,-1.66E-06,,550.7,1.20E-05
550.7,3.84E-06,,558.8,9.16E-06,,551.2,-4.08E-07,,551.7,1.17E-05
551.2,5.14E-06,,559.4,7.21E-06,,551.7,-1.11E-06,,552.7,1.36E-05
551.8,6.45E-06,,560.1,1.21E-05,,552.1,1.38E-07,,553.5,1.23E-05
552.3,3.25E-06,,560.6,1.10E-05,,552.8,1.57E-06,,554.3,9.96E-06
552.7,3.91E-06,,561,1.26E-05,,553.4,-1.27E-06,,554.7,1.35E-05
553.2,7.12E-06,,561.5,1.16E-05,,554.3,-1.10E-06,,555.3,1.32E-05
553.6,3.60E-06,,562,1.11E-05,,555.2,-2.25E-06,,555.6,1.45E-05
554.4,5.95E-06,,562.7,1.31E-05,,555.9,6.04E-07,,555.9,1.15E-05
555.3,4.39E-06,,563.3,9.69E-06,,556.6,8.29E-07,,556.5,9.74E-06
556,5.33E-06,,564.1,9.49E-06,,557.1,-1.75E-06,,557.1,9.97E-06
556.9,4.37E-06,,565.1,1.03E-05,,557.6,-2.20E-06,,558,1.56E-05
557.5,4.07E-06,,565.6,8.87E-06,,558.1,-3.00E-06,,558.7,1.18E-05
558.2,3.67E-06,,566.4,1.36E-05,,558.5,2.45E-06,,559.8,1.03E-05
558.7,3.30E-06,,567,1.15E-05,,559.1,-1.25E-06,,560.7,1.20E-05
559.2,3.84E-06,,567.4,8.87E-06,,559.6,-3.58E-06,,561.2,1.26E-05
559.7,7.76E-06,,567.9,1.09E-05,,560.5,-1.59E-06,,561.8,1.09E-05
560,6.44E-06,,568.3,8.67E-06,,561.2,-2.28E-06,,562,9.70E-06
560.7,6.00E-06,,568.9,6.27E-06,,562.1,-1.77E-07,,562.3,1.36E-05
561.3,3.83E-06,,569.5,7.88E-06,,563,-3.12E-07,,562.6,1.40E-05
562.2,5.98E-06,,570.3,9.74E-06,,563.5,-1.15E-06,,563.2,1.15E-05
563.1,4.10E-06,,571.2,8.94E-06,,564.1,-5.37E-07,,563.8,8.95E-06
563.8,5.36E-06,,571.9,8.18E-06,,564.5,-2.14E-06,,564.7,1.31E-05
564.5,6.00E-06,,572.7,9.67E-06,,564.9,-2.74E-06,,565.7,1.26E-05
565,7.83E-06,,573.2,9.31E-06,,565.4,-2.76E-06,,566.5,1.16E-05
565.6,6.54E-06,,573.8,1.13E-05,,565.9,-1.72E-06,,567.4,1.11E-05
566.1,2.99E-06,,574.3,8.57E-06,,566.6,5.92E-08,,567.9,9.78E-06
566.4,6.65E-06,,574.6,1.08E-05,,567.2,-2.94E-06,,568.4,1.15E-05
567,4.96E-06,,575.2,1.10E-05,,568.2,-1.24E-06,,568.7,1.00E-05
567.5,5.72E-06,,575.7,1.22E-05,,568.8,-1.74E-06,,569,1.02E-05
568.3,4.44E-06,,576.5,1.16E-05,,569.6,-2.99E-06,,569.4,1.20E-05
569.2,4.25E-06,,577.2,1.07E-05,,570.2,-4.35E-06,,569.8,1.29E-05
569.9,3.59E-06,,578,1.24E-05,,570.6,-1.96E-06,,570.7,1.07E-05
570.7,4.99E-06,,578.9,9.66E-06,,571.1,-2.63E-06,,571.4,1.04E-05
571.3,6.56E-06,,579.5,1.06E-05,,571.6,6.33E-08,,572.5,1.19E-05
571.8,9.49E-07,,580.1,9.74E-06,,572,-1.14E-06,,573.5,1.29E-05
572.2,4.59E-06,,580.5,1.04E-05,,572.6,-1.52E-06,,574.1,1.05E-05
572.7,5.98E-06,,580.9,7.65E-06,,573.3,-2.44E-06,,574.7,1.17E-05
573.1,7.18E-06,,581.4,7.91E-06,,574.1,-4.51E-06,,575,1.22E-05
573.6,4.03E-06,,581.9,7.41E-06,,574.9,-2.28E-06,,575.3,1.02E-05
574.4,4.50E-06,,582.6,8.43E-06,,575.7,4.84E-07,,575.6,1.09E-05
575,4.95E-06,,583.2,1.27E-05,,576.5,-2.08E-06,,576.1,9.89E-06
575.9,4.66E-06,,584.1,9.15E-06,,577,-3.40E-06,,576.8,1.17E-05
576.5,4.84E-06,,585,9.54E-06,,577.5,-2.06E-06,,577.4,1.14E-05
577.3,5.07E-06,,585.6,9.97E-06,,577.9,-4.41E-06,,578.4,9.35E-06
578,5.03E-06,,586.3,8.04E-06,,578.4,-4.18E-06,,579.2,1.18E-05
578.4,3.32E-06,,586.7,9.87E-06,,578.7,-1.95E-06,,580.2,9.75E-06
578.8,3.78E-06,,587.2,7.31E-06,,579.4,-2.77E-06,,580.9,1.15E-05
579.2,3.51E-06,,587.7,8.02E-06,,580.2,-3.09E-06,,581.3,1.17E-05
579.7,4.94E-06,,588.1,1.27E-05,,581,-1.47E-07,,581.7,1.12E-05
580.5,1.71E-08,,588.8,8.05E-06,,581.9,-3.44E-07,,582,1.02E-05
581.1,4.52E-06,,589.4,8.48E-06,,582.5,-2.10E-06,,582.3,8.28E-06
582,3.63E-06,,590.2,1.22E-05,,583.2,-3.33E-06,,582.9,9.08E-06
582.7,3.48E-06,,590.9,8.69E-06,,583.8,1.62E-08,,583.5,1.08E-05
583.5,4.68E-06,,591.8,9.65E-06,,584.2,-8.10E-07,,584.5,1.21E-05
584.1,1.53E-06,,592.6,9.77E-06,,584.6,-3.85E-06,,585.2,1.03E-05
584.6,6.55E-06,,593.1,7.83E-06,,585,-2.87E-06,,586.2,9.63E-06
585.2,3.33E-06,,593.7,4.77E-06,,585.6,-3.87E-06,,586.7,1.12E-05
585.5,4.16E-06,,594,8.66E-06,,586.2,-4.22E-06,,587.4,8.56E-06
585.9,1.93E-06,,594.5,8.19E-06,,587,1.73E-06,,587.9,7.70E-06
586.4,2.87E-06,,594.9,8.48E-06,,588,-4.73E-06,,588.2,6.88E-06
587.2,3.29E-06,,595.6,7.80E-06,,588.6,-3.28E-06,,588.5,8.76E-06
588.1,2.46E-06,,596.5,1.10E-05,,589.5,-3.28E-06,,588.8,9.33E-06
588.7,2.90E-06,,597.2,7.34E-06,,590,2.54E-08,,589.5,9.27E-06
589.7,4.78E-06,,598.1,9.59E-06,,590.5,-2.14E-06,,590.3,1.24E-05
590.2,3.10E-06,,598.8,7.21E-06,,590.9,-5.17E-06,,591.1,9.47E-06
590.9,1.36E-06,,599.5,9.52E-06,,591.3,-4.88E-06,,592.2,9.08E-06
591.3,2.74E-06,,600,1.06E-05,,591.9,-3.09E-06,,593,1.13E-05
591.8,1.29E-06,,600.5,5.24E-06,,592.4,-1.08E-06,,593.8,1.15E-05
592.3,4.77E-07,,601,5.73E-06,,593.2,-2.49E-07,,594.3,8.43E-06
592.7,4.73E-06,,601.3,7.30E-06,,593.8,-3.59E-06,,594.7,7.95E-06
593.4,4.21E-06,,601.9,5.80E-06,,594.8,-7.74E-07,,595,8.91E-06
594.1,5.23E-07,,602.5,3.25E-06,,595.7,-3.64E-06,,595.2,4.33E-06
594.9,1.34E-06,,603.3,8.73E-06,,596.3,-2.65E-06,,595.7,8.98E-06
595.8,1.46E-06,,604,3.83E-06,,596.9,5.23E-07,,596.2,7.07E-06
596.5,2.26E-06,,604.9,7.75E-06,,597.3,-2.15E-07,,597.2,8.47E-06
597.2,5.41E-06,,605.8,6.11E-06,,597.8,-2.32E-06,,597.9,9.85E-06
597.6,3.26E-06,,606.3,7.84E-06,,598.1,-3.01E-06,,599,7.91E-06
598.1,3.61E-06,,606.9,8.89E-06,,598.6,-1.65E-06,,600,1.01E-05
598.5,3.39E-06,,607.2,5.38E-06,,599.3,-5.81E-08,,600.5,9.35E-06
599,5.82E-06,,607.7,6.81E-06,,600,-3.43E-06,,601,4.50E-06
599.6,-7.98E-07,,608.2,6.63E-06,,600.9,-1.40E-06,,601.3,7.97E-06
600.2,4.61E-06,,608.6,8.43E-06,,601.7,-3.69E-06,,601.6,8.62E-06
601.1,4.49E-06,,609.5,6.99E-06,,602.6,8.28E-08,,602,7.66E-06
601.8,-8.45E-07,,610.1,7.43E-06,,603.2,-2.09E-06,,602.4,7.08E-06
602.8,-1.78E-08,,611.1,4.03E-06,,603.7,-1.77E-07,,603.2,7.49E-06
603.4,3.44E-06,,611.8,2.14E-06,,604.2,-3.25E-06,,604,8.28E-06
,4.77E-07,,612.6,8.42E-06,,604.5,-8.25E-07,,605.1,1.03E-05
604.6,1.74E-06,,613.3,7.65E-06,,605,-3.28E-06,,606,9.33E-06
604.9,2.22E-06,,613.6,6.53E-06,,605.4,-2.41E-06,,606.8,6.37E-06
,-1.81E-06,,614.1,4.37E-06,,606.2,-1.00E-06,,607.5,9.67E-06
605.8,1.39E-06,,614.4,5.13E-06,,607.1,-1.64E-06,,607.8,6.08E-06
606.5,-1.13E-06,,615,5.64E-06,,607.7,-2.10E-06,,608.1,9.45E-06
607.1,2.33E-06,,615.6,5.87E-06,,608.7,-1.38E-06,,608.3,8.45E-06
608,-5.04E-07,,616.2,6.39E-06,,609.4,-4.19E-06,,608.7,8.69E-06
608.9,5.61E-07,,617.2,3.81E-06,,609.9,-2.13E-06,,609.4,6.06E-06
609.6,2.15E-06,,617.8,5.54E-06,,610.5,-3.56E-06,,610.1,9.49E-06
610.3,-3.60E-07,,618.7,4.72E-06,,610.8,-3.34E-08,,611.3,9.26E-06
610.8,2.56E-06,,619.5,5.20E-06,,611.3,6.91E-07,,612,4.74E-06
611.3,4.33E-07,,620,4.25E-06,,611.7,-1.94E-06,,613,4.02E-06
611.7,2.64E-06,,620.4,2.67E-06,,612.3,-1.07E-06,,613.7,5.34E-06
612,1.84E-06,,620.7,2.72E-06,,613.1,-4.02E-06,,614.2,6.72E-06
612.6,1.58E-06,,621.1,1.13E-06,,613.8,-1.20E-06,,614.5,6.66E-06
613.2,1.55E-06,,621.7,3.84E-06,,614.8,-2.35E-06,,614.7,7.01E-06
614.1,1.50E-06,,622.2,3.14E-06,,615.7,-1.15E-06,,615,5.88E-06
615,1.45E-06,,623,2.21E-06,,616.3,-2.24E-06,,615.4,4.39E-06
615.7,-2.29E-07,,623.7,3.29E-06,,616.9,-2.51E-06,,616.2,8.41E-06
616.5,3.05E-06,,624.6,4.10E-06,,617.3,-2.19E-06,,617.1,5.57E-06
617,-6.06E-07,,625.4,4.53E-06,,617.7,-3.89E-06,,617.9,5.92E-06
617.5,1.88E-06,,626,6.44E-06,,618,-1.82E-06,,619,6.45E-06
617.9,2.60E-06,,626.5,3.89E-06,,618.6,-2.40E-06,,619.7,9.55E-06
618.3,4.75E-07,,626.9,1.47E-06,,619.3,-3.75E-06,,620.4,6.62E-06
618.9,2.61E-06,,627.3,3.00E-06,,620,-2.62E-06,,620.7,6.65E-06
619.4,-3.57E-07,,627.7,2.09E-06,,620.9,-2.64E-06,,621.1,8.02E-06
620.2,-9.98E-07,,628.3,5.57E-06,,621.6,-1.87E-06,,621.3,6.68E-06
620.9,8.57E-08,,629.2,6.09E-06,,622.4,-7.56E-07,,621.6,7.94E-06
621.9,3.22E-07,,629.9,1.84E-06,,623.2,-3.04E-06,,622.2,3.93E-06
622.7,4.91E-07,,630.9,2.93E-06,,623.5,-2.37E-06,,622.9,8.05E-06
623.3,1.30E-06,,631.5,5.57E-06,,624,-5.82E-06,,624,4.81E-06
623.8,1.31E-06,,632.3,3.66E-06,,624.4,-1.29E-06,,624.8,6.33E-06
624.2,-2.67E-07,,632.9,-1.19E-06,,624.8,-1.69E-06,,625.8,6.42E-06
624.7,-1.17E-06,,633.3,-3.76E-07,,625.4,-1.51E-06,,626.6,9.61E-06
625,3.02E-06,,633.7,2.84E-06,,626.1,-2.92E-06,,627,2.80E-06
625.6,1.91E-06,,634,2.31E-06,,627,-2.59E-06,,627.3,5.07E-06
626.4,1.20E-06,,634.6,1.18E-07,,627.7,-1.32E-06,,627.5,2.81E-06
627.1,5.89E-07,,635.2,2.50E-06,,628.7,-2.46E-06,,627.8,4.12E-06
628.1,1.45E-06,,636.1,2.91E-07,,629.4,-2.80E-06,,628.4,5.61E-06
628.8,5.09E-07,,637,3.66E-07,,629.9,-1.72E-06,,628.9,5.93E-06
629.6,3.85E-07,,637.7,3.89E-06,,630.4,-1.68E-06,,629.9,3.35E-06
630.1,3.04E-06,,638.5,2.46E-06,,630.7,-1.89E-06,,630.8,3.99E-06
630.6,3.93E-07,,639,3.05E-06,,631.2,-3.82E-06,,631.8,4.17E-06
631,-1.57E-06,,639.5,1.94E-06,,631.5,-3.46E-06,,632.6,8.04E-06
631.4,3.72E-07,,639.8,2.44E-06,,632.2,-3.95E-07,,633.1,3.21E-06
631.9,1.55E-06,,640.3,3.17E-07,,633.1,-5.20E-06,,633.5,5.06E-06
632.5,-1.15E-06,,640.8,1.31E-06,,633.8,-1.32E-06,,633.7,6.24E-06
633.3,1.32E-06,,641.3,-9.32E-07,,634.6,-1.10E-07,,633.9,3.27E-06
634,6.09E-07,,642.1,3.15E-07,,635.3,-3.34E-06,,634.4,5.72E-06
,-6.89E-07,,642.9,1.48E-06,,636,-4.40E-06,,634.9,3.96E-06
635.9,1.92E-06,,643.8,2.37E-06,,636.6,-2.13E-06,,635.8,6.45E-06
636.4,-5.34E-07,,644.7,2.23E-06,,636.9,-6.84E-07,,636.6,5.30E-06
636.9,-3.06E-06,,645.2,2.12E-06,,637.3,-3.43E-06,,637.7,6.48E-06
637.3,1.87E-06,,645.8,2.31E-06,,637.7,-4.47E-06,,638.7,6.76E-06
637.7,-8.71E-07,,646.1,2.20E-06,,638.3,-2.37E-06,,639.3,4.61E-06
638.1,1.00E-06,,646.5,2.71E-07,,638.8,-1.76E-06,,639.8,4.92E-06
638.7,-1.41E-06,,646.9,7.07E-07,,639.7,-4.85E-06,,640,7.38E-06
639.5,-7.99E-09,,647.5,1.80E-06,,640.7,-4.69E-06,,640.3,1.73E-06
640.2,8.91E-07,,648.3,-7.12E-07,,641.5,-2.47E-06,,640.6,4.52E-06
641.2,-2.05E-08,,649,-1.96E-06,,642.3,-2.09E-06,,641,4.60E-06
641.8,-1.32E-06,,649.9,5.47E-08,,642.8,-1.15E-06,,641.8,5.55E-06
642.7,-1.33E-07,,650.6,4.11E-06,,643.3,-3.92E-06,,642.6,4.92E-06
643.3,-1.45E-06,,651.3,1.39E-06,,643.7,-2.32E-06,,643.7,4.12E-06
643.7,2.11E-06,,652,2.49E-06,,644,-2.10E-06,,644.5,1.91E-06
644.1,-1.90E-06,,652.3,1.91E-06,,644.5,-1.43E-06,,645.4,4.83E-06
644.4,-6.50E-08,,652.8,5.62E-07,,645.1,-2.65E-06,,646.1,4.75E-06
645,1.39E-06,,653.1,6.62E-07,,645.9,-3.38E-07,,646.3,3.90E-06
645.6,-1.15E-07,,653.7,-2.74E-07,,646.6,-3.76E-06,,646.6,4.04E-06
646.3,1.54E-06,,654.2,1.32E-06,,647.6,-3.14E-06,,646.8,6.25E-07
647.3,-1.70E-07,,655.1,-5.89E-09,,648.5,1.78E-06,,647.2,2.71E-06
648,6.11E-07,,656,6.71E-07,,649,-3.82E-06,,647.9,4.20E-06
648.8,-2.10E-06,,656.8,1.24E-06,,649.6,-2.88E-06,,648.7,2.67E-06
649.4,1.01E-07,,657.6,1.45E-06,,649.9,-9.09E-07,,649.9,6.31E-06
649.9,-1.17E-06,,658,-1.28E-06,,650.2,-2.51E-06,,650.7,3.76E-06
650.3,-8.94E-07,,658.6,-1.26E-06,,650.7,-3.33E-06,,651.7,6.98E-06
650.6,-1.03E-06,,659,-3.13E-07,,651.2,-4.43E-06,,652.2,3.29E-06
651.1,-7.49E-07,,659.3,-2.99E-06,,652,-3.12E-06,,652.7,4.04E-06
651.5,-5.53E-07,,659.9,-1.54E-06,,652.6,-5.56E-07,,653,4.42E-06
652.4,-5.77E-08,,660.4,8.63E-07,,653.7,-4.14E-06,,653.2,1.63E-06
653.1,1.29E-06,,661.4,-5.66E-07,,654.6,-2.71E-06,,653.5,3.74E-06
654,9.04E-07,,662,9.99E-07,,655.2,-4.30E-06,,654,6.26E-06
654.8,-8.45E-07,,663,1.64E-06,,655.9,-2.23E-06,,654.8,4.45E-06
655.4,1.92E-06,,663.9,-1.99E-07,,656.2,-1.52E-07,,655.5,5.29E-06
656,2.87E-06,,664.4,3.60E-06,,656.6,-7.92E-07,,656.6,2.81E-06
656.3,-3.12E-06,,665,-2.42E-06,,656.9,1.87E-07,,657.6,3.51E-06
,-1.87E-06,,665.4,-2.30E-06,,657.4,-5.67E-07,,658.2,3.74E-06
657.2,-2.29E-06,,665.8,1.46E-06,,658.1,-4.14E-06,,658.8,5.27E-06
657.6,-7.24E-08,,666.2,-1.37E-07,,658.7,-7.08E-07,,659,1.95E-06
658.4,-3.73E-07,,666.8,1.32E-06,,659.7,-2.83E-06,,659.2,2.38E-06
659.1,-6.03E-07,,667.6,1.87E-06,,660.4,8.84E-07,,659.5,2.70E-06
660.1,-7.54E-07,,668.3,-9.54E-07,,661.3,-3.47E-06,,659.9,2.14E-06
,-6.05E-07,,669.3,-2.51E-06,,662,-1.67E-06,,660.7,5.34E-06
661.6,-1.27E-06,,670.2,-1.35E-07,,662.4,-2.90E-06,,661.5,5.10E-06
662.3,-1.09E-06,,670.8,2.87E-06,,662.8,-4.08E-06,,662.6,2.23E-06
662.6,4.75E-07,,671.4,2.47E-06,,663.1,-1.93E-06,,663.5,3.58E-06
663,-2.72E-06,,671.7,-4.08E-07,,663.6,-2.16E-06,,664.4,1.88E-06
663.3,-3.84E-06,,672.2,-9.63E-07,,664.3,-1.85E-06,,665,9.59E-07
663.9,-5.47E-07,,672.5,-2.29E-07,,664.8,-4.95E-07,,665.3,2.95E-06
664.6,-1.30E-06,,673.1,-2.69E-07,,665.8,-3.83E-06,,665.4,-3.71E-07
665.3,6.60E-07,,673.8,-2.64E-06,,666.5,-2.50E-06,,665.6,3.79E-06
666.2,1.54E-06,,674.5,1.37E-06,,667.4,-3.86E-06,,665.9,4.60E-06
666.9,2.10E-07,,675.5,-4.11E-06,,668,-3.43E-06,,666.4,1.19E-07
667.8,-8.36E-07,,676.2,-1.48E-06,,668.6,5.21E-07,,667.3,1.16E-06
668.4,-1.74E-06,,677,1.96E-08,,669.1,-2.49E-06,,668.4,3.24E-07
668.9,-2.25E-07,,677.7,1.16E-06,,669.3,-5.72E-07,,669.3,2.25E-06
669.3,-3.73E-06,,678,8.99E-07,,669.7,-3.14E-06,,670.2,1.23E-06
669.6,2.13E-07,,678.4,9.82E-08,,670.2,-2.04E-06,,670.8,1.61E-06
670,-1.01E-06,,678.7,1.38E-06,,670.9,-4.13E-06,,671.3,1.40E-06
670.5,-1.12E-06,,679.3,-4.42E-07,,671.6,-8.41E-07,,671.6,3.58E-06
671.3,-2.52E-06,,679.8,-1.60E-06,,672.6,-9.79E-07,,671.8,-1.04E-07
672.3,-1.16E-06,,680.6,-3.05E-06,,673.5,-3.26E-06,,672,1.30E-06
673,1.21E-06,,681.6,1.52E-06,,674.1,-4.64E-06,,672.5,3.40E-07
673.9,-3.52E-06,,682.3,-5.41E-07,,674.8,-4.89E-06,,673.3,2.23E-06
674.6,-1.66E-06,,683.2,1.92E-06,,675.1,-2.77E-06,,674.1,-7.33E-07
675.1,-2.53E-07,,683.7,-1.07E-06,,675.5,-3.38E-06,,675.3,2.98E-06
675.6,-2.72E-06,,684.3,-2.64E-06,,675.9,-2.36E-06,,676.3,2.26E-06
675.8,-3.25E-07,,684.7,-8.33E-07,,676.3,-9.41E-07,,676.9,2.13E-06
676.3,3.45E-07,,685,-2.08E-06,,677,-4.20E-06,,677.4,2.12E-06
676.7,8.44E-07,,685.4,-1.50E-06,,677.6,-4.06E-06,,677.7,1.26E-06
677.5,-2.01E-07,,685.9,-2.11E-06,,678.6,-5.20E-06,,677.9,3.32E-06
678.2,-3.20E-06,,686.7,-5.37E-06,,679.6,-6.28E-07,,678.2,1.35E-06
679.2,1.72E-07,,687.6,1.17E-06,,680.2,-1.26E-06,,678.6,-4.71E-08
680,-2.29E-06,,688.3,-6.83E-07,,680.9,-1.66E-06,,679.4,-4.80E-07
680.7,-2.04E-06,,689.2,-3.82E-06,,681.3,-1.93E-06,,680.2,1.14E-06
681.3,-3.50E-06,,689.8,1.08E-06,,681.8,-3.28E-06,,681.3,2.49E-06
681.7,-3.56E-06,,690.3,-2.08E-06,,682.1,-2.06E-06,,682.2,2.11E-06
682,-8.78E-07,,690.7,-6.34E-07,,682.5,-1.63E-06,,683.1,1.42E-06
682.3,-2.05E-06,,691.1,-1.91E-06,,683.1,-5.90E-06,,683.7,2.44E-06
682.8,1.50E-07,,691.5,-3.61E-06,,683.8,-3.84E-06,,683.9,-2.22E-06
683.5,4.12E-07,,691.9,-3.52E-06,,684.7,-3.23E-06,,684.2,2.98E-06
684.1,-1.35E-06,,692.7,-1.39E-06,,685.7,-3.44E-06,,684.3,3.38E-06
685.1,-1.18E-06,,693.3,-2.18E-06,,686.3,-2.56E-06,,684.7,-3.88E-09
685.8,-1.20E-06,,694.3,-3.59E-06,,687.1,-2.24E-06,,685.4,2.30E-06
686.7,-2.62E-06,,695.2,-4.14E-06,,687.5,-2.95E-06,,686.2,8.42E-07
687.3,-1.34E-06,,695.7,-2.20E-06,,687.9,-7.44E-07,,687.3,1.86E-06
687.7,-1.85E-06,,696.3,-7.02E-07,,688.3,-1.09E-07,,688.1,3.52E-06
688,-1.60E-06,,696.7,-1.78E-06,,688.7,-2.25E-06,,689.1,7.89E-07
688.3,-1.54E-06,,697,-5.96E-07,,689.3,-2.82E-06,,689.7,2.36E-06
688.8,-2.40E-06,,697.5,-2.71E-06,,689.8,-5.03E-06,,690,1.98E-06
689.3,1.31E-06,,697.9,-4.69E-06,,690.8,-1.60E-06,,690.2,-4.25E-08
690.1,1.35E-06,,698.7,2.35E-06,,691.6,-2.21E-06,,690.4,5.34E-07
691.2,-7.63E-07,,699.4,-5.07E-06,,692.5,-2.52E-06,,690.8,-4.43E-07
691.9,-1.72E-06,,700.3,-2.29E-07,,693.2,-2.64E-06,,691.5,-7.00E-07
692.8,-1.56E-06,,701.1,6.62E-07,,693.8,-1.19E-06,,692.2,1.26E-06
693.5,-1.76E-06,,701.9,5.21E-07,,694.2,-4.56E-06,,693.3,-1.63E-07
693.8,-2.79E-06,,702.6,-2.55E-06,,694.5,-3.74E-06,,694.2,-7.37E-08
694.2,-3.33E-06,,702.9,9.63E-07,,694.9,-7.02E-07,,695.1,-1.65E-07
694.5,-2.91E-06,,703.4,-3.18E-06,,695.3,-1.81E-06,,695.6,-1.14E-06
695,-3.45E-06,,703.6,-3.33E-06,,696,-1.55E-06,,696.1,8.29E-07
695.6,-2.59E-06,,704.2,-7.86E-07,,696.9,-2.48E-06,,696.3,-5.72E-07
696.2,-4.95E-07,,704.8,-1.95E-06,,697.7,-3.59E-06,,696.4,1.03E-06
697.2,-4.62E-06,,705.6,-6.27E-07,,698.6,-2.13E-06,,696.8,-2.30E-06
698,-4.76E-06,,706.3,-1.55E-06,,699.3,-1.40E-06,,697.2,7.31E-07
698.9,2.57E-08,,707.3,-3.65E-07,,700,-5.66E-06,,698.1,-1.49E-06
699.5,-1.07E-06,,708.1,-2.65E-06,,700.3,-1.73E-06,,699.2,7.16E-07
700.1,-3.19E-06,,708.7,-2.03E-06,,700.7,-1.18E-06,,700.1,-1.16E-06
700.5,-1.14E-06,,709.2,-4.17E-06,,701.1,-2.90E-06,,701.1,3.37E-06
700.7,-3.13E-06,,709.5,-3.57E-07,,701.5,-3.50E-06,,701.7,1.79E-06
701.1,-1.83E-06,,709.8,-3.34E-06,,702.2,-2.60E-06,,702.2,-1.98E-06
701.6,-2.88E-06,,710.3,-3.50E-07,,702.9,-3.83E-06,,702.4,1.63E-06
702.4,-2.78E-06,,710.9,-5.24E-06,,703.9,-6.36E-06,,702.6,1.26E-06
703.4,-1.73E-06,,711.7,3.05E-06,,704.6,-3.35E-06,,702.9,1.31E-06
704.2,-2.89E-06,,712.7,-3.58E-06,,705.6,-3.85E-06,,703.4,3.40E-06
705.1,-2.33E-06,,713.4,1.65E-06,,706.2,-1.90E-06,,704.2,-1.58E-06
705.8,-2.24E-06,,714.3,-6.60E-07,,706.7,-3.47E-06,,705.1,-1.36E-06
706.3,-1.11E-06,,714.8,-3.05E-06,,707,-3.36E-06,,706.3,-2.62E-07
706.7,-1.83E-06,,715.4,-5.64E-07,,707.3,-3.79E-06,,707.1,-2.33E-06
707,-1.01E-06,,715.7,-3.46E-06,,707.8,-6.08E-07,,708,-2.11E-06
707.4,-3.09E-06,,716.1,-1.25E-06,,708.3,-3.38E-06,,708.6,-9.98E-08
707.8,-1.44E-06,,716.6,-2.77E-06,,709.2,-2.85E-06,,708.8,-1.34E-06
708.6,-2.90E-06,,717.1,-6.49E-06,,709.9,-2.53E-06,,708.9,-1.01E-06
709.3,,,717.9,-7.37E-07,,710.9,-1.06E-06,,709.1,1.75E-07
710.4,,,718.6,-1.19E-06,,711.8,-2.96E-06,,709.6,-8.21E-07
711.3,,,719.6,-2.66E-06,,712.4,3.59E-07,,710.4,-7.18E-07
711.9,,,720.5,-1.27E-06,,712.9,-2.10E-06,,711.2,-9.93E-07
712.5,,,721,-4.31E-07,,713.3,-2.82E-06,,712.4,-1.23E-06
712.8,,,721.5,-4.01E-06,,713.6,-1.39E-06,,713.2,-2.83E-06
713.1,,,721.9,-1.28E-06,,714.1,-3.32E-06,,714.2,-1.63E-06
,,,722.2,-3.80E-06,,714.5,-1.24E-07,,714.6,-2.50E-06
713.9,,,722.7,-3.44E-06,,715.4,5.00E-07,,715,-3.34E-07
714.7,,,723.2,8.69E-07,,716.1,-4.30E-07,,715.2,-3.44E-07
,,,724,-5.12E-06,,717.1,-1.86E-06,,715.4,-1.90E-06
716.4,,,724.7,-1.48E-06,,718.1,5.80E-07,,715.8,2.78E-07
717.4,,,725.7,2.25E-07,,718.7,-6.50E-07,,716.4,6.06E-07
718,,,726.6,-3.47E-06,,719.2,-3.12E-06,,717.4,-1.46E-06
718.6,,,727.2,-1.69E-06,,719.5,-1.17E-07,,718.6,-3.09E-07
718.9,,,727.7,-7.70E-07,,719.8,8.28E-07,,719.4,1.07E-06
719.2,,,728,-1.95E-06,,720.1,-3.09E-06,,720.4,4.85E-07
719.5,,,728.4,-2.47E-06,,720.7,-1.43E-06,,720.9,7.13E-07
720,,,728.7,-4.00E-06,,721.5,-4.59E-06,,721.2,1.30E-06
720.8,,,729.3,-6.45E-07,,722.2,-3.52E-06,,721.4,-1.68E-06
721.5,,,730.1,-1.13E-06,,723.2,-1.44E-06,,721.6,-3.74E-06
722.5,,,730.8,9.10E-07,,723.9,-1.20E-06,,721.9,-1.48E-06
723.3,,,731.8,-3.76E-06,,724.7,-3.96E-08,,722.5,-1.24E-07
724.1,,,732.5,-3.09E-06,,725.3,-3.15E-06,,723.5,-3.14E-06
724.6,,,733.2,-1.32E-06,,725.6,-2.12E-07,,724.4,-3.69E-07
724.9,,,733.8,-1.76E-07,,726,-3.17E-07,,725.6,-1.72E-07
725.2,,,734.2,-3.47E-06,,726.2,1.70E-06,,726.6,-2.03E-06
725.6,,,734.5,-1.08E-06,,726.8,-1.23E-06,,727.1,-2.17E-06
,,,734.8,-3.08E-06,,727.3,-3.38E-06,,727.5,5.46E-07
726.9,,,735.4,2.12E-07,,728.2,-6.04E-07,,727.6,-2.12E-06
727.6,,,736,-3.33E-06,,729.2,-5.04E-06,,727.8,-8.90E-07
728.6,,,737,-3.71E-06,,729.9,-4.26E-06,,728,-7.48E-07
729.4,,,738,-1.07E-06,,730.8,-1.17E-06,,728.6,-6.43E-07
730.2,,,738.7,-5.38E-06,,731.2,-9.32E-07,,729.5,-4.88E-07
730.8,,,739.5,-5.01E-06,,731.6,1.63E-06,,730.4,-9.05E-07
731.1,,,739.9,-2.37E-06,,731.9,-2.44E-07,,731.6,-3.88E-06
731.5,,,740.3,-2.22E-07,,732.3,-3.27E-06,,732.4,-8.64E-07
731.7,,,740.7,-2.99E-06,,732.7,3.33E-07,,733.1,-1.64E-06
732.3,,,741,-5.80E-07,,733.4,-8.20E-07,,733.5,-1.06E-06
733.1,,,741.6,-3.68E-07,,734.3,-6.03E-07,,733.6,-1.25E-06
733.8,,,742.2,-1.19E-06,,735.1,-2.33E-06,,733.8,-2.21E-06
734.8,,,743.1,1.59E-06,,736.1,-2.70E-06,,734,-1.99E-06
735.5,,,744.1,2.15E-06,,736.6,-8.33E-07,,734.5,-2.34E-07
736.4,,,744.8,4.61E-07,,737.3,-2.72E-06,,735.5,-2.05E-06
736.8,,,745.6,1.56E-06,,737.7,4.30E-07,,736.3,-8.77E-07
737.2,,,746,-4.33E-06,,738,-3.87E-08,,737.6,-6.05E-07
737.6,,,746.5,-1.80E-06,,738.4,1.91E-06,,738.4,-1.43E-06
737.9,,,746.8,-3.88E-06,,738.7,-1.99E-06,,739.2,-1.27E-06
,,,747.2,1.52E-07,,739.4,-9.55E-07,,739.6,6.25E-07
739,,,747.7,1.63E-06,,740.1,-1.63E-06,,739.8,-3.51E-06
739.9,,,748.3,1.48E-07,,741.1,-1.66E-06,,739.9,-6.86E-07
740.6,,,749.2,-2.50E-06,,742.1,-4.17E-06,,740.1,-1.35E-06
741.6,,,750,-3.78E-06,,742.7,-5.17E-07,,740.5,-8.73E-07
742.4,,,751,-3.22E-06,,743.4,7.65E-07,,741.2,-9.17E-07
742.8,,,751.7,-2.39E-06,,743.7,-1.12E-06,,742.3,-1.85E-06
743.2,,,752.2,-7.33E-08,,744.1,-1.76E-06,,743.5,-4.31E-06
743.5,,,752.6,-3.71E-06,,744.4,-1.13E-06,,744.4,-8.49E-07
743.9,,,752.9,-1.50E-07,,744.8,-3.98E-06,,745.3,-1.78E-06
744.4,,,753.3,-3.46E-06,,745.6,-6.59E-07,,745.6,-2.31E-06
745,,,753.8,-3.23E-06,,746.2,-1.36E-06,,745.9,-2.31E-06
,,,754.4,-1.53E-06,,747.2,-3.14E-06,,745.9,-2.28E-06
746.7,,,755.3,-4.62E-06,,748.2,-2.20E-06,,746.1,-2.83E-06
747.6,,,755.8,-2.16E-07,,748.9,1.81E-06,,746.6,-1.62E-06
748.3,,,,,,749.5,-1.04E-06,,747.2,9.68E-07
748.9,,,,,,749.9,-1.07E-06,,748.4,1.31E-07
749.3,,,,,,750.2,-2.02E-06,,749.2,-3.32E-06
749.6,,,,,,750.5,-4.28E-07,,750.3,-1.47E-06
749.9,,,,,,751,-7.44E-07,,750.9,-1.94E-07
750.4,,,,,,751.7,-8.27E-07,,751.5,-4.03E-06
751.2,,,,,,752.4,-1.89E-06,,751.8,-3.43E-06
,,,,,,753.4,-1.17E-06,,751.9,-9.30E-07
,,,,,,754.1,5.19E-07,,752.1,-1.37E-06
,,,,,,755,-2.82E-06,,752.5,-1.40E-06
,,,,,,755.6,-2.14E-06,,753.3,-4.35E-06
,,,,,,755.9,2.21E-08,,754.4,-1.22E-06
,,,,,,756.3,8.07E-07,,755.3,-1.66E-07
,,,,,,756.7,7.31E-07,,756.4,-2.86E-06
,,,,,,757,-6.79E-07,,757,-1.18E-06
,,,,,,757.8,-3.11E-06,,757.6,-1.76E-06
,,,,,,758.5,-3.91E-06,,757.7,-2.80E-07
,,,,,,759.4,-4.21E-07,,757.9,-2.50E-06
,,,,,,760.1,7.43E-07,,758.1,-1.33E-06
,,,,,,761,-2.07E-06,,758.5,-7.19E-07
,,,,,,761.6,2.54E-07,,759.3,-1.67E-06
,,,,,,761.9,-3.33E-06,,760.2,-2.69E-06
,,,,,,762.2,-3.98E-07,,761.4,-3.14E-06
,,,,,,762.6,1.66E-06,,762.3,-1.51E-06
,,,,,,763.1,-5.92E-07,,763.1,-1.42E-06
,,,,,,763.8,-2.23E-06,,763.6,-3.94E-06
,,,,,,764.5,1.04E-06,,763.8,-2.76E-07
,,,,,,765.5,-2.29E-06,,763.9,-4.37E-06
,,,,,,766.3,-2.69E-06,,764,-1.81E-06
,,,,,,767.2,3.85E-07,,764.5,-3.37E-07
,,,,,,767.8,-1.79E-06,,765.4,-1.91E-06
,,,,,,768.1,-9.69E-07,,766.2,7.70E-07
,,,,,,768.4,-5.90E-07,,767.4,-8.75E-07
,,,,,,768.7,-1.34E-06,,768.3,-2.76E-07
,,,,,,769.2,2.10E-06,,769.1,-1.25E-07
,,,,,,769.7,3.79E-07,,769.5,-1.73E-06
,,,,,,770.7,1.80E-06,,769.7,-1.55E-06
,,,,,,771.7,-1.94E-06,,769.9,-1.19E-06
,,,,,,772.4,4.66E-09,,770,-2.95E-06
,,,,,,773.3,1.41E-06,,,
,,,,,,773.8,2.53E-07,,,
,,,,,,774.2,8.13E-07,,,
,,,,,,774.5,-9.43E-07,,,
,,,,,,774.7,-8.51E-07,,,
,,,,,,775.1,7.63E-07,,,
,,,,,,775.5,-3.57E-06,,,
