TOS_REF[h],X_CH4_REF [%],X_CO2_REF [%],Coke_REF [w%],,TOS_REF_2[h],X_CH4_REF_2 [%],X_CO2_REF_2 [%],Coke_REF_2 [w%],,TOS_1Mn [h],X_CH4_1Mn [%],X_CO2_1Mn [%],Coke_1Mn [w%],,TOS_1Mn_2 [h],X_CH4_1Mn_2 [%],X_CO2_1Mn_2 [%],Coke_1Mn_2 [w%],,TOS_0.5Mn [h],X_CH4_0.5Mn [%],X_CO2_0.5Mn [%],Coke_0.5Mn [w%],,TOS_0.5Mn_2 [h],X_CH4_0.5Mn_2 [%],X_CO2_0.5Mn_2 [%],Coke_0.5Mn_2 [w%],,TOS_0.25Mn [h],X_CH4_0.25Mn [%],X_CO2_0.25 Mn [%],Coke_0.25Mn [w%],,TOS_0.25Mn_2 [h],X_CH4_0.25Mn_2 [%],X_CO2_0.25 Mn_2 [%],Coke_0.25Mn_2 [w%],,TOS_1Cr [h],X_CH4_1Cr [%],X_CO2_1Cr [%],Coke_1Cr [w%],,TOS_1Cr_2 [h],X_CH4_1Cr_2 [%],X_CO2_1Cr_2 [%],Coke_1Cr_2 [w%],,TOS-0.5Cr [h],X_CH4_0.5Cr [%],X_CO2_0.5Cr [%],Coke_0.5Cr [w%],,TOS-0.5Cr_2 [h],X_CH4_0.5Cr_2 [%],X_CO2_0.5Cr_2 [%],Coke_0.5Cr_2 [w%],,TOS_0.25Cr [h],X_CH4_0.25Cr [%],X_CO2_0.25Cr [%],Coke_0.25Cr [w%],,TOS_0.25Cr_2 [h],X_CH4_0.25Cr_2 [%],X_CO2_0.25Cr_2 [%],Coke_0.25Cr_2 [w%],,TOS_1Fe [h],X_CH4_1Fe [%],X_CO2_1Fe [%],Coke_1Fe [w%],,TOS_1Fe_2 [h],X_CH4_1Fe_2 [%],X_CO2_1Fe_2 [%],Coke_1Fe_2 [w%],,TOS_0.5Fe [h],X_CH4_0.5Fe [%],X_CO2_0.5Fe [%],Coke_0.5Fe [w%],,TOS_0.5Fe_2 [h],X_CH4_0.5Fe_2 [%],X_CO2_0.5Fe_2 [%],Coke_0.5Fe_2 [w%],,TOS_0.25Fe [h],X_CH4_0.25Fe [%],X_CO2_0.25Fe [%],Coke_0.25Fe [w%],,TOS_0.25Fe_2 [h],X_CH4_0.25Fe_2 [%],X_CO2_0.25Fe_2 [%],Coke_0.25Fe_2 [w%]
0.08333,40.69836,52.09569,18.3,,0.08333,42.3219,52.45611,21,,0.08333,41.01413,52.7536,14,,0.08333,35.18633,46.67797,14.2,,0.08333,45.81143,57.83993,22.7,,0.08333,42.96205,54.34326,23.7,,0.08333,42.35968,53.44222,21.8,,0.08333,43.29675,54.76412,21.4,,0.08333,42.1891,53.84369,11.7,,0.08333,42.53785,54.44835,12.4,,0.08333,43.3414,55.00266,17.6,,0.08333,44.62064,56.37733,17,,0.08333,41.55618,53.08621,15.7,,0.08333,45.08177,56.78846,15.6,,0.08333,21.559,34.14456,2.4,,0.08333,18.46382,30.96963,1.8,,0.08333,40.30645,52.85176,12.6,,0.08333,38.98606,51.79958,13.2,,0.08333,43.70213,55.86655,27.4,,0.08333,45.22322,57.11518,33.2
0.225,39.32079,50.98175,,,0.22472,39.84504,50.49326,,,0.22528,40.66813,52.26416,,,0.22528,34.94925,46.33398,,,0.22472,45.42341,57.54886,,,0.22472,42.24336,53.74161,,,0.22528,41.75573,52.82443,,,0.22528,42.77395,54.26831,,,0.22528,41.37361,52.99071,,,0.225,41.94307,53.68359,,,0.22472,43.12542,54.56402,,,0.225,44.51283,55.97126,,,0.225,40.70912,52.57289,,,0.225,44.66194,56.53057,,,0.22528,24.32169,36.64863,,,0.22528,20.90021,33.66985,,,0.22528,41.30907,54.20222,,,0.22528,39.73314,51.85983,,,0.225,43.86582,55.98917,,,0.22444,45.43762,57.43339,
0.36694,38.02835,49.99592,,,0.36611,38.39468,49.23672,,,0.36694,40.16719,52.10628,,,0.36639,34.83233,46.10722,,,0.36639,45.32335,57.1538,,,0.36667,41.96133,53.52986,,,0.36694,41.36988,52.27423,,,0.36667,42.10149,53.63455,,,0.36694,40.85851,52.67481,,,0.36694,41.48217,53.31563,,,0.36639,42.61657,54.29225,,,0.36694,44.05699,55.49859,,,0.36667,40.22504,52.00273,,,0.36639,44.22834,56.0555,,,0.36667,25.69691,38.6461,,,0.36667,22.84519,35.63219,,,0.36667,42.0451,54.42147,,,0.36639,39.64564,52.12372,,,0.36639,43.64945,55.95262,,,0.36611,45.29554,57.3545,
0.50806,37.15461,49.20534,,,0.50806,37.43349,48.23384,,,0.50806,40.25074,51.73738,,,0.50806,34.48789,46.03192,,,0.50833,45.31006,57.0527,,,0.50806,41.85808,53.17676,,,0.50833,40.38187,51.55393,,,0.50833,41.54614,53.08622,,,0.50861,40.52556,52.1705,,,0.50806,41.05232,52.99019,,,0.50833,42.1463,53.68002,,,0.50833,42.99857,54.45647,,,0.50861,39.57766,51.25674,,,0.50806,43.54532,55.30539,,,0.50806,27.19872,40.2955,,,0.50833,23.55782,36.53271,,,0.50833,42.11065,54.69811,,,0.50806,39.68104,52.18022,,,0.50806,43.74759,55.78705,,,0.50778,45.60026,57.44529,
0.65,36.45722,48.42216,,,0.64972,35.63914,46.75315,,,0.64972,39.88281,51.56414,,,0.64972,34.41209,45.72054,,,0.65,44.57415,56.71333,,,0.64972,41.65676,53.16907,,,0.65,40.08597,51.17916,,,0.65028,40.48728,53.06413,,,0.65,39.97027,51.57003,,,0.64972,40.74302,52.44602,,,0.64972,41.70683,53.19265,,,0.64972,42.64906,54.0617,,,0.65,38.73181,51.00925,,,0.64972,43.20704,55.08964,,,0.65,27.72342,40.89007,,,0.65028,24.22189,36.86505,,,0.65,42.36085,54.84089,,,0.64972,39.64875,52.19557,,,0.65,43.7067,55.77462,,,0.64944,45.50922,57.2962,
0.79139,36.26557,47.67721,,,0.79139,35.23096,46.02289,,,0.79139,39.93971,51.27906,,,0.79167,34.17356,45.70586,,,0.79167,44.33909,56.5788,,,0.79111,41.69165,52.91976,,,0.79139,39.82835,50.84775,,,0.79194,40.51736,52.36363,,,0.79167,39.49925,51.41838,,,0.79139,40.42604,52.03467,,,0.79111,41.41461,53.0337,,,0.79111,42.1605,53.74662,,,0.79167,38.83856,50.5677,,,0.79111,43.10245,54.80615,,,0.79139,28.02962,41.20933,,,0.79167,24.45197,37.46456,,,0.79194,42.48995,55.18738,,,0.79167,39.71549,52.16842,,,0.79139,43.53902,55.65783,,,0.79111,45.36211,57.1741,
0.93333,35.46515,47.19057,,,0.93278,33.98423,45.50607,,,0.93278,39.95215,51.19155,,,0.93306,34.20483,45.50649,,,0.93333,44.46754,56.36439,,,0.93306,41.37985,52.69462,,,0.93306,39.16377,50.11769,,,0.93306,40.31946,51.93781,,,0.93333,39.28535,51.14604,,,0.93306,39.55282,51.31922,,,0.9325,40.96524,52.38194,,,0.93278,42.11104,53.39247,,,0.93333,38.5755,50.13504,,,0.93278,42.82837,54.61357,,,0.93333,28.33164,41.46513,,,0.93333,24.81697,37.74219,,,0.93361,42.61748,54.88463,,,0.93278,39.71701,52.30697,,,0.93306,43.55763,55.59796,,,0.93278,45.30053,57.05142,
1.075,34.42932,46.38715,,,1.07472,34.19573,44.5795,,,1.07472,39.54604,51.24003,,,1.07444,33.95682,45.43429,,,1.07444,44.25075,56.18363,,,1.07472,41.19825,52.55275,,,1.075,38.88558,49.76925,,,1.07472,39.92492,51.67952,,,1.075,39.08763,50.86747,,,1.07444,39.33369,50.96814,,,1.07444,40.75524,52.13721,,,1.07472,41.76348,53.18284,,,1.07444,38.31325,49.91053,,,1.07444,42.33274,54.00506,,,1.075,28.55252,41.63264,,,1.075,25.12418,37.90108,,,1.075,42.66532,55.07883,,,1.07472,39.66291,51.95546,,,1.07472,43.49107,55.61847,,,1.07444,45.10478,56.99522,
1.21611,34.2875,45.98518,,,1.21639,33.20872,44.17046,,,1.21639,39.76168,51.06344,,,1.21611,33.84806,45.14529,,,1.21611,44.17951,56.14477,,,1.21611,40.89983,52.39805,,,1.21639,38.64968,49.50923,,,1.21639,39.72889,51.22345,,,1.21639,38.79334,50.56628,,,1.21611,39.09882,50.74339,,,1.21639,40.48146,51.91871,,,1.21611,41.41725,52.97778,,,1.21611,37.91832,49.73835,,,1.21639,42.29461,53.77106,,,1.21639,29.2247,42.50157,,,1.21667,25.34509,38.24207,,,1.21667,42.46418,55.12684,,,1.21639,39.6034,52.03541,,,1.21639,43.49528,55.38924,,,1.21583,45.06605,56.97255,
1.35833,33.54878,45.37464,,,1.35806,33.06688,43.7237,,,1.35806,39.44701,50.93295,,,1.3575,33.5691,44.96606,,,1.35806,43.99154,56.06874,,,1.35806,40.91256,52.25235,,,1.35778,38.34691,49.10439,,,1.35778,39.4356,51.26625,,,1.35806,38.53737,50.09568,,,1.35778,38.84263,50.61969,,,1.35806,40.12655,51.60896,,,1.35806,41.16586,52.39375,,,1.35778,37.42486,49.06673,,,1.35778,42.11298,53.60599,,,1.35778,29.364,42.57507,,,1.35778,25.43639,38.44214,,,1.35778,42.57142,55.01191,,,1.35778,39.61565,51.93155,,,1.35806,43.25118,55.29666,,,1.35778,44.96972,56.87635,
1.49972,33.08925,45.09874,,,1.49944,32.32906,43.20465,,,1.49944,39.45733,50.96618,,,1.49917,33.62045,45.14616,,,1.49917,43.93123,56.02329,,,1.49972,40.74063,52.1003,,,1.49944,38.06023,48.7983,,,1.49944,39.42998,50.8487,,,1.49972,38.41182,50.10732,,,1.49972,38.41338,49.95081,,,1.49944,40.01508,51.43792,,,1.49972,40.64878,52.1371,,,1.49972,37.20376,48.69802,,,1.49944,41.83991,53.64361,,,1.49972,29.47868,42.65027,,,1.49944,25.67248,38.59536,,,1.49944,42.64645,55.08934,,,1.49917,39.5823,51.89893,,,1.5,43.23077,55.22992,,,1.49944,44.88277,56.68148,
1.64139,32.5823,44.34459,,,1.64083,31.46922,42.5958,,,1.64139,39.32573,50.82393,,,1.64111,33.35312,44.8208,,,1.64083,43.53579,55.71862,,,1.64083,40.1462,51.67456,,,1.64111,37.78551,48.5189,,,1.64111,38.66518,50.4769,,,1.64111,38.12025,49.794,,,1.64111,38.00801,49.71431,,,1.64083,39.75501,51.20783,,,1.64083,40.47166,51.82169,,,1.64139,36.9037,48.48874,,,1.64111,41.66812,53.17882,,,1.64139,29.90228,42.66816,,,1.64111,25.81575,38.69196,,,1.64111,42.60162,54.8372,,,1.64083,39.47692,51.95801,,,1.64139,43.10014,55.30889,,,1.64111,44.74493,56.78739,
1.78278,32.30412,43.97241,,,1.7825,31.21811,42.06974,,,1.78306,39.15338,50.64607,,,1.7825,33.14555,44.69518,,,1.7825,43.28739,55.71048,,,1.7825,40.21151,51.54546,,,1.7825,37.65875,48.38662,,,1.78278,38.44854,50.02062,,,1.78278,38.01573,49.56703,,,1.78306,37.80334,49.52946,,,1.7825,39.62535,50.97446,,,1.7825,40.15628,51.50386,,,1.7825,36.44715,47.88721,,,1.78278,41.52229,53.05229,,,1.78306,29.81899,42.90413,,,1.78278,25.9454,38.7073,,,1.78306,42.73723,55.03092,,,1.78278,39.48425,51.77465,,,1.78306,42.79347,55.36701,,,1.78222,44.72058,56.63529,
1.92417,32.10992,43.77508,,,1.92389,30.72612,41.39536,,,1.92417,39.12822,50.70821,,,1.92417,33.09605,44.63354,,,1.92417,43.26268,55.69123,,,1.92417,40.15823,51.40268,,,1.92417,37.26154,48.22034,,,1.92444,38.51545,49.80401,,,1.92444,37.7302,49.34758,,,1.92472,37.61188,49.32236,,,1.92389,39.38757,50.83203,,,1.92417,40.07823,51.40076,,,1.92417,36.25371,47.67361,,,1.92417,41.22974,52.87975,,,1.92444,29.92967,43.15909,,,1.92417,25.97769,38.97891,,,1.92472,42.52435,55.03494,,,1.92417,39.49802,51.68921,,,1.92472,42.99102,55.0864,,,1.92389,44.58521,56.37616,
2.06583,31.59861,43.13451,,,2.06556,30.26705,41.08072,,,2.06583,38.95607,50.65555,,,2.06583,33.04736,44.47199,,,2.06583,43.09759,55.37067,,,2.06583,40.08119,51.40336,,,2.06583,37.14369,47.95943,,,2.06583,37.71679,49.84361,,,2.06583,37.56735,49.22143,,,2.06611,37.32463,48.95034,,,2.06556,39.10429,50.48846,,,2.06583,39.82048,51.1198,,,2.06611,36.07062,47.59197,,,2.06583,40.76276,52.62666,,,2.06583,30.08564,43.04158,,,2.06583,26.1236,39.0158,,,2.06639,42.57977,54.93651,,,2.06611,39.34275,51.65131,,,2.06583,42.69442,54.78153,,,2.06556,44.53601,56.54153,
2.20778,31.22115,42.79182,,,2.20722,30.00208,40.78192,,,2.2075,39.11817,50.4405,,,2.2075,33.00135,44.31091,,,2.2075,43.15283,55.43515,,,2.20778,39.86408,51.34152,,,2.20722,36.63392,47.34192,,,2.20778,38.15194,49.3063,,,2.20778,37.29812,48.92201,,,2.20778,37.2321,48.87454,,,2.2075,38.77136,50.17883,,,2.20722,39.7161,50.8281,,,2.2075,35.84027,47.2174,,,2.20778,40.56847,52.32688,,,2.20778,30.13979,43.15567,,,2.20778,26.20146,39.03192,,,2.2075,42.708,55.28235,,,2.20722,39.34666,51.82237,,,2.2075,42.56259,54.68715,,,2.20694,44.47235,56.30213,
2.34944,30.72355,42.73195,,,2.34889,29.84447,40.4858,,,2.34917,38.75599,50.51161,,,2.34917,32.80055,44.20989,,,2.34917,43.0406,55.41369,,,2.34889,39.95361,51.09738,,,2.34917,36.37275,47.3716,,,2.34944,37.65215,49.20223,,,2.34944,37.1754,48.61866,,,2.34917,37.07121,48.59238,,,2.34889,38.61634,49.8574,,,2.34889,39.32533,50.31979,,,2.34917,35.64458,47.06647,,,2.34944,40.50536,52.26752,,,2.34917,30.1311,43.34889,,,2.34944,26.30661,39.32303,,,2.34917,42.43493,54.9917,,,2.34917,39.28523,51.69493,,,2.34917,42.53585,54.65574,,,2.34861,44.42853,56.38942,
2.49056,30.69926,42.25504,,,2.49028,29.60482,40.51345,,,2.49083,38.78343,50.2165,,,2.49083,32.66558,44.0061,,,2.49111,42.96772,55.23302,,,2.49056,39.72733,51.05974,,,2.49083,36.26326,47.02568,,,2.49083,37.4407,48.89691,,,2.49111,37.01667,48.42719,,,2.49083,36.95954,48.3501,,,2.49083,38.41114,49.75804,,,2.49083,39.04669,50.35993,,,2.49083,35.24284,46.63761,,,2.49083,40.34225,52.16794,,,2.49056,30.19684,43.32175,,,2.49083,26.39308,39.39159,,,2.49083,42.51613,55.03034,,,2.49083,39.2813,51.741,,,2.49083,42.50348,54.68806,,,2.49028,44.32676,56.20942,
2.63222,30.51838,41.972,,,2.63194,29.33351,40.05019,,,2.6325,38.7535,50.17703,,,2.6325,32.6163,44.09971,,,2.63222,42.86556,55.1825,,,2.6325,39.54625,50.93363,,,2.6325,36.13166,46.78756,,,2.6325,37.14667,48.92262,,,2.63278,36.54999,48.09525,,,2.63278,36.63113,48.18595,,,2.63194,38.22896,49.65001,,,2.6325,38.86352,49.94297,,,2.63278,34.8572,46.46449,,,2.63222,40.23304,51.98469,,,2.63222,30.2615,43.55501,,,2.63278,26.4282,39.23149,,,2.63278,42.64129,55.18424,,,2.63222,39.23791,51.66292,,,2.63222,42.48364,54.63525,,,2.63194,44.3229,56.18226,
2.77417,30.33347,41.83036,,,2.77389,29.02698,39.76067,,,2.77417,38.78768,50.12742,,,2.77417,32.50672,43.83549,,,2.77417,42.78081,54.98837,,,2.77389,39.46726,50.94963,,,2.77389,35.97023,46.65291,,,2.77444,36.96765,48.51787,,,2.77444,36.12983,47.62235,,,2.77417,36.35418,48.11862,,,2.77361,38.14895,49.46708,,,2.77389,38.6493,49.88952,,,2.77389,34.73125,46.07624,,,2.77389,39.99732,51.8531,,,2.77389,30.32215,43.4132,,,2.77444,26.48449,39.26756,,,2.77389,42.56313,54.97348,,,2.77389,39.21559,51.53338,,,2.77389,42.55434,54.51427,,,2.77361,44.1339,56.11264,
2.91583,29.58631,41.6561,,,2.91556,28.80796,39.51531,,,2.91556,38.55136,50.17112,,,2.91583,32.32396,43.73631,,,2.91556,42.72763,54.95889,,,2.91528,39.32086,50.83231,,,2.91556,35.7091,46.516,,,2.91583,36.83476,48.45603,,,2.91611,35.92687,47.45625,,,2.91556,36.50718,47.89044,,,2.91556,38.05585,49.38009,,,2.91556,38.18129,49.53764,,,2.91556,34.2042,45.92751,,,2.91556,39.99835,51.615,,,2.91556,30.47897,43.49382,,,2.91583,26.53448,39.4253,,,2.91583,42.56446,55.11395,,,2.91556,39.23504,51.68325,,,2.91556,42.28626,54.44432,,,2.91528,44.12216,56.08933,
3.05722,29.81502,41.53674,,,3.05694,28.30784,39.47998,,,3.05722,38.45002,49.96078,,,3.05694,32.26541,43.69983,,,3.0575,42.60704,55.0402,,,3.05694,39.11196,50.77809,,,3.0575,35.61785,46.49569,,,3.0575,36.54951,48.28498,,,3.05778,35.84125,47.4047,,,3.05722,36.31928,47.8007,,,3.05694,37.88628,49.25165,,,3.05722,37.89985,49.01694,,,3.05722,34.17518,45.4506,,,3.0575,39.31202,51.23509,,,3.05694,30.55526,43.38368,,,3.0575,26.55054,39.5162,,,3.0575,42.55647,55.16904,,,3.05722,38.76173,51.58885,,,3.05722,41.93247,54.00968,,,3.05694,44.0296,56.12046,
3.19889,29.57798,41.11922,,,3.19861,28.23522,38.97764,,,3.19889,38.32598,50.03854,,,3.19861,32.14261,43.41768,,,3.19889,42.46583,54.87276,,,3.19917,39.09555,50.82225,,,3.19917,35.43273,46.28838,,,3.19889,36.48996,48.02629,,,3.19889,35.83446,47.09408,,,3.19861,36.22604,47.49985,,,3.19861,37.70544,48.866,,,3.19889,37.53863,48.76716,,,3.19889,33.83969,45.22782,,,3.19889,39.43392,51.0257,,,3.19861,30.51229,43.83889,,,3.19889,26.62627,39.50564,,,3.19917,42.49432,55.12862,,,3.19861,39.02394,51.54247,,,3.19889,41.6453,53.90167,,,3.19833,43.98747,55.91001,
3.34028,29.2447,40.84063,,,3.34028,28.05447,38.69334,,,3.34056,38.21845,49.93336,,,3.34,32.13425,43.33613,,,3.34056,42.45465,54.87329,,,3.34028,38.50278,50.90555,,,3.34056,35.13976,45.91721,,,3.34056,36.30857,47.82967,,,3.34056,35.51665,47.04655,,,3.34028,36.06988,47.47982,,,3.34,37.68835,48.9703,,,3.34056,37.51815,48.53419,,,3.34056,33.76034,45.01753,,,3.34028,39.30792,50.94445,,,3.34028,30.56297,43.66557,,,3.34056,26.72487,39.58893,,,3.34056,42.42552,55.10262,,,3.34028,39.09549,51.29745,,,3.34028,41.54475,53.88078,,,3.34,43.79346,55.87562,
3.48194,29.22409,40.43374,,,3.48194,27.79869,38.66597,,,3.48194,38.24637,49.8342,,,3.48167,31.97292,43.28724,,,3.48194,42.38774,54.65153,,,3.48222,38.9079,50.81861,,,3.48194,35.09683,45.92136,,,3.4825,36.1455,47.80361,,,3.4825,35.4509,46.86161,,,3.48194,35.85565,47.33151,,,3.48194,37.08969,48.50592,,,3.48222,37.28948,48.48308,,,3.48194,33.50763,44.97538,,,3.48194,39.09735,50.8084,,,3.48194,30.64786,43.83354,,,3.48194,26.75643,39.51689,,,3.48222,42.6051,55.11884,,,3.48167,39.11478,51.4419,,,3.48222,41.85804,53.72192,,,3.48167,43.85507,55.79513,
3.62361,28.91763,40.56668,,,3.62333,27.75642,38.31689,,,3.62361,38.22327,49.83615,,,3.62361,31.9857,43.14561,,,3.62389,42.29265,54.60175,,,3.62333,38.88487,50.59279,,,3.62389,34.8309,45.41308,,,3.62417,36.0477,47.66909,,,3.62389,35.35661,46.67206,,,3.62389,35.50723,47.08788,,,3.62333,36.77337,47.87565,,,3.62361,37.13568,48.56677,,,3.62361,33.42184,44.67047,,,3.62333,38.92778,50.71074,,,3.62389,30.66736,43.82106,,,3.62361,26.7925,39.83726,,,3.62417,42.36145,55.02906,,,3.62389,39.09398,51.45765,,,3.62389,41.50777,53.83969,,,3.62333,43.6736,55.67078,
3.76528,28.44712,40.14174,,,3.765,27.62316,37.95614,,,3.76556,38.16216,49.70004,,,3.76528,31.73856,43.14489,,,3.76528,42.22705,54.68634,,,3.765,38.83735,50.60547,,,3.76528,34.63325,45.08211,,,3.76556,35.76805,47.57944,,,3.76528,35.15424,46.6439,,,3.76528,35.16466,46.71131,,,3.765,36.56457,47.93143,,,3.765,36.9923,48.28305,,,3.765,33.29185,44.62585,,,3.765,38.86993,50.57145,,,3.765,30.74429,43.69852,,,3.76528,26.82255,39.687,,,3.76556,42.54474,55.23045,,,3.765,39.04445,51.37286,,,3.76528,41.39937,53.75328,,,3.765,43.8196,55.73548,
3.90667,28.43141,40.00139,,,3.90667,27.24776,37.96086,,,3.90694,38.02692,49.63825,,,3.90667,31.89329,43.0257,,,3.90667,42.18253,54.51375,,,3.90667,38.90802,50.56756,,,3.90722,34.45313,45.21534,,,3.90694,35.70355,47.3645,,,3.90694,34.94356,46.38536,,,3.90694,35.1503,46.57866,,,3.90667,36.67064,47.74998,,,3.90694,36.94966,48.13953,,,3.90694,33.07519,44.14325,,,3.90667,38.64537,50.37343,,,3.90667,30.80103,43.80015,,,3.90667,26.77519,39.74807,,,3.90694,42.41746,54.99701,,,3.90667,38.96236,51.20982,,,3.90694,41.38797,53.71788,,,3.90667,43.61652,55.66134,
4.04833,28.32571,39.92069,,,4.04806,27.20174,37.53785,,,4.04861,38.01157,49.6012,,,4.04833,31.6494,43.06108,,,4.04833,42.19236,54.45412,,,4.04833,38.49106,50.58246,,,4.04861,34.38026,44.96716,,,4.04861,35.48808,47.08102,,,4.04861,35.00691,46.32374,,,4.04889,34.9908,46.34782,,,4.04833,36.46782,47.7372,,,4.04833,36.78214,47.96726,,,4.04833,32.88105,44.24478,,,4.04861,38.50279,50.22777,,,4.04861,30.81271,43.80839,,,4.04889,26.85527,39.76881,,,4.04833,42.5307,55.0837,,,4.04861,38.95786,51.31944,,,4.04889,41.29269,53.52218,,,4.04833,43.41251,55.54707,
4.19,27.62223,39.07718,,,4.18972,26.86165,37.34965,,,4.19056,37.9266,49.59663,,,4.19,31.5638,42.85384,,,4.19,42.0782,54.40867,,,4.19,38.62013,50.33753,,,4.19,34.26898,44.97414,,,4.19,35.32241,47.00488,,,4.19028,34.74956,46.07983,,,4.19,34.80308,46.17242,,,4.19,36.37044,47.67562,,,4.19,36.67285,47.90868,,,4.19028,32.60911,44.16764,,,4.19028,38.50506,50.16796,,,4.19028,30.80566,43.8807,,,4.19028,26.87735,39.74754,,,4.19,42.35036,55.05303,,,4.19,38.87013,51.26507,,,4.19028,41.32447,53.35642,,,4.19,43.52217,55.52173,
4.33167,27.77701,39.07971,,,4.33139,26.22927,37.3329,,,4.33194,37.79939,49.54127,,,4.33167,31.61006,42.85193,,,4.33139,41.95972,54.29703,,,4.33167,38.35065,50.48917,,,4.33167,34.0323,44.74694,,,4.33167,35.13056,47.06481,,,4.33167,34.66899,46.08241,,,4.33167,34.73084,46.0794,,,4.33167,36.12078,47.52107,,,4.33139,36.54859,47.85873,,,4.33167,32.66416,43.87816,,,4.33139,38.23939,49.99652,,,4.33167,30.80511,43.95863,,,4.33194,26.96307,39.81184,,,4.33222,42.36932,54.92069,,,4.33167,38.81882,51.25998,,,4.33167,41.18661,53.494,,,4.33139,42.95302,54.84412,
4.47306,27.45076,38.83011,,,4.47333,26.56552,37.26982,,,4.47361,37.53091,49.7138,,,4.47306,31.5782,42.95905,,,4.47306,41.91843,54.15515,,,4.47361,38.36516,50.3741,,,4.47333,34.22205,44.61458,,,4.47333,34.5145,46.21893,,,4.47361,34.60232,45.88915,,,4.47333,34.71667,45.95029,,,4.47306,36.04784,47.29264,,,4.47333,36.34738,47.73294,,,4.47333,32.43367,43.56956,,,4.47333,38.17177,49.98092,,,4.47333,30.8446,43.85707,,,4.47333,26.88414,39.68354,,,4.47333,42.30192,54.96727,,,4.47333,38.86156,51.16171,,,4.47333,41.20597,53.54598,,,4.47306,42.77137,54.71658,
4.61472,27.24785,38.68038,,,4.61472,26.42469,36.88669,,,4.61528,37.66839,49.43193,,,4.615,31.46697,42.78357,,,4.61472,41.82741,54.1115,,,4.61472,38.3142,50.16195,,,4.61472,33.55556,44.4204,,,4.61528,34.11598,45.88764,,,4.61528,34.34862,45.81674,,,4.61472,34.57474,45.86478,,,4.61472,35.84776,47.21272,,,4.61472,36.28913,47.56642,,,4.61472,32.50225,43.42906,,,4.615,37.89343,49.36652,,,4.615,30.87458,44.23933,,,4.615,26.95058,39.99691,,,4.615,42.43241,55.14144,,,4.61472,38.82935,51.12849,,,4.615,41.02624,53.437,,,4.61444,42.65853,54.74036,
4.75639,27.28192,38.67745,,,4.75667,26.41366,36.83494,,,4.75667,37.61383,49.38856,,,4.75667,31.30854,42.58455,,,4.75639,41.8004,54.08538,,,4.75639,38.31149,50.25044,,,4.75639,33.1583,43.87799,,,4.75667,33.93847,45.62262,,,4.75667,34.26026,45.5757,,,4.75639,34.44918,45.60095,,,4.75667,35.89154,46.99694,,,4.75639,36.14512,47.44082,,,4.75667,32.27867,43.41154,,,4.75667,37.71129,49.25454,,,4.75667,30.82575,44.20709,,,4.75667,26.99055,39.95349,,,4.75667,42.34381,55.01585,,,4.75639,38.73003,51.08777,,,4.75639,40.99248,53.33741,,,4.75611,42.86455,54.63433,
4.89806,27.17483,38.55157,,,4.89833,26.18191,36.78074,,,4.89806,37.5841,49.38308,,,4.89778,31.02768,42.27633,,,4.89806,41.79181,54.00873,,,4.89778,38.19104,49.96135,,,4.89806,33.13689,43.65653,,,4.89806,33.8267,45.36949,,,4.89833,34.29107,45.4648,,,4.89806,34.28159,45.76415,,,4.89833,35.71569,47.03766,,,4.89806,35.9359,47.43242,,,4.89833,32.08126,43.41215,,,4.89833,37.3734,48.79484,,,4.89806,30.90466,44.06875,,,4.89833,27.02702,40.03452,,,4.89833,42.40811,54.98259,,,4.89806,38.69441,51.21474,,,4.89806,40.94934,53.4621,,,4.89778,42.72596,54.73437,
5.03972,27.31632,38.30692,,,5.03972,26.13816,36.79727,,,5.04,37.4395,49.41368,,,5.03944,30.9098,42.0651,,,5.03972,41.64357,53.8719,,,5.03944,38.05547,50.05479,,,5.03944,32.98914,43.58988,,,5.03972,33.79428,45.3907,,,5.04,34.02882,45.37602,,,5.04,34.20675,45.42256,,,5.03944,35.61949,46.9817,,,5.03972,35.9697,47.21278,,,5.03972,31.97549,43.11072,,,5.03944,37.25199,48.79726,,,5.03972,30.94708,43.97821,,,5.03972,27.09319,39.88182,,,5.04,42.38722,55.01464,,,5.03944,38.71684,51.11319,,,5.03972,40.59033,53.53937,,,5.03917,42.58634,54.68079,
5.18139,26.95946,38.31879,,,5.18111,25.65904,36.49632,,,5.18111,37.64938,49.05344,,,5.18111,30.83955,41.97536,,,5.18139,41.59255,53.9183,,,5.18139,38.17179,49.88342,,,5.18139,32.87065,43.38799,,,5.18167,33.5886,45.07592,,,5.18139,33.71949,44.96486,,,5.18139,34.03244,45.40655,,,5.18111,35.45176,46.87206,,,5.18111,35.88923,46.956,,,5.18139,31.99441,42.86073,,,5.18111,37.13666,48.54455,,,5.18139,30.98051,44.07024,,,5.18167,27.02203,39.8427,,,5.18167,42.31679,54.89521,,,5.18111,38.65526,51.17142,,,5.18139,40.94949,53.26215,,,5.18083,42.56062,54.61727,
5.32278,26.73075,38.21523,,,5.32278,25.98092,36.37337,,,5.32278,37.49762,49.1065,,,5.32306,30.78045,41.96773,,,5.32306,41.47888,53.72353,,,5.32306,37.95921,49.70729,,,5.32306,32.68026,43.32204,,,5.32306,33.53938,45.0918,,,5.32306,33.51426,44.81232,,,5.32306,33.92451,45.13789,,,5.32278,35.49152,46.66992,,,5.32306,35.58985,47.00893,,,5.32306,31.55971,42.86188,,,5.32278,36.96677,48.46297,,,5.32278,30.99143,43.98946,,,5.32306,27.09113,39.88322,,,5.32333,42.27402,54.97932,,,5.32306,38.58843,51.05318,,,5.32306,40.85946,53.19485,,,5.3225,42.55816,54.55903,
5.46444,26.83365,38.20304,,,5.46417,25.8114,36.30576,,,5.46472,37.42397,49.0912,,,5.46444,30.72524,41.71516,,,5.46472,41.48979,53.81694,,,5.46472,37.94631,49.79306,,,5.46444,32.58852,43.33188,,,5.46472,33.31099,44.8597,,,5.465,33.41631,44.76407,,,5.46472,33.80323,45.16348,,,5.46472,35.33828,46.48495,,,5.46472,35.60857,46.8604,,,5.46472,31.60459,42.74242,,,5.46472,36.92157,48.46461,,,5.46444,30.93855,44.04887,,,5.46472,27.02788,39.78379,,,5.46472,42.28048,55.22615,,,5.46444,38.68714,50.91612,,,5.46472,40.25328,53.39865,,,5.46417,42.51066,54.50254,
5.60639,26.79164,37.9358,,,5.60639,25.68986,36.14618,,,5.60639,37.3471,49.13605,,,5.60583,30.57375,41.74012,,,5.60611,41.41879,53.56861,,,5.60611,37.86176,49.5528,,,5.60639,32.47268,43.06518,,,5.60667,33.21395,44.80264,,,5.60639,33.53836,44.74607,,,5.60667,33.88017,45.17706,,,5.60583,35.19231,46.41209,,,5.60611,35.42515,46.77995,,,5.60611,31.48932,42.65114,,,5.60611,36.77576,48.31776,,,5.60611,31.04972,44.08799,,,5.60667,27.04867,39.98933,,,5.60639,42.26612,55.05649,,,5.60583,38.61718,51.12136,,,5.60667,40.75017,53.20796,,,5.60583,42.37101,54.37146,
5.74806,26.89584,37.80726,,,5.74778,25.52363,36.16457,,,5.74806,37.36193,49.06989,,,5.7475,30.54866,41.87288,,,5.74806,41.44474,53.6946,,,5.74778,37.84818,49.765,,,5.74806,32.33912,42.86055,,,5.74833,33.20051,44.64558,,,5.74806,33.34325,44.54846,,,5.74806,33.68091,45.02851,,,5.7475,35.16932,46.27799,,,5.7475,35.28246,46.57236,,,5.74806,31.37363,42.56764,,,5.74778,36.55048,48.00194,,,5.74778,30.91485,44.21551,,,5.74778,27.16162,39.9514,,,5.74806,42.32443,55.10052,,,5.7475,38.5915,51.09088,,,5.74778,40.6975,53.15734,,,5.74722,42.40966,54.34615,
5.88917,26.57676,37.90026,,,5.88944,25.29514,36.10489,,,5.88972,37.15982,48.88552,,,5.88944,30.48398,41.75546,,,5.88917,41.2957,53.56933,,,5.88944,37.65275,49.65477,,,5.88944,32.28445,42.79014,,,5.88972,33.11638,44.75674,,,5.88972,33.21239,44.47027,,,5.88972,33.58695,44.88101,,,5.88889,35.08181,46.26453,,,5.88917,35.18944,46.50211,,,5.88944,31.37925,42.53459,,,5.88944,36.57829,47.95856,,,5.88917,31.05099,44.13342,,,5.88944,27.16701,39.96401,,,5.88944,42.15914,54.82763,,,5.88917,38.57146,50.95341,,,5.88944,40.66265,52.82664,,,5.88889,42.38996,54.36733,
6.03083,26.76247,37.74573,,,6.03056,25.4047,35.9344,,,6.03083,37.14219,48.87833,,,6.03083,30.5541,41.74786,,,6.03111,41.31948,53.66252,,,6.03111,37.74996,49.52432,,,6.03083,31.9827,43.0541,,,6.03111,32.92198,44.44241,,,6.03139,33.30031,44.30662,,,6.03139,33.46435,44.80539,,,6.03056,34.99431,46.1543,,,6.03083,35.26735,46.44753,,,6.03111,31.02632,42.23303,,,6.03083,36.38693,47.79399,,,6.03083,31.0118,44.2406,,,6.03111,27.08013,39.981,,,6.03139,42.14309,54.85177,,,6.03111,38.47374,50.99826,,,6.03083,40.5872,52.9913,,,6.03056,42.26981,54.26114,
6.17278,26.47533,37.68824,,,6.17222,25.36572,35.81829,,,6.17278,37.29376,48.88396,,,6.1725,30.47654,41.53214,,,6.17278,41.12847,53.49827,,,6.1725,37.71715,49.3264,,,6.1725,32.01131,42.74856,,,6.17306,33.00519,44.30597,,,6.17278,33.00351,44.27572,,,6.17278,33.39222,44.47603,,,6.1725,34.82584,46.02671,,,6.1725,35.01235,46.3811,,,6.17278,30.97557,42.02995,,,6.17278,36.3466,47.72542,,,6.1725,31.12771,44.19814,,,6.17278,27.11694,40.04212,,,6.17278,42.15588,54.83901,,,6.17278,38.59865,50.8706,,,6.1725,40.49943,52.8433,,,6.17222,42.29948,54.20266,
6.31444,26.22768,37.61238,,,6.31389,25.21857,35.68375,,,6.31444,37.1682,48.93255,,,6.31417,30.33384,41.76351,,,6.31417,41.04298,53.44639,,,6.31417,37.6404,49.39236,,,6.31417,31.89235,42.59987,,,6.31472,32.71259,44.25955,,,6.31444,32.82839,44.26604,,,6.31417,33.27982,44.6423,,,6.31417,34.76885,45.87596,,,6.31417,34.9958,46.14713,,,6.31417,30.95029,41.95243,,,6.31444,36.1854,47.69488,,,6.31444,31.09811,44.11508,,,6.31444,27.08173,39.87452,,,6.31444,42.29469,54.95703,,,6.31417,38.541,50.99504,,,6.31417,40.52816,52.88782,,,6.31417,42.25383,54.18747,
6.45611,26.23053,37.56835,,,6.45583,25.02019,35.64482,,,6.45611,37.17653,48.7553,,,6.45583,30.25433,41.53151,,,6.45556,41.05943,53.4301,,,6.45583,37.4414,49.29409,,,6.45556,31.82686,42.67876,,,6.45611,32.69464,44.00241,,,6.45639,32.85942,44.1541,,,6.45611,33.23578,44.38008,,,6.45583,34.74768,45.88929,,,6.45583,35.04241,46.03153,,,6.45611,30.81746,41.88017,,,6.45583,36.04097,47.5443,,,6.45583,31.11191,44.17582,,,6.45611,27.0063,39.8922,,,6.45611,42.29826,54.95006,,,6.45556,38.49845,50.83401,,,6.45583,40.4718,52.80154,,,6.45556,42.16087,54.23106,
6.59778,26.07202,37.57195,,,6.59722,25.11496,35.41863,,,6.5975,37.10955,48.66198,,,6.5975,30.17122,41.496,,,6.59722,41.07307,53.35225,,,6.5975,37.38698,49.23865,,,6.59722,31.89476,42.24673,,,6.5975,32.53216,44.11852,,,6.59778,32.75271,44.05878,,,6.59778,33.10046,44.38808,,,6.5975,34.54347,45.92182,,,6.5975,34.82505,46.16257,,,6.59722,30.66298,41.6221,,,6.59722,35.9843,47.39522,,,6.5975,31.07424,44.2112,,,6.59778,27.09353,39.86189,,,6.59778,42.0643,54.79057,,,6.5975,38.42545,50.78884,,,6.5975,40.35161,52.77286,,,6.5975,42.15468,53.98269,
6.73944,26.14885,37.33714,,,6.73889,24.8342,35.35986,,,6.73944,36.96114,48.70149,,,6.73889,30.19954,41.2973,,,6.73889,40.87467,53.22858,,,6.73917,37.27386,49.36004,,,6.73917,31.57344,42.28335,,,6.73917,32.3476,43.9302,,,6.73972,32.78673,43.96753,,,6.73917,33.01582,44.20256,,,6.73861,34.46843,45.5599,,,6.73917,34.6986,45.95057,,,6.73944,30.72633,41.5595,,,6.73889,35.88893,47.28448,,,6.73889,31.10994,44.15863,,,6.73944,27.10079,39.86702,,,6.73917,42.09395,54.74863,,,6.73889,38.37514,50.77881,,,6.73917,40.23845,52.74701,,,6.73889,42.11383,53.92495,
6.88056,25.89715,37.41238,,,6.88056,25.02374,35.44264,,,6.88056,36.94374,48.63791,,,6.88083,30.05558,41.3428,,,6.88056,40.83017,53.13812,,,6.88083,37.38416,49.23228,,,6.88083,31.61768,42.21437,,,6.88083,32.233,43.82966,,,6.88083,32.6769,43.76128,,,6.88083,32.94454,44.27763,,,6.88056,34.41996,45.5728,,,6.88083,34.6652,45.77562,,,6.88111,30.40873,41.42555,,,6.88056,35.77024,47.19598,,,6.88056,31.10089,44.16782,,,6.88111,27.11851,39.88736,,,6.88111,42.14704,54.85955,,,6.88056,38.35164,50.77248,,,6.88083,40.15962,52.65434,,,6.88028,41.98169,53.94381,
7.0225,26.09113,37.3158,,,7.02194,24.74949,35.3953,,,7.02222,36.87795,48.7042,,,7.0225,30.07285,41.25287,,,7.02194,40.85995,53.31756,,,7.02222,37.26228,49.09197,,,7.02222,31.45136,42.14806,,,7.02222,32.20645,43.72199,,,7.02278,32.57681,43.58851,,,7.02222,32.79967,43.99965,,,7.02194,34.34475,45.54803,,,7.0225,34.57471,45.76859,,,7.0225,30.29884,41.34808,,,7.02194,35.75256,47.21347,,,7.0225,31.10703,44.12851,,,7.02278,27.15465,39.84013,,,7.02278,42.03158,54.76951,,,7.02222,38.38626,50.82519,,,7.0225,40.22063,52.63653,,,7.02194,42.06573,53.83727,
7.16417,26.0412,36.99587,,,7.16361,24.63524,35.26024,,,7.16389,36.86412,48.63846,,,7.16417,29.95518,41.20152,,,7.16361,40.88795,53.21053,,,7.16389,37.23358,48.99397,,,7.16417,31.31462,42.00905,,,7.16389,32.00778,43.67025,,,7.16444,32.36321,43.57759,,,7.16389,32.72098,43.93084,,,7.16389,34.31098,45.48115,,,7.16417,34.52721,45.78717,,,7.16417,30.17527,41.29613,,,7.16361,35.60936,46.99767,,,7.16389,31.08111,44.14415,,,7.16389,27.13233,40.08512,,,7.16417,41.94771,54.60952,,,7.16389,38.26429,50.74889,,,7.16417,40.18288,52.64917,,,7.16333,42.04669,53.92892,
7.30556,25.77964,37.05813,,,7.30528,24.90265,35.21983,,,7.30556,36.87703,48.42789,,,7.30556,29.9575,41.10454,,,7.30528,40.8024,53.04297,,,7.30583,37.12646,48.77069,,,7.30583,31.26804,42.06188,,,7.30556,32.05076,43.55653,,,7.30556,32.21587,43.37486,,,7.30556,32.67984,43.96538,,,7.30528,34.19929,45.38465,,,7.30583,34.34378,45.42046,,,7.30556,30.23943,41.28475,,,7.30556,35.48244,46.84939,,,7.30556,31.11026,44.19337,,,7.30556,27.18719,40.02058,,,7.30583,42.01666,54.71224,,,7.30556,38.24779,50.5703,,,7.30556,40.04247,52.53103,,,7.305,41.96346,53.81455,
7.44722,25.53398,36.95716,,,7.44667,24.6503,35.17095,,,7.44722,36.84935,48.39414,,,7.44722,29.87641,40.99157,,,7.44694,40.75328,53.02631,,,7.44694,37.18202,48.97669,,,7.4475,31.19695,41.85128,,,7.44722,31.90785,43.59427,,,7.44722,32.23709,43.47029,,,7.44722,32.51505,43.67136,,,7.44722,34.06764,45.34152,,,7.44694,34.29463,45.48922,,,7.4475,30.03269,41.1701,,,7.44722,35.3868,46.64517,,,7.44722,31.0734,44.12831,,,7.44722,27.26938,40.01094,,,7.4475,42.19476,54.73074,,,7.44694,38.34105,50.74625,,,7.4475,40.0597,52.50175,,,7.44667,41.97132,53.83547,
7.58861,25.79248,36.88466,,,7.58861,24.64144,34.90306,,,7.58889,36.68128,48.47301,,,7.58861,29.74639,40.9438,,,7.58861,40.75136,53.13189,,,7.58861,37.24606,48.74173,,,7.58861,31.10713,41.88978,,,7.58889,31.8675,43.22932,,,7.58889,32.22976,43.23418,,,7.58889,32.49394,43.70582,,,7.58833,34.0084,45.14047,,,7.58861,34.30784,45.42333,,,7.58861,30.08068,41.07013,,,7.58889,35.2518,46.63379,,,7.58889,31.12081,44.15198,,,7.58889,27.21127,40.04041,,,7.58861,42.13635,54.68543,,,7.58861,38.28261,50.63824,,,7.58917,40.06093,52.33908,,,7.58833,41.75829,53.74239,
7.73028,25.66804,36.95213,,,7.73028,24.57044,34.95754,,,7.73028,36.57836,48.38628,,,7.73028,29.74938,40.86931,,,7.73028,40.62658,52.88177,,,7.73,36.90039,48.79015,,,7.73028,31.05851,41.78707,,,7.73083,31.77946,43.31891,,,7.73056,32.12492,43.18808,,,7.73083,32.40278,43.63763,,,7.73,34.00978,45.26821,,,7.73,34.01348,45.39582,,,7.73056,29.92882,40.83603,,,7.73,35.29738,46.6626,,,7.73056,31.10766,44.1189,,,7.73056,27.31724,40.02509,,,7.73056,41.96306,54.6308,,,7.73,38.20407,50.51551,,,7.73056,40.06129,52.31033,,,7.73,41.81929,53.68363,
7.87194,25.71494,36.76951,,,7.87167,24.70785,34.94131,,,7.87222,36.61654,48.4554,,,7.87194,29.75475,40.93803,,,7.87194,40.59071,52.85071,,,7.87167,37.10151,48.56186,,,7.87194,31.04579,41.66495,,,7.8725,31.56862,43.29303,,,7.87194,31.91918,43.32682,,,7.87222,32.35989,43.40118,,,7.87167,33.91689,45.03844,,,7.87167,34.06799,45.19577,,,7.87194,29.91121,40.64988,,,7.87194,35.13467,46.39222,,,7.87222,31.14188,44.1974,,,7.87222,27.38073,40.04096,,,7.87222,42.14443,54.81525,,,7.87167,38.30544,50.57545,,,7.87222,40.04607,52.40276,,,7.87139,41.70638,53.56816,
8.01361,25.71218,36.86661,,,8.01361,24.53643,34.85432,,,8.01361,36.64317,48.30445,,,8.01333,29.67105,40.77473,,,8.01361,40.52534,52.83522,,,8.01361,36.94822,48.89464,,,8.01333,30.98601,41.51969,,,8.01361,31.84033,43.05952,,,8.01361,31.95101,43.06236,,,8.01361,32.17242,43.45651,,,8.01333,33.76634,44.80274,,,8.01361,34.01138,45.16022,,,8.01361,29.88263,40.67607,,,8.01361,35.07551,46.39617,,,8.01361,31.17157,44.1298,,,8.01361,27.35791,39.88988,,,8.01389,42.03021,54.60601,,,8.01361,38.18236,50.5059,,,8.01361,40.01908,52.52635,,,8.01306,41.63967,53.57211,
8.155,25.62439,36.63418,,,8.155,24.2498,34.8373,,,8.15556,36.4791,48.32315,,,8.155,29.62531,40.63435,,,8.155,40.40079,52.93181,,,8.15528,36.89812,48.68539,,,8.155,30.91735,41.49855,,,8.15556,31.63949,42.95424,,,8.15528,31.84604,43.06488,,,8.15528,32.28869,43.29906,,,8.15472,33.72936,44.80924,,,8.155,33.90958,44.94558,,,8.155,29.74137,40.50061,,,8.15528,35.09907,46.26784,,,8.155,31.08913,44.12795,,,8.15556,27.35637,40.01111,,,8.15528,42.08443,54.76225,,,8.155,38.27344,50.44157,,,8.15528,39.84459,52.48326,,,8.15472,41.65176,53.39994,
8.29667,25.57468,36.66759,,,8.29639,24.1271,34.54644,,,8.29694,36.47479,48.24634,,,8.29639,29.65443,40.72149,,,8.29694,40.50508,52.77044,,,8.29667,36.9603,48.6766,,,8.29667,30.77608,41.38715,,,8.29722,31.52394,42.8265,,,8.29694,31.99322,42.90477,,,8.29667,32.18037,43.36698,,,8.29639,33.78624,44.85141,,,8.29667,33.90242,45.02852,,,8.29667,29.56145,40.57355,,,8.29667,34.93293,46.15341,,,8.29667,31.14495,44.02682,,,8.29722,27.41026,39.94869,,,8.29722,42.07401,54.59409,,,8.29667,38.20981,50.51148,,,8.29667,39.98432,52.32757,,,8.29639,41.6363,53.54629,
8.43861,25.40785,36.69223,,,8.43806,24.28176,34.52415,,,8.43833,36.64246,48.036,,,8.43806,29.58693,40.6205,,,8.43861,40.33081,52.67449,,,8.43833,36.80987,48.48266,,,8.43806,30.75057,41.2705,,,8.43833,31.51671,42.75133,,,8.43861,31.82069,42.8449,,,8.43861,32.14999,43.15337,,,8.43806,33.65598,44.76818,,,8.43833,33.7645,44.85233,,,8.43833,29.40079,40.524,,,8.43833,34.81704,45.95159,,,8.43833,31.11914,44.13711,,,8.43889,27.44969,39.89364,,,8.43833,42.03153,54.81256,,,8.43861,38.2014,50.68283,,,8.43833,39.74032,52.13695,,,8.43778,41.5487,53.48577,
8.58,25.72884,36.54086,,,8.57972,24.17679,34.52694,,,8.58,36.48532,48.15738,,,8.57972,29.53498,40.47629,,,8.57972,40.37391,52.57185,,,8.58028,36.88285,48.50293,,,8.58,30.68207,41.31666,,,8.58,31.50233,42.85224,,,8.58028,31.80211,42.73892,,,8.58,32.03664,43.05002,,,8.57972,33.61602,44.62462,,,8.57972,33.6357,44.82036,,,8.57972,29.47565,40.26567,,,8.58,34.69415,46.03378,,,8.57972,31.1716,44.06035,,,8.58056,27.47115,39.90247,,,8.58,42.03309,54.57238,,,8.58028,38.10265,50.45172,,,8.58,39.79887,52.20096,,,8.57972,41.52989,53.49819,
8.72167,25.44793,36.49016,,,8.72139,24.27362,34.61634,,,8.72167,36.35888,48.09673,,,8.72139,29.51333,40.59964,,,8.72139,40.29321,52.49361,,,8.72194,36.68465,48.41573,,,8.72167,30.74085,41.18314,,,8.72167,31.26497,42.72447,,,8.72194,31.7236,42.73421,,,8.72167,31.93307,42.99388,,,8.72111,33.54183,44.41,,,8.72139,33.68351,44.78365,,,8.72139,29.39001,40.16081,,,8.72167,34.56055,45.80128,,,8.72139,31.12807,44.19257,,,8.72194,27.46683,39.96751,,,8.72167,41.93599,54.52625,,,8.72167,38.07287,50.4103,,,8.72167,39.93085,52.22367,,,8.72139,41.53668,53.37612,
8.86333,25.10152,36.30496,,,8.86278,24.21755,34.44465,,,8.86333,36.51236,48.0735,,,8.86306,29.49083,40.51748,,,8.86306,40.28423,52.47275,,,8.86333,36.76248,48.33163,,,8.86333,30.55185,41.03001,,,8.86333,31.32744,42.65513,,,8.86361,31.67327,42.64182,,,8.86306,31.85783,42.96081,,,8.86278,33.36359,44.40816,,,8.86333,33.63105,44.76503,,,8.86333,29.3377,40.1714,,,8.86306,34.61633,45.8216,,,8.86333,31.12587,44.10875,,,8.86361,27.49077,39.85852,,,8.86333,42.09992,54.7319,,,8.86333,38.0766,50.37628,,,8.86306,39.84086,52.16588,,,8.86306,41.44757,53.2955,
9.005,25.27688,36.25962,,,9.00472,23.9071,34.36964,,,9.00472,36.34512,48.19283,,,9.00444,29.41429,40.39208,,,9.00472,40.03019,52.54083,,,9.005,36.55715,48.23693,,,9.005,30.54928,40.97101,,,9.00472,31.24553,42.36978,,,9.005,31.70925,42.56083,,,9.00472,31.83561,42.88566,,,9.00444,33.34943,44.37723,,,9.005,33.53771,44.56683,,,9.00472,29.20157,40.08937,,,9.005,34.559,45.48842,,,9.005,31.20463,44.14924,,,9.00472,27.46917,39.78588,,,9.005,42.02995,54.51775,,,9.00472,38.07743,50.38157,,,9.00472,39.78779,52.13644,,,9.00444,41.47594,53.32442,
9.14639,25.21765,36.35674,,,9.14639,23.75066,34.3414,,,9.14639,36.48034,48.05557,,,9.14611,29.32611,40.40937,,,9.14611,40.18472,52.56463,,,9.14667,36.83178,48.2548,,,9.14667,30.44489,40.83923,,,9.14639,31.00629,42.5585,,,9.14667,31.49589,42.41631,,,9.14639,31.77184,42.85376,,,9.14639,33.23081,44.31764,,,18.36333,29.58969,40.61287,,,9.14639,29.09276,40.00046,,,9.14667,34.49209,45.57888,,,9.14667,31.0438,43.96446,,,9.14639,27.43448,39.98795,,,9.14694,41.88972,54.44811,,,9.14639,38.07191,50.37372,,,9.14667,39.74928,52.06308,,,9.14611,41.42851,53.04811,
9.28833,25.14545,36.07263,,,9.28806,23.84587,34.25047,,,9.28806,36.26893,47.94914,,,9.28778,29.32762,40.3143,,,9.28806,40.15543,52.24614,,,9.28806,36.60878,48.17007,,,9.28806,30.30852,40.73019,,,9.28833,31.12633,42.15395,,,9.28861,31.51185,42.30658,,,9.28833,31.73348,42.74347,,,9.28778,33.26452,44.2659,,,18.50472,29.55428,40.63863,,,9.28806,29.01649,39.88217,,,9.28806,34.37627,45.50826,,,9.28833,31.20065,44.21366,,,9.28806,27.50289,39.81336,,,9.28861,41.95133,54.57513,,,9.28778,38.07442,50.32117,,,9.28806,39.78333,52.02959,,,9.28778,41.287,53.24994,
9.42972,25.01056,36.04364,,,9.42944,23.98337,34.12521,,,9.42944,36.29499,47.80085,,,9.42972,29.2642,40.3405,,,9.43,40.19006,52.28688,,,9.42972,36.5509,48.15935,,,9.43,30.29005,40.86376,,,9.43,30.99586,42.35376,,,9.43028,31.47356,42.12878,,,9.42972,31.65041,42.54402,,,9.42917,33.14623,44.12927,,,18.64639,29.52586,40.705,,,9.42972,28.9571,39.77623,,,9.42944,34.29248,45.50783,,,9.43,31.07043,44.18193,,,9.43,27.4397,39.93715,,,9.43,41.90081,54.6053,,,9.42944,38.02708,50.23316,,,9.42972,39.62559,51.84586,,,9.42944,41.4318,53.18206,
9.57167,24.67909,36.20185,,,9.57111,23.8793,34.14644,,,9.57139,36.23957,47.82346,,,9.57111,29.19348,40.23508,,,9.57111,40.10675,52.29539,,,9.57139,36.46252,48.13403,,,9.57167,30.2119,40.63458,,,9.57139,30.93353,42.27398,,,9.57167,31.3602,42.17989,,,9.57139,31.55397,42.34727,,,9.57111,33.05524,44.24,,,18.78806,29.6046,40.44844,,,9.57139,28.90825,39.64789,,,9.57111,34.23785,45.40268,,,9.57167,31.1654,44.20245,,,9.57111,27.51095,39.8467,,,9.57139,41.98971,54.65032,,,9.57111,37.94802,50.24816,,,9.57167,39.61415,51.70358,,,9.57111,41.3364,53.10379,
9.71278,24.81893,35.96204,,,9.71306,23.85239,34.02988,,,9.71306,36.11958,47.80877,,,9.71278,29.09551,40.2519,,,9.71278,39.97862,52.34221,,,9.71278,36.48431,47.93886,,,9.71306,30.11134,40.44268,,,9.71306,30.85586,42.2405,,,9.71306,31.16719,42.03352,,,9.71306,31.48432,42.44806,,,9.71306,33.01906,43.95665,,,18.92972,29.57665,40.33648,,,9.71333,28.73659,39.68646,,,9.71278,34.0337,45.11423,,,9.71333,31.10682,44.00568,,,9.71278,27.31872,39.79338,,,9.71306,41.90885,54.51445,,,9.7125,37.97377,50.0969,,,9.71333,39.50952,51.76348,,,9.71278,41.18275,52.93196,
9.85472,24.81634,35.89912,,,9.85417,23.60411,33.94405,,,9.85472,36.19833,47.82423,,,9.85444,28.96055,39.9719,,,9.85444,39.93909,52.20768,,,9.85444,36.2956,47.97647,,,9.85472,29.99773,40.41955,,,9.85472,30.74653,41.93828,,,9.85472,31.14545,42.08652,,,9.85472,31.33063,42.41816,,,9.85444,32.97467,44.04941,,,19.07139,29.51203,40.37653,,,9.85472,28.62856,39.52172,,,9.85417,33.94216,45.13311,,,9.85472,31.15359,44.12318,,,9.85444,27.35604,39.88291,,,9.855,41.92448,54.59213,,,9.85444,37.93705,50.1886,,,9.855,39.47232,51.78121,,,9.85444,41.00322,53.03701,
9.99611,24.59882,35.91371,,,9.99583,23.67733,34.0481,,,9.99639,36.14514,47.72025,,,9.99583,28.95408,39.93668,,,9.99583,39.91341,51.99492,,,9.99611,36.292,47.9061,,,9.99611,29.9652,40.4132,,,9.99639,30.64699,41.91116,,,9.99611,31.23404,41.95316,,,9.99639,31.33705,42.37764,,,9.99611,32.76009,43.84356,,,19.21306,29.45499,40.45536,,,9.99639,28.6267,39.60165,,,9.99583,33.8108,44.9051,,,9.99639,31.18234,44.09334,,,9.99639,27.32804,40.02199,,,9.99667,41.6895,54.43669,,,9.99583,37.90403,50.14955,,,9.99639,39.41153,51.65646,,,9.99556,41.13248,52.96902,
10.13806,24.59138,35.92274,,,10.1375,23.57505,33.9039,,,10.13806,36.05971,47.72414,,,10.1375,28.80452,39.94146,,,10.1375,39.86846,52.03038,,,10.13778,36.2375,47.91045,,,10.1375,29.86952,40.2479,,,10.13806,30.63495,41.72308,,,10.13778,31.01637,41.85815,,,10.1375,31.30299,42.43919,,,10.1375,32.75531,43.77721,,,19.35444,29.46231,40.59299,,,10.13806,28.50967,39.34109,,,10.13778,33.90437,44.83161,,,10.13833,31.12714,44.12831,,,10.13778,27.35292,39.82879,,,10.13778,41.94315,54.53046,,,10.1375,37.80628,50.04499,,,10.13833,39.40146,51.66282,,,10.13722,41.11268,52.91065,
10.27972,24.69132,35.85034,,,10.27944,23.48762,33.91563,,,10.27972,35.89203,47.70465,,,10.27917,28.85972,39.8498,,,10.27917,39.77226,51.9945,,,10.27972,36.0897,47.98098,,,10.27917,29.76057,40.17506,,,10.27972,30.41952,41.71939,,,10.27944,30.86921,41.87141,,,10.27917,31.20313,42.39902,,,10.27889,32.76043,43.60604,,,19.49611,29.3533,40.39303,,,10.27972,28.41001,39.26679,,,10.27944,33.68265,44.72575,,,10.27972,31.11314,44.17465,,,10.27944,27.17357,39.92799,,,10.27944,41.95464,54.54231,,,10.27944,37.77316,50.04988,,,10.27972,39.3966,51.54378,,,10.27889,41.06647,52.79274,
10.42139,24.53133,35.86858,,,10.42111,23.55437,33.86622,,,10.42083,36.01107,47.63792,,,10.42056,28.88832,39.92472,,,10.42083,39.77066,51.93737,,,10.42111,36.23141,47.70795,,,10.42111,29.61079,40.32237,,,10.42167,30.34563,41.66393,,,10.42083,30.80523,41.85363,,,10.42111,31.13535,42.15475,,,10.42083,32.72664,43.73758,,,19.63778,29.44021,40.35626,,,10.42167,28.34705,39.10374,,,10.42083,33.68419,44.84803,,,10.42111,31.10124,44.12191,,,10.42139,27.27185,39.8601,,,10.42083,41.73712,54.39087,,,10.42083,37.6859,50.13401,,,10.42167,39.30349,51.58696,,,10.42056,41.03283,52.79733,
10.56333,24.47674,35.79102,,,10.56278,23.52565,34.0134,,,10.5625,36.02925,47.55875,,,10.56222,28.74395,39.91981,,,10.5625,39.64449,51.95857,,,10.56278,36.17733,47.58981,,,10.5625,29.56971,40.0182,,,10.56333,30.23191,41.6456,,,10.56278,30.73469,41.61095,,,10.56278,31.10792,42.02119,,,10.5625,32.6403,43.54357,,,19.77944,29.26475,40.31774,,,10.56306,28.3088,39.17219,,,10.5625,33.5956,44.58714,,,10.56278,31.14839,43.88007,,,10.5625,27.23523,39.93046,,,10.56278,41.74276,54.38059,,,10.5625,37.70695,50.09537,,,10.56306,39.2458,51.57535,,,10.56194,40.92519,52.83848,
10.70444,24.66711,35.70568,,,10.70444,23.22244,33.92488,,,10.70417,35.75202,47.72765,,,10.70389,28.67764,39.76145,,,10.70417,39.62537,51.98763,,,10.70444,35.98228,47.60655,,,10.70417,29.46939,40.00951,,,10.70472,30.12371,41.46302,,,10.70444,30.62315,41.75347,,,10.70444,30.97207,42.15192,,,10.70417,32.50477,43.53836,,,19.92083,29.28671,40.22417,,,10.70472,28.18305,39.11882,,,10.70444,33.4947,44.40023,,,10.70444,31.12775,44.16568,,,10.70444,27.19936,39.87496,,,10.70444,41.69255,54.33777,,,10.70417,37.77368,49.91223,,,10.70444,39.22013,51.5295,,,10.70361,40.86258,52.71345,
10.84639,24.4668,35.72542,,,10.84611,23.25649,33.7546,,,10.84556,35.73236,47.53112,,,10.84528,28.68576,39.68379,,,10.84583,39.5538,51.91185,,,10.84611,35.92206,47.66967,,,10.84556,29.51584,39.78407,,,10.84611,30.04422,41.32008,,,10.84611,30.53103,41.51365,,,10.84611,30.98055,42.02905,,,10.84556,32.49815,43.46706,,,20.06278,29.35673,40.21023,,,10.84639,28.09839,38.9634,,,10.84611,33.40311,44.57456,,,10.84583,31.08984,44.19528,,,10.84583,27.1385,39.94123,,,10.84583,41.81335,54.5137,,,18.69778,35.79344,48.19136,,,10.84611,39.0895,51.46378,,,10.84528,40.78215,52.56761,
10.98806,24.35547,35.64026,,,10.98778,23.47142,33.66729,,,10.98722,35.72861,47.28353,,,10.98694,28.5902,39.44633,,,10.9875,39.71037,51.83124,,,10.98778,35.96858,47.51173,,,10.98722,29.37528,39.75537,,,10.98778,29.99346,41.27941,,,10.98778,30.54457,41.56976,,,10.98778,30.83273,41.85646,,,10.9875,32.42635,43.41076,,,20.20444,29.1485,40.1489,,,10.9875,28.05431,38.97684,,,10.9875,33.33368,44.43542,,,10.9875,31.05299,44.19444,,,10.9875,27.18115,39.78351,,,10.9875,41.69323,54.21231,,,18.83917,35.7684,48.20734,,,10.9875,39.11683,51.37185,,,10.98667,40.78538,52.65829,
11.12944,24.41248,35.65497,,,11.12917,23.41664,33.49651,,,11.12917,35.80543,47.33144,,,11.12889,28.50833,39.74408,,,11.12889,39.558,51.76111,,,11.12917,35.85655,47.52222,,,11.12889,29.21792,39.8517,,,11.12917,29.85123,41.29156,,,11.12944,30.48933,41.44624,,,11.12917,30.81356,41.78841,,,11.12889,32.33514,43.33276,,,20.34556,29.24061,40.03367,,,11.12917,28.04365,38.81587,,,11.12917,33.21867,44.47158,,,11.12944,31.11819,44.06579,,,11.12917,27.21165,39.74036,,,11.12917,41.7428,54.36161,,,18.98056,35.79643,48.09293,,,11.12917,39.05465,51.46215,,,11.12833,40.76164,52.65848,
11.27083,24.20355,35.5672,,,11.27056,23.30801,33.65106,,,11.27083,35.67304,47.39956,,,11.27028,28.4713,39.59598,,,11.27056,39.59116,51.68113,,,11.27083,35.79106,47.61954,,,11.27028,29.19057,39.79565,,,11.27083,29.87099,41.19083,,,11.27111,30.36811,41.34051,,,11.27083,30.78843,41.73446,,,11.27028,32.26278,43.21547,,,20.4875,29.2268,39.96159,,,11.27083,27.87177,38.72473,,,11.27056,33.12817,44.27017,,,11.27083,31.10337,44.17399,,,11.27083,27.12359,39.78581,,,11.27083,41.66074,54.28535,,,19.12222,35.82434,48.00284,,,11.27083,39.02642,51.20689,,,11.27028,40.7118,52.56643,
11.4125,24.37787,35.40443,,,11.4125,23.36303,33.46638,,,11.41194,35.62829,47.28031,,,11.41194,28.43395,39.42279,,,11.41194,39.52685,51.72616,,,11.41278,35.68969,47.51611,,,11.41222,29.11888,39.71727,,,11.4125,29.74658,41.04467,,,11.41278,30.29483,41.24245,,,11.41222,30.75766,41.63796,,,11.41194,32.19477,43.20251,,,20.62917,29.0865,39.99912,,,11.4125,27.8595,38.77746,,,11.41222,33.06219,44.19587,,,11.4125,31.0523,44.11513,,,11.4125,27.15829,39.85443,,,11.41222,41.57153,54.15415,,,19.26417,35.74384,47.97976,,,11.4125,38.99041,51.33833,,,11.41194,40.70234,52.5445,
11.55444,24.24046,35.39752,,,11.55389,23.16968,33.41356,,,11.55389,35.71193,47.36122,,,11.55333,28.33676,39.32078,,,11.55361,39.4585,51.69303,,,11.55417,35.69474,47.39756,,,11.55389,29.05216,39.59231,,,11.55417,29.72967,41.19259,,,11.55389,30.26452,41.31806,,,11.55389,30.68656,41.53194,,,11.55333,32.20425,43.1074,,,20.77083,29.13354,40.11727,,,11.55389,27.7464,38.59873,,,11.55389,32.98422,44.03364,,,11.55417,31.01033,44.04679,,,11.55389,27.04918,39.77664,,,11.55417,41.66402,54.5466,,,19.40583,35.72358,47.97899,,,11.55417,38.9883,51.30664,,,11.55333,40.50955,52.56576,
11.69611,24.19326,35.37103,,,11.69528,23.16157,33.47804,,,11.69556,35.57807,47.3887,,,11.695,28.31537,39.47031,,,11.69528,39.46244,51.68008,,,11.69583,35.74267,47.2033,,,11.69556,29.06953,39.66743,,,11.69583,29.76194,40.91491,,,11.69556,30.26379,41.11006,,,11.69556,30.51969,41.47133,,,11.69528,32.1081,42.97925,,,20.91222,29.16493,40.11257,,,11.69556,27.76418,38.63019,,,11.69556,32.82945,43.9557,,,11.69611,31.20103,43.97072,,,11.69556,27.09469,39.88231,,,11.69583,41.6119,54.25491,,,19.54722,35.71702,47.97372,,,11.69583,38.90893,51.40351,,,11.695,40.62751,52.56741,
11.8375,23.83569,35.45901,,,11.83694,23.33217,33.4366,,,11.83722,35.61331,47.24981,,,11.83694,28.26305,39.34509,,,11.83667,39.37582,51.51273,,,11.8375,35.47722,47.24015,,,11.83722,28.984,39.52456,,,11.8375,29.59603,40.84872,,,11.83722,30.1575,41.03483,,,11.83722,30.57446,41.38034,,,11.83694,32.02792,42.98646,,,21.05389,28.88898,40.02386,,,11.8375,27.72422,38.51289,,,11.83722,32.86875,43.8031,,,11.8375,31.02553,44.10461,,,11.83722,27.01158,39.83714,,,11.83722,41.55298,54.31515,,,19.68889,35.64293,47.95278,,,11.8375,38.92429,51.29805,,,11.83639,40.67828,52.34023,
11.97889,24.19206,35.49081,,,11.97861,23.04043,33.39049,,,11.97889,35.35096,47.14636,,,11.97861,28.24826,39.33227,,,11.97833,39.36291,51.5815,,,11.97917,35.5791,47.21557,,,11.97889,28.99576,39.37398,,,11.97944,29.52897,41.00672,,,11.97861,30.0995,40.95687,,,11.97889,30.52222,41.43285,,,11.97833,31.9543,42.87679,,,21.19583,28.968,39.98058,,,11.97889,27.58272,38.36732,,,11.97889,32.75963,44.01759,,,11.97917,31.07312,44.05739,,,11.97889,27.19274,39.71771,,,11.97861,41.56057,54.16987,,,19.83028,35.65542,47.82249,,,11.97889,38.79696,51.19158,,,11.97806,40.49418,52.32526,
12.12056,24.10304,35.17251,,,12.12028,23.03572,33.31888,,,12.12028,35.62313,47.13633,,,12.11972,28.12243,39.30622,,,12.12,39.30182,51.68828,,,12.12083,35.74165,46.98832,,,12.12056,28.82899,39.40871,,,12.12083,29.41176,40.78851,,,12.12028,30.06768,40.81652,,,12.12056,30.40705,41.51764,,,12.12,31.97665,42.89565,,,21.33694,29.00372,39.90271,,,12.12056,27.4886,38.50895,,,12.12056,32.6438,43.7527,,,12.12083,30.98094,44.13179,,,12.12028,27.05314,39.79601,,,12.12028,41.6573,54.39542,,,19.97222,35.63761,47.87193,,,12.12056,38.79043,51.09239,,,12.11944,40.54527,52.39489,
12.26222,24.15135,35.20509,,,12.26167,23.02344,33.20847,,,12.26167,35.50017,47.03309,,,12.26139,28.2035,39.14345,,,12.26194,39.20914,51.46105,,,12.26222,35.56226,47.24879,,,12.26194,28.82528,39.32501,,,12.26222,29.39661,40.86465,,,12.26222,30.04462,40.78059,,,12.26222,30.40901,41.32747,,,12.26167,31.90818,42.81123,,,21.47861,28.92735,39.91911,,,12.2625,27.41331,38.36155,,,12.26167,32.66746,43.73096,,,12.26222,30.97432,44.16417,,,12.26222,27.05405,39.75631,,,12.26194,41.56213,54.28811,,,20.11389,35.59697,47.84642,,,12.2625,38.78879,51.01993,,,12.26111,40.50078,52.3449,
12.40361,24.31614,35.18645,,,12.40361,22.78328,33.11211,,,12.40333,35.57048,47.09312,,,12.40306,28.09641,39.1426,,,12.40333,39.25584,51.45091,,,12.40361,35.53088,47.18116,,,12.40389,28.75546,39.28164,,,12.40389,29.26572,40.75239,,,12.40389,29.90652,40.77975,,,12.40333,30.3016,41.18729,,,12.40361,31.85397,42.91733,,,21.62028,29.02716,39.74208,,,12.40389,27.42209,38.34162,,,12.40333,32.57178,43.55933,,,12.40361,30.98486,43.89501,,,12.40361,27.09269,39.83241,,,12.40333,41.44863,54.08905,,,20.25528,35.66631,48.06003,,,12.40417,38.71352,50.97518,,,12.40278,40.45319,52.22082,
12.54583,23.99482,35.07149,,,12.54528,22.99957,33.29295,,,12.545,35.20612,47.14836,,,12.54444,28.08473,39.08419,,,12.545,39.14636,51.24423,,,12.54528,35.45673,47.01986,,,12.54528,28.71526,39.27009,,,12.54556,29.2427,40.6353,,,12.54528,29.92207,40.73165,,,12.545,30.21011,41.18132,,,12.54472,31.80833,42.67879,,,21.76194,28.94737,39.8072,,,12.54556,27.35022,38.05843,,,12.54472,32.54666,43.40422,,,12.54528,30.96365,44.10568,,,12.54528,27.04025,39.73869,,,12.54528,41.49247,54.31362,,,20.39694,35.5684,47.85396,,,12.54556,38.65121,51.1562,,,12.54444,40.40656,52.29024,
12.68694,23.94009,35.11551,,,12.68694,23.11461,33.27381,,,12.68667,35.48995,46.90952,,,12.68611,27.98504,38.95938,,,12.68667,39.09092,51.2996,,,12.68667,35.35881,47.10186,,,12.68694,28.64691,38.96567,,,12.68722,29.16028,40.62289,,,12.68694,29.94503,40.49803,,,12.68667,30.22462,41.23656,,,12.68667,31.81826,42.71222,,,21.90389,28.8523,39.71109,,,12.68722,27.34102,38.18083,,,12.68639,32.48402,43.38868,,,12.68694,30.98295,44.12168,,,12.68722,27.04386,39.68431,,,12.68694,41.49891,54.09451,,,20.53861,35.6012,47.54351,,,12.68694,38.63546,50.8994,,,12.68583,40.42301,52.24736,
12.82889,23.88536,35.15708,,,12.82833,22.77831,33.15291,,,12.82833,35.12431,47.01144,,,12.82778,27.98396,38.9028,,,12.82833,39.08274,51.14865,,,12.82833,35.43215,47.06124,,,12.82833,28.59559,39.11585,,,12.82889,29.14081,40.61879,,,12.82861,29.67334,40.64293,,,12.82833,30.26206,41.07941,,,12.82833,31.53168,42.63209,,,22.045,28.9481,39.71096,,,12.82861,27.25175,38.12718,,,12.82806,32.45278,43.30047,,,12.82833,31.09813,43.91105,,,12.82861,27.155,39.69565,,,12.82861,41.20945,54.16815,,,20.68028,35.48229,47.8204,,,12.82861,38.72444,50.89963,,,12.8275,40.27748,52.25352,
12.97028,23.84029,35.10074,,,12.97028,22.84294,33.16384,,,12.97,35.1865,47.12277,,,12.96972,27.89669,39.03946,,,12.97,38.98426,51.19092,,,12.97,35.07057,47.10535,,,12.96972,28.50363,38.89058,,,12.97056,29.1793,40.48265,,,12.97028,29.67452,40.78034,,,12.96972,30.11877,40.8944,,,12.97,31.56042,42.65235,,,22.18667,28.79503,39.77044,,,12.97,27.22992,38.10193,,,12.96972,32.28031,43.28438,,,12.97,30.95304,44.04191,,,12.97,27.10502,39.55502,,,12.97,41.64216,53.92634,,,20.82167,35.43841,47.65191,,,12.97028,38.61648,50.84231,,,12.96917,40.20115,52.06146,
13.11194,23.65853,34.9442,,,13.11194,23.13937,33.07178,,,13.11167,35.26621,46.84846,,,13.11111,27.93035,38.93356,,,13.11167,39.04888,51.11688,,,13.11167,35.20111,46.83977,,,13.11139,28.34326,38.98188,,,13.11222,29.08335,40.28239,,,13.11167,29.73937,40.7556,,,13.11139,30.01876,41.01538,,,13.11167,31.67494,42.49244,,,22.32833,28.75073,39.67018,,,13.11167,27.00078,37.86147,,,13.11139,32.21116,43.27037,,,13.11194,30.98776,44.07942,,,13.11167,27.07227,39.68345,,,13.11167,41.46144,54.20047,,,20.96361,35.5946,47.78709,,,13.11167,38.50881,50.74923,,,13.11083,40.21495,52.17939,
13.25333,23.96905,35.15005,,,13.25361,22.7211,33.07463,,,13.25306,35.20674,46.8199,,,13.25278,27.84684,38.80165,,,13.25333,38.93004,51.27778,,,13.25333,35.18516,46.86019,,,13.25306,28.44704,38.90687,,,13.25389,28.96232,40.37949,,,13.25361,29.68276,40.3367,,,13.25306,29.98463,40.88793,,,13.25278,31.53877,42.53594,,,22.47,28.81558,39.64719,,,13.25333,27.03178,37.92058,,,13.25333,32.21868,43.29913,,,13.25361,30.96906,44.00091,,,13.25306,26.92566,39.57569,,,13.25306,41.61613,54.05186,,,21.105,35.45511,47.75011,,,13.25333,38.52631,50.88259,,,13.2525,40.28145,51.97638,
13.39528,23.58372,35.22021,,,13.395,22.76023,33.0289,,,13.395,35.15162,46.75424,,,13.39444,27.73577,38.85124,,,13.395,38.8575,51.18951,,,13.395,35.16046,46.81973,,,13.39444,28.38128,38.81449,,,13.395,28.92738,40.18668,,,13.395,29.56306,40.47938,,,13.395,30.01989,41.0077,,,13.39444,31.47472,42.46276,,,22.61139,28.80277,39.70343,,,13.395,27.04067,37.78157,,,13.39444,32.216,43.03542,,,13.395,30.99278,43.89554,,,13.39472,26.96665,39.70365,,,13.395,41.58276,54.22982,,,21.24639,35.43735,47.64798,,,13.39528,38.47371,50.84549,,,13.39389,40.23834,52.19655,
13.53667,24.02607,34.81429,,,13.53639,22.74581,33.04032,,,13.53639,35.09174,46.67992,,,13.53583,27.68794,38.66574,,,13.53639,38.84194,51.25114,,,13.53639,35.09239,46.69206,,,13.53611,28.27605,38.79134,,,13.53667,28.92532,40.30997,,,13.53694,29.55407,40.2327,,,13.53639,29.917,40.72836,,,13.53611,31.48103,42.36242,,,22.75333,28.66678,39.66668,,,13.53639,26.96784,37.71441,,,13.53611,32.0142,42.91395,,,13.53667,30.92988,44.02294,,,13.53639,27.15497,39.66418,,,13.53667,41.52888,54.00303,,,21.38861,35.44955,47.71981,,,13.53667,38.37203,50.80347,,,13.53556,40.07876,51.81325,
13.67806,23.88573,34.72195,,,13.67806,22.74108,33.27515,,,13.67806,35.06523,46.89605,,,13.6775,27.86295,38.74411,,,13.67778,38.95123,51.02083,,,13.67806,35.04315,46.76137,,,13.67806,28.26191,38.73648,,,13.67833,28.59068,39.97596,,,13.67806,29.43913,40.25,,,13.67806,29.93387,40.77702,,,13.67806,31.44848,42.43922,,,22.89472,28.54758,39.60469,,,13.67833,26.65334,37.6828,,,13.67806,31.95926,42.88986,,,13.67833,30.92056,43.93889,,,13.67778,27.01209,39.62174,,,13.67833,41.43392,54.02978,,,21.52972,35.40748,47.58787,,,13.67806,38.51002,50.85712,,,13.67722,40.06788,51.92954,
13.82028,23.59082,34.78296,,,13.81944,22.77532,32.99438,,,13.81944,35.11606,46.6999,,,13.81917,27.71955,38.76811,,,13.81944,38.80127,50.95545,,,13.82,35.24584,46.60419,,,13.81972,28.20622,38.76731,,,13.82,28.71899,40.16121,,,13.81972,29.32075,40.18157,,,13.81972,29.73438,40.60696,,,13.81972,31.37183,42.36594,,,23.03639,28.59466,39.60538,,,13.82,26.93951,37.72731,,,13.81944,31.90401,42.89372,,,13.82028,31.03733,44.03643,,,13.81972,26.86747,39.7561,,,13.81972,41.46879,53.96016,,,21.67139,35.36989,47.70067,,,13.82,38.33373,50.57371,,,13.81889,40.03619,51.78989,
13.96139,23.62258,34.83504,,,13.96111,22.63437,32.95295,,,13.96111,35.01845,46.68423,,,13.96056,27.63655,38.69814,,,13.96083,38.70165,50.92339,,,13.96139,34.98797,46.60745,,,13.96111,28.12738,38.55843,,,13.96139,28.86749,40.04334,,,13.96139,29.42906,40.08271,,,13.96139,29.85693,40.67956,,,13.96111,31.23041,42.2767,,,23.17806,28.72052,39.45006,,,13.96139,26.80964,37.50721,,,13.96111,31.85715,42.65103,,,13.96139,30.94284,44.00885,,,13.96139,26.944,39.56904,,,13.96139,41.30542,54.32069,,,21.81306,35.44208,47.63224,,,13.96139,38.28734,50.73227,,,13.96028,40.03496,51.87844,
14.10306,23.5554,34.818,,,14.10278,22.57665,32.77917,,,14.10278,34.90204,46.51133,,,14.10222,27.52147,38.64424,,,14.10278,38.79076,50.91508,,,14.10306,35.03606,46.59835,,,14.10278,28.0854,38.58717,,,14.10306,28.67831,39.92477,,,14.10278,29.32732,39.97777,,,14.10278,29.78262,40.53267,,,14.10278,31.15325,42.32477,,,23.32,28.60273,39.69797,,,14.10278,26.85382,37.54883,,,14.10278,31.79276,42.8213,,,14.10333,30.86805,44.04245,,,14.10306,26.89729,39.73184,,,14.10333,41.17265,54.20549,,,21.955,35.37048,47.52863,,,14.10333,38.45045,50.58862,,,14.10222,39.98128,51.74735,
14.245,23.74434,34.84998,,,14.24472,22.649,32.81977,,,14.24472,35.00956,46.5949,,,14.24389,27.55757,38.48938,,,14.24444,38.69597,50.86941,,,14.245,34.90497,46.58945,,,14.24444,27.99851,38.50502,,,14.245,28.62949,40.02929,,,14.24444,29.27451,40.09028,,,14.24472,29.70026,40.45649,,,14.24417,31.24439,42.05193,,,23.46111,28.53844,39.58655,,,14.24472,26.73683,37.46624,,,14.24444,31.66009,42.68545,,,14.245,30.95922,43.88716,,,14.24444,26.99558,39.69573,,,14.24444,41.34123,53.92223,,,22.09667,35.37586,47.52675,,,14.24472,38.35856,50.42412,,,14.24361,39.90672,51.80771,
14.38639,23.61726,34.67281,,,14.38611,22.73005,32.88934,,,14.38611,34.89723,46.58047,,,14.38583,27.63647,38.50819,,,14.38583,38.59981,50.84634,,,14.38611,34.86441,46.54478,,,14.38611,28.06881,38.27943,,,14.38639,28.57158,39.81548,,,14.38611,29.09745,40.05863,,,14.38639,29.62702,40.49035,,,14.38556,31.06968,41.9706,,,23.60278,28.61274,39.49388,,,14.38639,26.72887,37.38804,,,14.38639,31.64527,42.4941,,,14.38667,30.81091,43.93903,,,14.38639,27.05636,39.45512,,,14.38611,41.40054,54.06836,,,22.23778,35.36608,47.50467,,,14.38639,38.28924,50.59502,,,14.38528,39.89815,51.78869,
14.52778,23.57374,34.7033,,,14.52806,22.61839,32.91297,,,14.52778,34.7511,46.5725,,,14.52722,27.57888,38.39976,,,14.5275,38.65054,50.86905,,,14.52778,34.75365,46.57754,,,14.52806,27.94204,38.33061,,,14.52806,28.6871,39.99303,,,14.52778,29.07994,39.95978,,,14.52778,29.53542,40.44201,,,14.5275,31.12521,42.0568,,,23.74444,28.47829,39.45725,,,14.52833,26.67504,37.36523,,,14.52778,31.66776,42.47666,,,14.52806,30.81461,43.87577,,,14.52778,26.97375,39.64866,,,14.52778,41.43536,54.16934,,,22.37944,35.29836,47.50385,,,14.52833,38.20428,50.62596,,,14.52694,39.88655,51.67472,
14.66944,23.54886,34.88716,,,14.66972,22.6751,32.84656,,,14.66944,34.95901,46.41858,,,14.66889,27.42325,38.45039,,,14.66917,38.58923,50.74116,,,14.66972,34.8656,46.47726,,,14.66944,27.99095,38.24626,,,14.66972,28.61423,39.85671,,,14.66944,29.06935,39.96924,,,14.66944,29.61178,40.34146,,,14.66917,31.10075,42.078,,,23.88583,28.49554,39.37904,,,14.66972,26.45736,37.20181,,,14.66944,31.55391,42.45859,,,14.66944,30.83818,43.94755,,,14.66917,26.95725,39.60916,,,14.66944,41.41153,53.93247,,,22.52139,35.27662,47.44823,,,14.66972,38.172,50.59186,,,14.66833,39.98095,51.59294,
14.81111,23.35795,34.70937,,,14.81083,22.4527,32.79785,,,14.81083,34.79019,46.44287,,,14.81083,27.3443,38.44339,,,14.81083,38.56048,50.76063,,,14.81139,34.80526,46.3029,,,14.81083,27.78225,38.25854,,,14.81139,28.32329,39.84055,,,14.81111,29.07211,39.78023,,,14.81111,29.5132,40.33604,,,14.81056,30.93063,41.87855,,,,,,,,14.81139,26.59412,37.25289,,,14.81083,31.53233,42.34196,,,14.81111,30.90923,43.96559,,,14.81083,26.90856,39.59521,,,14.81111,41.28054,53.89764,,,22.6625,35.21178,47.5337,,,14.81139,38.15258,50.51558,,,14.81028,39.85333,51.65275,
14.95278,23.405,34.7065,,,14.9525,22.17074,32.66353,,,14.9525,34.60872,46.54711,,,14.95222,27.37719,38.44513,,,14.95222,38.52078,50.67722,,,15.09444,34.5663,46.37064,,,14.9525,27.75815,38.14098,,,14.95306,28.29761,39.65153,,,14.95306,28.94854,39.80522,,,14.95278,29.54166,40.2169,,,14.95222,30.95289,41.718,,,,,,,,14.95278,26.59588,37.14504,,,14.95222,31.47477,42.43956,,,14.9525,30.86611,43.89588,,,14.9525,26.86009,39.55037,,,14.9525,41.06965,53.7808,,,22.80417,35.32966,47.52118,,,14.95278,38.14155,50.41823,,,14.95167,39.72302,51.69899,
15.09444,23.48828,34.61164,,,15.09389,22.63428,32.79145,,,15.09417,34.89546,46.39678,,,15.09389,27.34579,38.39744,,,15.09389,38.48023,50.76607,,,15.23583,34.77786,46.19085,,,15.09417,27.74328,38.14093,,,15.09444,28.1962,39.68256,,,15.09472,28.79146,39.64952,,,15.09444,29.37899,40.13053,,,15.09389,30.86654,41.87633,,,,,,,,15.09472,26.09683,37.30142,,,15.09389,31.44925,42.14776,,,15.09417,30.91481,43.98504,,,15.09444,26.92025,39.63336,,,15.09417,41.19824,53.88361,,,22.94611,35.18604,47.44551,,,15.09444,38.22682,50.44092,,,15.09361,39.75511,51.68025,
15.23583,23.49687,34.56626,,,15.23611,22.67106,32.79732,,,15.23583,34.77948,46.4178,,,15.23556,27.33935,38.23589,,,15.23556,38.5034,50.56212,,,15.37778,34.72086,46.1097,,,15.23583,27.62654,38.17068,,,15.23611,28.49602,39.423,,,15.23583,28.91663,39.58848,,,15.23556,29.39738,40.21449,,,15.23556,30.90622,41.88094,,,,,,,,15.23611,26.31715,37.10792,,,15.23556,31.34985,42.30584,,,15.23583,30.82566,43.80373,,,15.23611,26.93142,39.63498,,,15.23611,41.38609,53.94659,,,23.08778,35.30996,47.42349,,,15.23611,38.06077,50.22821,,,15.235,39.6706,51.41536,
15.3775,23.18985,34.46068,,,15.3775,22.43287,32.8089,,,15.37722,34.72118,46.40706,,,15.37667,27.23749,38.37368,,,15.3775,38.42401,50.58245,,,15.51889,34.72558,45.98348,,,15.3775,27.69387,38.00109,,,15.3775,28.16816,39.53231,,,15.3775,28.90857,39.73173,,,15.37722,29.28943,40.13512,,,15.37694,30.69302,41.77986,,,,,,,,15.3775,26.31115,37.00002,,,15.37722,31.27222,42.05868,,,15.37778,30.94061,43.99004,,,15.37722,26.88053,39.65286,,,15.37722,40.99779,53.97046,,,23.22917,35.24574,47.40971,,,15.3775,37.93657,50.21215,,,15.37667,39.65684,51.49555,
15.51917,23.34706,34.46152,,,15.51917,22.36833,32.61576,,,15.51889,34.59699,46.29942,,,15.51833,27.25612,38.21281,,,15.51861,38.36007,50.64403,,,15.66056,34.51625,46.16835,,,15.51889,27.6661,37.93605,,,15.51917,28.1786,39.5625,,,15.51889,28.76489,39.44571,,,15.51889,29.28001,40.07154,,,15.51889,30.72043,41.62266,,,,,,,,15.51917,26.32572,36.81036,,,15.51861,31.17117,42.14137,,,15.51944,30.8561,43.85058,,,15.51889,26.92206,39.5857,,,15.51917,41.3468,53.83028,,,23.37083,35.13199,47.52575,,,15.51917,38.00521,50.40235,,,15.51833,39.62064,51.55498,
15.66056,23.60485,34.38006,,,15.66083,22.57199,32.72843,,,15.66056,34.61095,46.17646,,,15.66,27.12515,38.19988,,,15.66028,38.33228,50.60292,,,15.80278,34.53482,46.15276,,,15.66056,27.56425,38.2059,,,15.66083,28.18849,39.38871,,,15.66056,28.71071,39.49151,,,15.66056,29.22888,39.92929,,,15.66028,30.7579,41.6108,,,,,,,,15.66083,26.26354,36.92652,,,15.66028,31.09363,42.12608,,,15.66111,30.81439,43.96773,,,15.66056,26.90173,39.52326,,,15.66056,41.2501,54.03251,,,23.5125,35.21025,47.37849,,,15.66083,37.93064,50.1408,,,15.66,39.57285,51.35732,
15.8025,23.51763,34.23579,,,15.80222,22.46061,32.57529,,,15.8025,34.65883,46.13742,,,15.80167,27.09138,38.20679,,,15.80194,38.2395,50.51668,,,15.94389,34.47333,46.07529,,,15.80194,27.52381,37.83829,,,15.8025,28.04245,39.4052,,,15.80222,28.6647,39.61291,,,15.80194,29.22781,40.07647,,,15.80194,30.76755,41.52649,,,,,,,,15.80222,26.20067,36.93281,,,15.80194,31.14353,41.91796,,,15.80222,30.71637,43.95103,,,15.80222,26.83065,39.4285,,,15.80222,40.95067,53.77745,,,23.65417,35.22131,47.59028,,,15.80222,37.97837,50.201,,,15.80139,39.57793,51.39824,
15.94417,23.32694,34.45644,,,15.94361,22.31305,32.83778,,,15.94389,34.58068,46.17416,,,15.94333,27.12598,37.99755,,,15.94361,38.30913,50.42003,,,16.08556,34.45431,46.06799,,,15.94361,27.4228,37.78234,,,15.94389,28.0022,39.32781,,,15.94389,28.71028,39.43476,,,15.94361,29.06502,40.02991,,,15.94333,30.66359,41.52483,,,,,,,,15.94389,26.18494,36.75025,,,15.94361,30.99796,41.99984,,,15.94389,30.60911,43.8637,,,15.94361,26.87051,39.44333,,,15.94361,41.17735,53.6924,,,23.79556,35.10722,47.4025,,,15.94389,37.78156,50.21162,,,15.94306,39.55177,51.26783,
16.08583,23.29883,34.43464,,,16.08528,22.27494,32.58556,,,16.08556,34.60017,46.20761,,,16.085,27.01581,38.06783,,,16.08528,38.28566,50.27498,,,16.22694,34.39463,46.027,,,16.08528,27.4514,37.69418,,,16.08583,28.00082,39.31998,,,16.08528,28.50997,39.42853,,,16.08556,29.13544,39.92985,,,16.08528,30.64334,41.41084,,,,,,,,16.08556,26.11236,36.86609,,,16.085,30.97904,41.80129,,,16.08556,30.80359,43.97464,,,16.08528,26.87309,39.6557,,,16.08556,40.96895,53.74948,,,23.93694,35.18465,47.18634,,,16.08583,37.90199,50.19279,,,16.08472,39.4419,51.20424,
16.2275,23.21035,34.28015,,,16.22694,22.22934,32.49076,,,16.22694,34.53115,46.09943,,,16.22667,26.95053,38.07514,,,16.22694,38.2486,50.2595,,,16.36889,34.27272,46.00104,,,16.22667,27.29558,37.59759,,,16.2275,28.02244,39.32685,,,16.22722,28.60665,39.49727,,,16.22694,29.07172,39.83331,,,16.22667,30.55945,41.36092,,,,,,,,16.22722,26.11602,36.83998,,,16.22694,30.98897,41.71692,,,16.22722,30.72669,44.00219,,,16.22694,26.80093,39.38201,,,16.22722,41.27191,53.81022,,,,,,,,16.2275,37.90273,50.28025,,,16.22639,39.50781,51.2851,
16.36889,23.13444,34.47026,,,16.36861,22.52678,32.44412,,,16.36861,34.38599,46.08241,,,16.36806,27.06711,38.05312,,,16.36861,38.11672,50.43836,,,16.51056,34.34797,45.89765,,,16.36833,27.41581,37.52492,,,16.36944,27.85875,39.39975,,,16.36889,28.60787,39.19904,,,16.36861,28.96376,39.93705,,,16.36833,30.54953,41.38468,,,,,,,,16.36861,25.9599,36.70365,,,16.36861,30.79639,41.66336,,,16.36861,30.76794,43.95718,,,16.36861,26.80657,39.61023,,,16.36889,41.09986,53.78719,,,,,,,,16.36889,37.92754,49.81573,,,16.36806,39.40671,51.1844,
16.65222,23.11118,34.16459,,,16.51028,22.33694,32.53939,,,16.51028,34.43816,46.16052,,,16.50972,26.94329,38.07774,,,16.51028,38.07648,50.45483,,,16.65194,34.17084,45.93917,,,16.51028,27.29487,37.64334,,,16.51083,27.57248,39.20292,,,16.51056,28.50363,39.32384,,,16.51028,28.99897,39.68789,,,16.51,30.5437,41.28661,,,,,,,,16.51028,25.9992,36.64377,,,16.51028,30.79725,41.44062,,,16.51028,30.82841,43.82749,,,16.51,26.83313,39.40339,,,16.51056,40.93014,53.61493,,,,,,,,16.51056,37.76103,49.95208,,,16.50972,39.33899,51.29513,
16.79361,23.05939,34.35791,,,16.65194,22.24032,32.69757,,,16.65222,34.3503,45.95918,,,16.65139,26.89226,37.95419,,,16.65194,38.06084,50.42301,,,16.79389,34.18743,45.8973,,,16.65194,27.25016,37.59772,,,16.6525,27.74505,39.01015,,,16.65194,28.39901,39.07292,,,16.65194,29.02682,39.69122,,,16.65139,30.41646,41.31773,,,,,,,,16.65194,25.97626,36.67182,,,16.65194,30.75971,41.36991,,,16.65194,30.79989,43.74081,,,16.65194,26.74339,39.42531,,,16.65194,40.98217,53.55532,,,,,,,,16.65222,37.70369,49.92606,,,16.65111,39.3845,51.2216,
16.93556,23.1006,34.28906,,,16.79361,22.25308,32.59526,,,16.79361,34.41459,46.02722,,,16.79306,26.92171,37.82793,,,16.79361,38.0288,50.29978,,,16.93556,34.26732,45.81853,,,16.79333,27.15714,37.53832,,,16.79417,27.73825,38.94941,,,16.79389,28.40163,39.07566,,,16.79361,28.95696,39.77362,,,16.79306,30.43202,41.23538,,,,,,,,16.79389,25.92918,36.52615,,,16.79361,30.59338,41.54785,,,16.79389,30.70615,43.79518,,,16.79361,26.72464,39.4441,,,16.79333,40.9991,53.84712,,,,,,,,16.79361,37.73033,50.08524,,,16.7925,39.36441,51.16891,
17.07667,23.21671,34.26455,,,16.93528,22.08851,32.3787,,,16.93528,34.33837,45.8964,,,16.93472,26.7849,37.93593,,,16.93472,38.1001,50.27733,,,17.07722,34.10771,45.66159,,,16.935,27.13779,37.49119,,,16.93556,27.59507,38.95799,,,16.93556,28.45054,39.00267,,,16.93528,28.91859,39.70146,,,16.93472,30.28858,41.10941,,,,,,,,16.93528,25.86308,36.40106,,,16.93528,30.66762,41.40613,,,16.93556,30.75646,43.77866,,,16.93528,26.85384,39.52964,,,16.93556,41.06746,53.57193,,,,,,,,16.93556,37.5078,50.07969,,,16.93417,39.25366,51.22099,
17.21833,23.05379,34.15168,,,17.07667,22.16856,32.41324,,,17.07694,34.3897,45.98775,,,17.07639,26.79062,37.92974,,,17.07639,38.05291,50.12943,,,17.21861,34.15515,45.66782,,,17.07639,27.11663,37.50465,,,17.07722,27.56222,38.93905,,,17.07722,28.37955,38.98083,,,17.07694,28.82524,39.65346,,,17.07639,30.34467,41.25247,,,,,,,,17.07667,25.46234,36.51916,,,17.07694,30.56735,41.35862,,,17.07694,30.70405,43.85507,,,17.07694,26.79252,39.47194,,,17.07667,41.25596,53.87734,,,,,,,,17.07722,37.63103,49.8322,,,17.07611,39.2137,51.2303,
17.36056,22.94015,34.10305,,,17.21833,22.19745,32.40706,,,17.21833,34.21099,45.85563,,,17.21806,26.72832,37.82831,,,17.21806,38.05888,50.21952,,,17.36,33.96861,45.71841,,,17.21806,27.0509,37.28419,,,17.21889,27.84931,38.83872,,,17.21861,28.28221,39.04479,,,17.21861,28.79828,39.66279,,,17.21806,30.29606,40.92178,,,,,,,,17.21861,26.05014,36.2785,,,17.21833,30.44258,41.19825,,,17.21889,30.75927,43.71872,,,17.21861,26.73839,39.36433,,,17.21861,40.9867,53.5193,,,,,,,,17.21861,37.53759,49.81463,,,17.21778,39.24556,51.03097,
17.50194,23.33365,34.1642,,,17.36028,22.12459,32.25271,,,17.35972,34.22817,45.97497,,,17.35944,26.71166,37.72983,,,17.35972,37.398,49.61433,,,17.50167,34.21477,45.68995,,,17.36,26.93193,37.34302,,,17.36028,27.59339,38.67182,,,17.36,28.13531,39.04329,,,17.36028,28.86327,39.52349,,,17.35972,30.17576,41.09567,,,,,,,,17.36028,25.7765,36.2749,,,17.35972,30.46837,41.25411,,,17.36,30.66318,43.85626,,,17.36028,26.77131,39.44104,,,17.36,40.96494,53.72792,,,,,,,,17.36,37.37676,49.71207,,,17.35944,39.18007,51.0521,
17.64333,22.94005,34.13103,,,17.50167,22.1298,32.39106,,,17.50167,34.16911,45.76585,,,17.50111,26.73109,37.69507,,,17.50111,37.31082,49.61111,,,17.64306,34.00363,45.61232,,,17.50139,26.95533,37.28114,,,17.50194,27.65663,38.949,,,17.50167,28.21619,39.11277,,,17.50139,28.6814,39.47473,,,17.50167,30.18877,41.0328,,,,,,,,17.50194,25.7375,36.32854,,,17.50139,30.38499,41.25661,,,17.50194,30.65763,43.85665,,,17.50167,26.74007,39.38795,,,17.50167,41.12272,53.48023,,,,,,,,17.50167,37.35123,49.8376,,,17.50111,39.08023,50.87978,
17.785,22.93148,34.24243,,,17.64306,22.16387,32.38299,,,17.64306,34.28317,45.74817,,,17.6425,26.63282,37.73363,,,17.64306,37.34592,49.42617,,,17.78472,33.9663,45.61144,,,17.64306,27.00695,37.50485,,,17.64333,27.70385,38.80296,,,17.64333,28.09682,38.99481,,,17.64306,28.65097,39.41041,,,17.64278,30.2048,41.07636,,,,,,,,17.64361,25.63103,36.47045,,,17.64278,30.33069,41.20656,,,17.64333,30.72536,43.79888,,,17.64306,26.78059,39.35526,,,17.64333,40.84715,53.70312,,,,,,,,17.64333,37.54832,49.84813,,,17.64278,39.03244,50.97447,
17.92694,22.70909,34.01251,,,17.78472,22.24725,32.38836,,,17.785,34.23982,45.78988,,,17.78417,26.64721,37.64384,,,17.78472,37.16723,49.4512,,,17.92639,34.02662,45.61219,,,17.785,26.93755,37.13685,,,17.78528,27.4797,38.68056,,,17.78472,28.08727,38.76144,,,17.78472,28.48127,39.66117,,,17.78444,30.03616,40.87985,,,,,,,,17.78528,25.45932,36.04349,,,17.78444,30.31941,41.1631,,,17.785,30.76437,43.69609,,,17.78472,26.72768,39.42303,,,17.78472,40.86248,53.84014,,,,,,,,17.785,37.36925,49.7431,,,17.78417,39.17904,50.82909,
18.06833,22.99322,34.09473,,,17.92639,22.07022,32.17567,,,17.92639,34.07456,45.7621,,,17.92583,26.60171,37.49604,,,17.92639,37.29309,49.41319,,,18.06806,34.03428,45.64873,,,17.92667,26.8778,37.29652,,,17.92667,27.61227,38.64749,,,17.92639,28.08212,38.65567,,,17.92611,28.63318,39.30491,,,17.92611,30.01083,41.05823,,,,,,,,17.92667,25.61048,36.26,,,17.92639,30.23929,40.90087,,,17.92639,30.75879,43.72815,,,17.92667,26.76256,39.259,,,17.92667,40.88885,53.92705,,,,,,,,17.92639,37.48213,49.63997,,,17.92583,39.10955,50.85862,
18.21,23.05283,33.88777,,,18.06778,22.07379,32.24351,,,18.06778,34.04916,45.68845,,,18.06722,26.51984,37.55609,,,18.06806,37.17068,49.30345,,,18.20944,33.97073,45.46138,,,18.06806,26.7711,37.09582,,,18.06833,27.45944,38.72376,,,18.06806,28.05186,38.61839,,,18.06778,28.61743,39.36522,,,18.06806,30.03833,40.8472,,,,,,,,18.06833,25.74658,36.07409,,,18.06778,30.23395,41.02561,,,18.06806,30.71596,43.67585,,,18.06806,26.7103,39.33987,,,18.06806,40.96588,53.82832,,,,,,,,18.06833,37.36174,49.78884,,,18.06722,38.99763,50.78786,
18.35139,22.83683,33.90246,,,18.20944,22.08732,32.17621,,,18.20944,34.15,45.59538,,,18.20889,26.56646,37.59613,,,18.20944,37.17279,49.23314,,,18.35139,34.10398,45.46203,,,18.20944,26.77227,37.01364,,,18.21028,27.4908,38.55205,,,18.20944,27.90893,38.62852,,,18.20944,28.53089,39.40608,,,18.20944,30.0285,40.67942,,,,,,,,18.21,25.3728,36.02105,,,18.20944,30.153,40.83326,,,18.20972,30.68762,43.84527,,,18.20944,26.79764,39.49219,,,18.20972,40.76619,53.59646,,,,,,,,18.21,37.33713,49.58046,,,18.20917,39.05245,50.73423,
18.49306,23.05314,34.01725,,,18.35111,21.83707,32.40377,,,18.35083,34.01112,45.64945,,,18.35083,26.64841,37.41519,,,18.35111,37.1188,49.37687,,,18.49306,33.79136,45.50038,,,18.35111,26.64922,37.08554,,,18.35167,27.37772,38.53515,,,18.35111,27.89538,38.74523,,,18.35139,28.5529,39.35678,,,18.35111,29.9266,40.74845,,,,,,,,18.35139,25.37768,35.96713,,,18.35139,30.11562,40.72403,,,18.35111,30.77264,43.71511,,,18.35111,26.76605,39.38828,,,18.35111,40.9379,53.50777,,,,,,,,18.35139,37.40394,49.63485,,,18.35028,38.99758,50.78379,
18.635,22.78409,34.10501,,,18.49278,21.95123,32.33341,,,18.4925,34.04583,45.62209,,,18.4925,26.52912,37.49587,,,18.49278,37.21894,49.17432,,,18.63444,33.306,44.89346,,,18.49278,26.71076,36.93567,,,18.49306,27.44332,38.29921,,,18.49306,28.03822,38.56167,,,18.4925,28.49235,39.40296,,,18.4925,29.94726,40.83715,,,,,,,,18.49306,25.32625,35.77132,,,18.49306,30.05361,40.65929,,,18.49306,30.77521,43.91,,,18.49278,26.63479,39.33023,,,18.49278,41.03806,53.4336,,,,,,,,18.49306,37.20267,49.61351,,,18.49194,38.87362,50.77622,
18.77667,22.79694,33.97167,,,18.63417,21.92166,32.29496,,,18.63417,34.00751,45.55498,,,18.63417,26.48534,37.41766,,,18.63417,37.01965,49.3115,,,18.77639,33.25527,44.86477,,,18.63417,26.66545,36.99351,,,18.63472,27.1976,38.49713,,,18.63472,27.83973,38.61432,,,18.63417,28.36155,39.0243,,,18.63417,29.93664,40.71711,,,,,,,,18.63444,25.00854,35.71828,,,18.63444,30.01354,40.75805,,,18.63472,30.66681,43.65883,,,18.63444,26.67821,39.36055,,,18.63444,40.9038,53.63987,,,,,,,,18.635,37.26037,49.58365,,,18.63361,38.89774,50.62582,
18.91806,22.84449,34.1309,,,18.77639,21.71406,32.22,,,18.77611,33.84682,45.61636,,,18.77583,26.45956,37.40454,,,18.77583,36.83113,48.93718,,,18.91806,33.1938,44.73737,,,18.77583,26.5966,36.74742,,,18.77611,27.06372,38.3045,,,18.77611,27.83163,38.55845,,,18.77611,28.42007,39.1435,,,18.77556,29.95513,40.7862,,,,,,,,18.77611,24.93295,35.55166,,,18.77611,30.05887,40.71617,,,18.77639,30.60644,43.73825,,,18.77583,26.69201,39.46422,,,18.77611,40.63152,53.45606,,,,,,,,18.77667,37.15378,49.60331,,,18.77528,38.7868,50.8562,
19.05972,22.77133,34.04562,,,18.9175,21.88891,32.21427,,,18.9175,33.93459,45.54626,,,18.9175,26.37919,37.3749,,,18.91778,36.71392,48.74803,,,19.05972,33.23156,44.6007,,,18.9175,26.61188,36.9088,,,18.91806,26.91794,38.16403,,,18.91778,27.3379,37.93839,,,18.91778,28.39843,39.08072,,,18.9175,29.87149,40.61933,,,,,,,,18.91778,24.64742,35.43711,,,18.9175,29.97014,40.64448,,,18.91778,30.68639,43.76409,,,18.9175,26.68429,39.33228,,,18.91778,40.91435,53.49982,,,,,,,,18.91806,37.09276,49.49136,,,18.91667,38.86205,50.71007,
19.20139,22.83614,33.99538,,,19.05917,21.73896,32.16748,,,19.05917,33.90176,45.59041,,,19.05861,26.39144,37.32776,,,19.05944,36.68475,48.87525,,,19.20111,33.23546,44.66508,,,19.05889,26.55976,36.8701,,,19.05972,27.12724,38.07562,,,19.05972,27.31183,37.89888,,,19.05917,27.87558,38.61944,,,19.05889,29.80599,40.68356,,,,,,,,19.05917,24.84685,35.64643,,,19.05889,29.85087,40.51312,,,19.05972,30.64462,43.68773,,,19.05944,26.69651,39.37248,,,19.05944,40.8165,53.37961,,,,,,,,19.05944,37.23373,49.50982,,,19.05833,38.82387,50.70501,
19.3425,22.84299,33.88209,,,19.20083,22.01114,32.32085,,,19.20083,33.80984,45.48793,,,19.20028,26.25169,37.31811,,,19.20083,36.64389,48.79681,,,19.3425,33.15938,44.6395,,,19.20056,26.43216,36.81942,,,19.20139,26.60202,38.06004,,,19.20139,27.25783,37.82738,,,19.3425,27.81558,38.47521,,,19.20083,29.76568,40.64235,,,,,,,,19.20111,24.72531,35.45297,,,19.20056,29.88645,40.74978,,,19.20139,30.62789,43.67588,,,19.20111,26.6035,39.55011,,,19.20083,40.6103,53.55469,,,,,,,,19.20111,37.17129,49.48577,,,19.2,38.88042,50.59949,
19.48417,22.75158,33.83905,,,19.34222,21.82589,32.21417,,,19.3425,33.79599,45.3658,,,19.34194,26.32331,37.37316,,,19.34222,36.66442,48.8624,,,19.48444,33.15948,44.5818,,,19.34222,26.55888,36.58733,,,19.34278,26.39708,37.6912,,,19.34278,27.07593,37.76351,,,19.48417,27.76761,38.43856,,,19.3425,29.72911,40.61609,,,,,,,,19.34278,24.61956,35.33872,,,19.34222,29.73269,40.50895,,,19.34306,30.56233,43.74768,,,19.3425,26.6231,39.35337,,,19.3425,40.79476,53.46549,,,,,,,,19.34278,37.15038,49.47858,,,19.34167,38.73187,50.58556,
19.62611,22.79814,33.68027,,,19.48417,21.85442,32.22139,,,19.48417,33.87879,45.49201,,,19.48389,26.33123,37.08371,,,19.48389,36.63741,48.60693,,,19.62611,33.19147,44.51171,,,19.48389,26.42825,36.64626,,,19.48444,26.65969,37.66722,,,19.48444,27.22869,37.64585,,,19.62556,27.7802,38.44354,,,19.48361,29.68341,40.48647,,,,,,,,19.48444,24.7454,35.36471,,,19.48389,29.77855,40.47908,,,19.48444,30.59834,43.8472,,,19.48417,26.67266,39.26566,,,19.48417,40.61594,53.2026,,,,,,,,19.48417,37.00038,49.52549,,,19.48333,38.70983,50.47525,
19.7675,22.85448,33.92154,,,19.62583,21.81082,31.9964,,,19.62556,33.82511,45.30357,,,19.625,26.32351,37.25354,,,19.62528,36.68754,48.5646,,,19.7675,33.08874,44.52005,,,19.62556,26.27075,36.59606,,,19.62639,26.68057,37.57585,,,19.62583,27.15235,37.75539,,,19.7675,27.84555,38.39099,,,19.62528,29.61643,40.38755,,,,,,,,19.62611,24.62276,35.30111,,,19.62528,29.70694,40.36863,,,19.62611,30.72477,43.62498,,,19.62611,26.61579,39.47453,,,19.62556,40.25379,52.9698,,,,,,,,19.62583,37.08465,49.28093,,,19.62472,38.622,50.55905,
19.90944,22.58926,33.79133,,,19.76722,21.62663,31.9158,,,19.7675,33.74019,45.42554,,,19.76667,26.20865,37.26841,,,19.76694,36.55976,48.60503,,,19.90944,33.04922,44.64257,,,19.76722,26.08877,36.38289,,,19.76778,26.64645,37.67413,,,19.76722,27.09407,37.62793,,,19.90889,27.75469,38.39457,,,19.76722,29.64693,40.42269,,,,,,,,19.7675,24.60446,35.37541,,,19.76694,29.66539,40.31784,,,19.76778,30.52324,43.74147,,,19.7675,26.54275,39.26657,,,19.76722,40.6251,52.87596,,,,,,,,19.7675,36.96386,49.1569,,,19.76667,38.60325,50.48053,
20.05083,22.74195,33.92841,,,19.90917,21.47013,31.94773,,,19.90861,33.86221,45.23141,,,19.90861,26.17965,37.10197,,,19.90861,36.59279,48.57646,,,20.05056,33.00886,44.52476,,,19.90889,26.07409,36.2441,,,19.90917,26.3702,37.69212,,,19.90889,27.13831,37.65459,,,20.05056,27.60697,38.48239,,,19.90889,29.62753,40.35291,,,,,,,,19.90917,24.52645,35.32584,,,19.90889,29.59863,40.1361,,,19.90944,30.6082,43.89891,,,19.90917,26.55712,39.32069,,,19.90917,40.46126,53.00463,,,,,,,,19.90917,37.0341,49.34787,,,19.90833,38.6067,50.56361,
20.19278,22.67913,33.81352,,,20.05083,21.69587,31.88294,,,20.05056,33.74013,45.08823,,,20.05,26.19801,37.10569,,,20.05028,36.55949,48.67272,,,20.19222,32.98565,44.40168,,,20.05028,25.96261,36.31239,,,20.05083,26.45281,37.76913,,,20.05056,27.06921,37.60967,,,20.19222,27.55714,38.25859,,,20.05028,29.4935,40.44531,,,,,,,,20.05083,24.7712,35.10141,,,20.05028,29.54431,40.10042,,,20.05056,30.69306,43.8372,,,20.05056,26.52888,39.47965,,,20.05056,40.27548,53.10433,,,,,,,,20.05083,36.93868,49.24861,,,20.04972,38.553,50.48236,
20.33389,22.57659,33.98954,,,20.1925,21.55125,31.88818,,,20.19222,33.87302,45.17399,,,20.19194,26.18161,37.04938,,,20.19194,36.46096,48.37845,,,20.33361,32.94576,44.56335,,,20.19194,26.06578,36.23001,,,20.1925,26.35492,37.32545,,,20.19222,26.99108,37.72691,,,20.33389,27.51128,38.26304,,,20.19222,29.56738,40.29585,,,,,,,,20.19278,24.53616,35.1194,,,20.19194,29.50387,40.22038,,,20.19222,30.62948,43.53719,,,20.19222,26.59523,39.29715,,,20.1925,40.27785,53.06182,,,,,,,,20.19222,36.86856,49.16852,,,20.19139,38.49728,50.43967,
20.47583,22.61953,33.64696,,,20.33361,21.5482,31.81826,,,20.33389,33.6828,45.15488,,,20.33361,26.10359,37.06726,,,20.33361,36.43442,48.30376,,,20.47556,32.98957,44.55512,,,20.33361,25.99667,36.24768,,,20.33389,26.28747,37.58107,,,20.33361,26.91426,37.85236,,,20.47556,27.51263,38.15115,,,20.33333,29.37422,40.53026,,,,,,,,20.33417,24.59101,35.05235,,,20.33333,29.51613,40.08673,,,20.33389,30.48794,43.71135,,,20.33361,26.53018,39.24857,,,20.33417,40.33356,53.03049,,,,,,,,20.33389,36.8305,49.2813,,,20.33333,38.45864,50.37598,
20.61722,22.64353,33.59985,,,20.47528,21.7133,31.89056,,,20.47528,33.70097,45.13018,,,20.47472,25.98485,37.07667,,,20.47528,36.41097,48.43857,,,20.61722,32.89519,44.38889,,,20.47528,25.96728,36.0138,,,20.47556,26.41127,37.38383,,,20.47556,26.89305,37.52883,,,20.61694,27.39974,38.10374,,,20.475,29.4912,40.33118,,,,,,,,20.47583,24.6687,35.02005,,,20.475,29.39213,40.06735,,,20.47556,30.4722,43.67911,,,20.47528,26.61346,39.10837,,,20.47528,40.45765,53.02041,,,,,,,,20.47556,36.84225,48.97281,,,20.47472,38.52613,50.37865,
20.75889,22.67125,33.34361,,,20.61694,21.6918,31.71042,,,20.61667,33.55534,45.21979,,,20.61639,26.15131,37.03175,,,20.61694,36.39494,48.39665,,,20.75861,32.9117,44.39921,,,20.61667,25.91428,36.17545,,,20.6175,26.3451,37.42269,,,20.61722,26.9383,37.34491,,,20.75861,27.5264,38.02747,,,20.61639,29.42342,40.25205,,,,,,,,20.6175,24.47046,35.14843,,,20.61694,29.38459,39.83206,,,20.61694,30.48575,43.54634,,,20.61694,26.44292,39.2087,,,20.61694,40.64979,53.12844,,,,,,,,20.61722,36.88605,49.06582,,,20.61639,38.42837,50.2702,
20.90083,22.5439,33.68016,,,20.75833,21.52024,31.89852,,,20.75861,33.56395,45.12044,,,20.75806,25.96276,37.1021,,,20.75833,36.37876,48.33702,,,20.90028,32.74858,44.23902,,,20.75833,25.93199,36.13566,,,20.75889,26.16956,37.53974,,,20.75889,26.90703,37.56876,,,20.90028,27.43595,37.96648,,,20.75861,29.39707,40.27151,,,,,,,,20.75861,24.62697,35.14915,,,20.75861,29.35566,39.82984,,,20.75861,30.54274,43.39721,,,20.75861,26.53394,39.48943,,,20.75861,40.21869,53.18947,,,,,,,,20.75889,36.83557,49.09033,,,20.75806,38.43291,50.17997,
21.04222,22.51204,33.75508,,,20.9,21.46772,31.64824,,,20.9,33.66129,45.15533,,,20.89972,25.97975,36.99316,,,20.9,36.37986,48.46385,,,21.04194,32.74937,44.32862,,,20.90028,25.8507,36.24035,,,20.90056,26.28943,37.33936,,,20.90028,26.91548,37.41322,,,21.04194,27.43023,37.99886,,,20.9,29.35539,40.25914,,,,,,,,20.90028,24.39153,35.08918,,,20.89972,29.19481,40.01324,,,20.90056,30.50347,43.83818,,,20.9,26.50276,39.27576,,,20.90028,40.36241,52.9259,,,,,,,,20.90056,36.78103,49.0533,,,20.89972,38.39578,50.38366,
21.18389,22.58382,33.46387,,,21.04167,21.5099,31.79116,,,21.04194,33.48946,45.10209,,,21.04167,25.92985,36.99154,,,21.04167,36.32402,48.33182,,,21.18389,32.76036,44.32445,,,21.04167,25.83051,35.93939,,,21.04222,26.49052,37.21221,,,21.04222,26.87835,37.38919,,,21.18361,27.35203,37.96799,,,21.04167,29.30794,40.17313,,,,,,,,21.04194,24.34315,34.93574,,,21.04167,29.19758,39.97182,,,21.04222,30.30288,43.69926,,,21.04167,26.38272,39.3048,,,21.04222,40.52454,52.73287,,,,,,,,21.04222,36.48526,48.77716,,,21.04139,38.38387,50.29121,
21.325,22.4898,33.66432,,,21.18361,21.50915,31.69365,,,21.18333,33.37231,44.97112,,,21.18278,26.11309,36.86834,,,21.18333,36.27069,48.39945,,,21.325,32.78173,44.19576,,,21.18333,25.8177,36.04521,,,21.18417,26.21395,37.37381,,,21.18389,26.93428,37.40823,,,21.32528,27.36476,37.9614,,,21.18306,29.20466,40.20691,,,,,,,,21.18361,24.45368,34.94977,,,21.18333,29.21406,39.68847,,,21.18361,30.5481,43.41995,,,21.18333,26.54451,39.2602,,,21.18389,40.32122,52.73118,,,,,,,,21.18361,36.40227,48.76234,,,21.18278,38.29016,50.34412,
21.46667,22.4783,33.69339,,,21.325,21.42832,31.68585,,,21.32472,33.53028,45.01089,,,21.32444,25.60679,36.67253,,,21.325,36.19813,48.24368,,,21.46667,32.67459,44.24702,,,21.325,25.73536,35.8557,,,21.32528,26.04317,37.36762,,,21.32556,26.77268,37.13964,,,21.46667,27.36006,38.02078,,,21.32472,29.23949,40.05863,,,,,,,,21.325,24.36559,35.01944,,,21.325,29.14151,39.77571,,,21.32528,30.48773,43.61735,,,21.325,26.56341,39.12011,,,21.32528,40.4956,53.05925,,,,,,,,21.32556,36.49152,48.63415,,,21.32417,38.28016,50.1475,
21.60833,22.4868,33.45965,,,21.46667,21.40217,31.97285,,,21.46667,33.38716,44.95279,,,21.46583,25.67576,36.7766,,,21.46639,36.22522,48.18642,,,21.60833,32.70543,44.08828,,,21.46667,25.68565,36.06896,,,21.46722,26.13121,37.18141,,,21.46694,26.64991,37.28957,,,21.60806,27.30612,37.77697,,,21.46667,29.28219,40.00362,,,,,,,,21.46694,24.41467,34.77964,,,21.46667,28.974,39.75237,,,21.46694,30.51049,43.54658,,,21.46667,26.52422,39.01172,,,21.46667,40.18399,52.9351,,,,,,,,21.46722,36.38464,48.56756,,,21.46611,38.23045,50.07315,
21.75028,22.44153,33.51808,,,21.60861,21.1932,31.71624,,,21.60833,33.27033,44.94715,,,21.6075,25.57651,36.56883,,,21.60806,36.18494,48.1976,,,21.74972,32.6241,43.95418,,,21.60833,25.64093,35.88455,,,21.60889,26.16668,37.22074,,,21.60833,26.67759,37.29647,,,21.74972,27.00802,37.61019,,,21.60778,29.16651,39.97071,,,,,,,,21.60861,24.39673,34.96687,,,21.60833,29.10355,39.70104,,,21.60861,30.51582,43.61973,,,21.60833,26.54899,39.14035,,,21.60806,40.10803,52.92174,,,,,,,,21.60889,36.37665,48.56027,,,21.60778,38.21137,50.08392,
21.89167,22.34914,33.74481,,,21.75028,21.29845,31.65799,,,21.75,33.41033,44.86822,,,21.74972,25.70538,36.55502,,,21.75,36.15458,48.21237,,,21.89139,32.74628,44.0722,,,21.74972,25.70842,35.94073,,,21.75,26.13874,37.1284,,,21.75,26.66683,37.22757,,,21.89139,27.05524,37.54369,,,21.74944,29.22224,39.96218,,,,,,,,21.75,24.40668,34.8819,,,21.75,29.08428,39.59545,,,21.75028,30.56211,43.45589,,,21.75,26.398,39.02952,,,21.74972,40.00176,52.86126,,,,,,,,21.75,36.30129,48.31783,,,21.74917,38.24636,50.04468,
22.03333,22.40669,33.59057,,,21.89167,21.37607,31.70535,,,21.89111,33.4376,44.92249,,,21.89139,25.50032,36.59554,,,21.89111,36.0784,48.09848,,,22.03306,32.60439,44.13114,,,21.89139,25.58853,35.80584,,,21.89167,25.82208,37.11042,,,21.89139,26.6274,37.17426,,,22.03278,26.96968,37.49885,,,21.89111,29.06798,39.88025,,,,,,,,21.89167,24.22278,34.82088,,,21.89139,29.01506,39.62302,,,21.89167,30.37569,43.70486,,,21.89167,26.49843,39.09586,,,21.89139,40.23505,52.94324,,,,,,,,21.89194,36.35721,48.41676,,,21.89056,38.13706,50.06265,
22.175,22.31675,33.58677,,,22.03333,21.64204,31.61065,,,22.03278,33.26886,44.91017,,,22.0325,25.53315,36.45359,,,22.03278,36.09641,48.10319,,,22.175,32.61384,44.14632,,,22.03333,25.60943,35.70056,,,22.03333,26.12084,37.16828,,,22.03306,26.61489,37.09174,,,22.17444,26.86351,37.70455,,,22.0325,29.22314,39.86221,,,,,,,,22.03333,24.19446,34.78111,,,22.03333,28.92612,39.61297,,,22.03333,30.35499,43.4482,,,22.03333,26.53406,39.07068,,,22.03333,40.19852,52.7129,,,,,,,,22.03333,36.33396,48.47214,,,22.03222,38.13277,50.07312,
22.31667,22.46678,33.53497,,,22.17472,21.42954,31.72895,,,22.175,33.18907,44.96391,,,22.17417,25.40661,36.532,,,22.17444,36.08716,48.15045,,,22.31639,32.53978,44.06487,,,22.17472,25.51643,35.76042,,,22.175,25.92779,37.23237,,,22.17472,26.50119,37.0887,,,22.31611,26.91799,37.63355,,,22.17444,29.18024,39.81595,,,,,,,,22.17528,24.32677,34.71846,,,22.17472,28.88059,39.55931,,,22.175,30.50685,43.45387,,,22.17472,26.50463,39.11424,,,22.175,40.08734,52.93918,,,,,,,,22.175,36.16738,48.34298,,,22.17389,38.08767,49.92075,
22.45833,22.62604,33.37904,,,22.31611,21.54804,31.46804,,,22.31667,33.14854,44.78938,,,22.31556,25.48756,36.3596,,,22.31611,36.02592,47.92713,,,22.45806,32.43714,44.05045,,,22.31611,25.61124,35.59878,,,22.31639,25.93655,37.10152,,,22.31611,26.48498,37.19188,,,22.45778,26.8272,37.4667,,,22.31611,29.09324,39.89033,,,,,,,,22.31667,24.14606,34.61382,,,22.31639,28.82048,39.23978,,,22.31639,30.43251,43.57898,,,22.31639,26.3982,39.03986,,,22.31639,40.09498,52.7642,,,,,,,,22.31639,36.10768,48.29095,,,22.31556,38.16186,50.00447,
22.6,22.36254,33.38822,,,22.45778,21.42785,31.62403,,,22.45778,33.22928,44.74463,,,22.45722,25.34831,36.33485,,,22.45778,36.00878,47.90138,,,22.59972,32.55803,43.87236,,,22.45806,25.55806,35.78842,,,22.45833,25.82852,36.92168,,,22.45806,26.41675,37.11055,,,22.59944,26.90012,37.49565,,,22.4575,29.09956,39.83807,,,,,,,,22.45833,24.12372,34.64462,,,22.45806,28.7294,39.37308,,,22.45806,30.37358,43.51338,,,22.45806,26.36557,39.06809,,,22.45778,40.2331,52.94019,,,,,,,,22.45806,36.20327,48.43118,,,22.45694,38.02384,49.92459,
22.74167,22.42957,33.31157,,,22.59944,21.22585,31.65681,,,22.59944,33.24912,44.76865,,,22.59889,25.35727,36.43626,,,22.59917,35.99723,47.97817,,,22.74111,32.40016,43.94971,,,22.59944,25.36067,35.55775,,,22.6,25.79117,36.81096,,,22.59972,26.40898,37.08156,,,22.74111,26.8531,37.43841,,,22.59917,29.0286,39.74189,,,,,,,,22.6,24.23558,34.66896,,,22.59917,28.75301,39.25928,,,22.59972,30.42582,43.43916,,,22.59944,26.40484,39.19016,,,22.59972,40.2499,52.67362,,,,,,,,22.59972,36.12675,48.46061,,,22.59861,38.07936,49.81193,
22.88333,22.26297,33.40252,,,22.74111,21.45903,31.61427,,,22.74083,33.2784,44.7731,,,22.74083,25.55756,36.46323,,,22.74083,35.88087,47.84181,,,22.88278,32.48064,43.92334,,,22.74111,25.41031,35.54698,,,22.74167,25.84309,37.06064,,,22.74139,26.39942,37.02991,,,22.88278,26.91855,37.38757,,,22.74083,28.95295,39.69826,,,,,,,,22.74139,24.06323,34.55673,,,22.74083,28.73155,39.27955,,,22.74111,30.44206,43.41974,,,22.74139,26.41223,39.134,,,22.74139,40.00802,52.85224,,,,,,,,22.74139,36.19746,48.39172,,,22.74028,37.98323,49.84879,
23.02444,22.38903,33.43205,,,22.8825,21.22353,31.58926,,,22.8825,33.13951,44.65421,,,22.88222,25.42861,36.17807,,,22.8825,35.89292,47.97178,,,23.02417,32.48567,43.87444,,,22.88278,25.44298,35.48653,,,22.88306,25.7743,36.89231,,,22.88306,26.446,36.96644,,,23.02444,26.71239,37.52441,,,22.8825,28.89556,39.75019,,,,,,,,22.88278,23.9414,34.50357,,,22.8825,28.71025,39.28428,,,22.88278,30.3674,43.55265,,,22.88278,26.39919,39.06853,,,22.88278,40.02179,52.78075,,,,,,,,22.88278,36.13024,48.19681,,,22.88194,37.96357,49.69252,
23.16611,22.34739,33.5281,,,23.02444,21.17841,31.6039,,,23.02444,33.14135,44.69305,,,23.02389,25.34796,36.29976,,,23.02389,36.03726,47.85844,,,23.16611,32.30395,43.9142,,,23.02417,25.36729,35.46439,,,23.025,25.56082,36.87744,,,23.02444,26.42481,36.85106,,,23.16611,26.94525,37.55396,,,23.02417,28.8779,39.55055,,,,,,,,23.02444,24.07547,34.73015,,,23.02417,28.60837,39.28037,,,23.02444,30.38355,43.48207,,,23.02472,26.47282,39.02073,,,23.02472,40.01275,52.77733,,,,,,,,23.02444,36.05322,48.13486,,,23.02333,37.95142,49.91442,
23.30778,22.29689,33.39384,,,23.16611,21.2072,31.48426,,,23.16611,33.03783,44.73324,,,23.16583,25.3217,36.3229,,,23.16556,35.97372,47.86985,,,23.30778,32.34558,43.90603,,,23.16583,25.26616,35.63437,,,23.16639,25.73888,36.79572,,,23.16611,26.34225,36.90643,,,23.3075,26.75585,37.4061,,,23.16556,28.83292,39.64026,,,,,,,,23.16611,24.02185,34.47801,,,23.16556,28.5993,39.25905,,,23.16611,30.23448,43.50431,,,23.16639,26.36047,38.86668,,,23.16639,40.0854,52.80339,,,,,,,,23.16611,36.09791,48.25072,,,23.16528,37.94874,49.85171,
23.44944,22.44458,33.27521,,,23.3075,21.25144,31.39709,,,23.3075,33.02324,44.61729,,,23.30694,25.31822,36.16734,,,23.30778,35.84585,47.83538,,,23.44944,32.42712,43.75366,,,23.3075,25.34277,35.58931,,,23.30806,25.50087,36.77039,,,23.30778,26.32848,36.84186,,,23.44944,26.66865,37.36805,,,23.30722,28.81085,39.74563,,,,,,,,23.30778,23.89065,34.36205,,,23.30722,28.53243,39.05461,,,23.30778,30.37288,43.42013,,,23.30778,26.37167,39.08674,,,23.3075,40.1062,52.83957,,,,,,,,23.30806,35.97837,48.15436,,,23.30694,37.74378,49.97902,
23.59083,22.37398,33.39722,,,23.44944,21.07385,31.62746,,,23.44917,32.99508,44.49969,,,23.44861,25.26537,36.14116,,,23.44917,35.80094,47.90334,,,23.59111,32.32171,43.76448,,,23.44889,25.30301,35.52258,,,23.44972,25.74521,36.75302,,,23.44944,26.27706,36.73372,,,23.59111,26.72898,37.24585,,,23.44889,28.80181,39.81116,,,,,,,,23.44917,24.03802,34.52857,,,23.44917,28.57006,39.031,,,23.44944,30.36514,43.34012,,,23.44917,26.3594,39.004,,,23.44944,39.87475,52.64921,,,,,,,,23.44972,35.87511,47.99291,,,23.44861,37.82969,49.74371,
23.7325,22.266,33.27582,,,23.59111,21.19716,31.52806,,,23.59083,32.98187,44.49261,,,23.59028,25.31508,36.14529,,,23.59083,35.83118,47.71095,,,23.7325,32.12684,43.74092,,,23.59056,25.16302,35.41649,,,23.59111,25.60739,36.64844,,,23.59111,26.29205,36.79119,,,23.73222,26.612,37.25541,,,23.59083,28.8452,39.55463,,,,,,,,23.59083,23.73812,34.35478,,,23.59056,28.47472,39.05853,,,23.59111,30.27816,43.30208,,,23.59083,26.33396,39.00147,,,23.59083,39.75396,52.76132,,,,,,,,23.59083,35.83149,48.08569,,,23.59,37.82699,49.76716,
23.87417,22.32596,33.29221,,,23.73278,21.3389,31.33621,,,23.73222,32.97951,44.54431,,,23.73194,25.22726,36.21222,,,23.73222,35.76542,47.81836,,,23.87417,32.22183,43.66944,,,23.73222,25.20904,35.47376,,,23.73278,25.66927,36.61745,,,23.7325,26.20642,36.69078,,,23.87389,26.68293,37.22463,,,23.73194,28.88784,39.5644,,,,,,,,23.7325,23.90662,34.46845,,,23.73222,28.38631,38.99469,,,23.73278,30.33349,43.41804,,,23.73278,26.39754,38.97114,,,23.73278,40.04676,52.76145,,,,,,,,23.7325,35.95221,48.13032,,,23.73167,37.85582,49.68878,
,,,,,23.87417,21.24939,31.48383,,,,,,,,,,,,,,,,,,,,,,,23.87417,25.27558,35.42707,,,23.87472,25.25105,36.66193,,,23.87417,26.14809,36.64412,,,,,,,,23.87361,28.88229,39.44626,,,,,,,,23.87444,23.84919,34.47072,,,23.87361,28.4279,38.8867,,,23.87444,30.29306,43.45975,,,23.87417,26.26907,38.85182,,,,,,,,,,,,,23.87444,35.91719,48.17772,,,23.87333,37.74962,49.67734,
