TOS_30H2_CO2 [h],X_CH4_30H2_CO2 [%],X_CO2_30H2_CO2 [%],,TOS_4CO2 [h],X_CH4_4CO2 [%],X_CO2_4CO2 [%],,TOS_30CO2 [h],X_CH4_30CO2 [%],X_CO2_30CO2 [%],,TOS_60CO2 [h],X_CH4_60CO2 [%],X_CO2_60CO2 [%]
0.08333,41.2781,53.47585,,0.08333,39.98295,51.51814,,0.08333,40.33378,51.71986,,0.08333,42.85682,54.73819
0.22472,40.29918,52.13512,,0.225,38.61476,49.88088,,0.225,38.84397,50.50717,,0.225,42.22754,53.49448
0.36667,39.20438,51.03392,,0.36639,37.56652,49.09059,,0.36611,37.89695,49.37541,,0.36667,40.97321,52.28593
0.50806,38.43995,50.06003,,0.50806,36.08002,47.62005,,0.50778,36.61981,48.13339,,0.50778,39.84431,51.13798
0.64972,36.70902,48.50942,,0.64972,35.47646,47.06514,,0.64917,35.89614,47.31631,,0.64944,38.98594,50.42324
0.79139,35.9456,47.75898,,0.79139,34.55597,45.83178,,0.79083,35.35588,46.68797,,0.79139,38.4209,49.81095
0.93333,35.42601,47.07281,,0.93278,34.02485,45.38564,,0.9325,34.31781,45.41445,,0.93278,37.91342,49.19397
1.07472,34.67051,46.21313,,1.07472,33.52042,44.75684,,1.07417,33.79621,45.12669,,1.07417,37.36885,48.58382
1.21639,34.02727,45.65794,,1.21611,32.85469,44.22762,,1.21583,33.36898,44.56417,,1.21611,36.87623,48.1964
1.35806,33.55408,45.03147,,1.35778,32.62408,43.59783,,1.35722,32.9,44.25317,,1.35722,36.55268,47.85671
1.49917,33.1598,44.71624,,1.49917,32.1466,43.38571,,1.49917,32.25667,43.80031,,1.49889,35.74721,46.91224
1.64083,32.70033,44.31259,,1.64083,31.81085,42.99084,,1.64083,31.86234,43.20665,,1.64056,35.16496,46.43649
1.7825,32.18984,43.46108,,1.78278,31.15561,42.35944,,1.7825,31.69684,42.97173,,1.78222,34.77924,45.93667
1.92417,31.77549,43.18119,,1.92444,30.85657,41.98222,,1.92389,31.17532,42.47539,,1.92389,34.21722,45.48654
2.06556,31.48783,42.95065,,2.06611,30.56742,41.72164,,2.06556,30.72245,42.0974,,2.06556,34.07504,45.21087
2.2075,31.18436,42.6059,,2.2075,30.57642,41.33673,,2.20722,30.72037,41.86804,,2.20722,33.7395,45.01032
2.34889,30.88304,42.24955,,2.34944,30.02242,41.06924,,2.34889,30.42081,41.43232,,2.34889,33.49732,44.72939
2.49056,30.67237,42.1134,,2.49083,29.57922,40.9783,,2.49083,29.99324,41.29769,,2.49056,33.15465,44.58613
2.63222,30.33408,41.80922,,2.6325,29.42945,40.7874,,2.63222,29.90225,41.00929,,2.63194,32.95619,44.25547
2.77389,30.28922,41.44242,,2.77389,29.52534,40.39888,,2.77361,29.65136,40.73714,,2.77389,32.83827,43.90251
2.91528,30.08562,41.26872,,2.91556,29.0489,40.42802,,2.91556,29.6029,40.87319,,2.91528,32.63791,43.69437
3.05722,29.80155,41.06907,,3.05694,29.15182,40.17055,,3.05694,29.3822,40.47294,,3.05667,32.43086,43.74597
3.19861,29.58981,41.03362,,3.19861,28.74363,39.54879,,3.19861,29.1291,40.50025,,3.19833,32.34803,43.51005
3.34,29.50073,40.71992,,3.34028,28.63875,39.43264,,3.34,29.08948,39.92746,,3.34,32.07389,43.32059
3.48194,29.29561,40.62101,,3.48222,28.46327,39.32886,,3.48167,28.50918,39.38819,,3.48167,31.91076,43.13968
3.62361,29.13151,40.39707,,3.62361,28.20256,39.05761,,3.62361,28.32774,39.21404,,3.62306,31.76522,42.90185
3.765,28.45197,39.71956,,3.76528,28.10273,38.99679,,3.76528,28.17817,39.06917,,3.76472,31.61319,42.85187
3.90694,28.26236,39.39253,,3.90694,28.0584,38.99896,,3.90667,28.12227,38.85932,,3.90639,31.50225,42.60041
4.04833,28.2348,39.29252,,4.04833,27.82799,38.68676,,4.04806,28.02074,39.00141,,4.04806,31.41106,42.59711
4.19028,27.97863,39.32457,,4.19,27.72227,38.57621,,4.18972,27.80389,38.77363,,4.18944,31.27647,42.33809
4.33167,27.50787,38.51084,,4.33194,27.8045,38.478,,4.33111,27.72795,38.67573,,4.33111,31.12401,42.16681
4.47333,27.40219,38.54824,,4.47361,27.48983,38.30013,,4.47278,27.6429,38.59935,,4.47278,30.98915,42.07636
4.615,27.29096,38.31274,,4.61472,27.40182,38.30904,,4.61444,27.53582,38.49464,,4.61472,30.36509,41.32362
4.75667,27.23711,38.36603,,4.75639,27.40801,37.94557,,4.75611,27.409,38.31102,,4.75611,30.29078,41.19991
4.89833,27.03305,38.16084,,4.89806,27.37901,38.00614,,4.89778,27.23192,38.11592,,4.89806,30.18335,41.2043
5.03972,26.95125,38.03383,,5.03944,27.19366,37.92092,,5.03917,27.32529,38.12083,,5.03944,30.05116,41.09895
5.18111,26.83968,37.70635,,5.18111,27.09902,37.80765,,5.18083,27.2003,37.89881,,5.18111,30.01707,40.88927
5.32278,26.71715,37.8265,,5.32278,26.99287,37.68907,,5.32278,27.08877,37.87496,,5.32278,29.88172,40.7404
5.46444,26.8224,37.5836,,5.46472,26.92089,37.70793,,5.46389,26.98444,37.76679,,5.46389,29.75152,40.89404
5.60583,26.60874,37.57126,,5.60611,26.90063,37.52779,,5.60556,27.00299,37.58374,,5.60583,29.56924,40.68616
5.7475,26.54722,37.30219,,5.74778,26.69886,37.35892,,5.74722,27.03007,37.66477,,5.74722,29.62915,40.46634
5.88944,26.47968,37.32047,,5.88972,26.68345,37.31341,,5.88889,26.91002,37.61779,,5.88889,29.51878,40.43009
6.03056,26.37687,37.26179,,6.03111,26.64987,37.1366,,6.03083,26.70573,37.50577,,6.03083,29.45087,40.29699
6.1725,26.26652,37.19946,,6.17306,26.63022,37.13937,,6.17222,26.73441,37.53065,,6.1725,29.34539,40.34477
6.31417,26.06317,37.1079,,6.31389,26.55023,37.15939,,6.31389,26.68024,37.32951,,6.31389,29.30409,40.29167
6.45583,26.07044,36.92706,,6.45556,26.51346,37.00631,,6.45583,26.46925,37.28049,,6.45583,29.19359,39.9783
6.5975,26.00871,36.92656,,6.59722,26.36351,36.9057,,6.5975,26.45608,37.24372,,6.5975,29.09356,39.95792
6.73917,25.96487,36.81897,,6.73917,26.21681,36.8773,,6.73861,26.42458,37.20511,,6.73861,29.14193,40.10923
6.88056,25.85895,36.82966,,6.88083,26.24504,36.75614,,6.88056,26.32108,37.0364,,6.88028,28.99436,39.8382
7.02222,25.83517,36.64239,,7.02222,26.13788,36.77225,,7.02194,26.29061,36.96443,,7.02167,28.93654,39.78159
7.16389,25.68393,36.51934,,7.16361,26.09082,36.62671,,7.16389,26.32516,36.99128,,7.16333,28.78903,39.73649
7.30528,25.66128,36.55544,,7.30583,26.06757,36.70563,,7.30528,26.26118,36.81052,,7.305,28.74552,39.83108
7.44667,25.61926,36.48748,,7.44722,26.08533,36.69752,,7.44694,26.06534,36.62549,,7.44694,28.67703,39.76421
7.58833,25.55184,36.35684,,7.58861,26.06296,36.59534,,7.58833,25.98447,36.82797,,7.58833,28.58495,39.59168
7.73,25.47807,36.35961,,7.73028,26.02061,36.48562,,7.73028,26.20311,36.66524,,7.73,28.60543,39.49921
7.87194,25.53969,36.37771,,7.87167,25.98964,36.24748,,7.87194,25.98341,36.59178,,7.87194,28.60306,39.59659
8.01333,25.3302,36.26572,,8.01333,25.99712,36.40412,,8.01306,26.19678,36.55974,,8.01333,28.58497,39.32321
8.155,25.46984,36.18889,,8.155,25.90105,36.30733,,8.15472,26.09728,36.54087,,8.155,28.44211,39.30871
8.29639,25.27831,36.08091,,8.29667,25.79018,36.21645,,8.29639,25.96211,36.51499,,8.29667,28.41424,39.29154
8.43833,25.2762,36.0886,,8.43833,25.72259,35.99318,,8.43778,26.03059,36.46496,,8.43806,28.31325,39.06054
8.58,25.18013,36.00342,,8.58,25.63797,36.03797,,8.57944,25.96549,36.46741,,8.57944,28.26719,39.13945
8.72139,25.19323,36.05837,,8.72139,25.61476,35.86486,,8.72111,25.96558,36.24951,,8.72111,28.29586,38.93044
8.86306,25.23218,36.02496,,8.86306,25.5556,36.01847,,8.86278,25.82209,36.43352,,8.86278,28.274,39.21418
9.00444,25.10972,35.88499,,9.00472,25.39355,35.91984,,9.00417,25.78129,36.20209,,9.00417,28.1946,38.95346
9.14611,25.09299,35.72597,,9.14667,25.42233,35.76548,,9.14583,25.70228,36.21747,,9.14583,28.12527,38.77204
9.28806,24.93482,35.63615,,9.28806,25.38096,35.80587,,9.28778,25.62002,36.10029,,9.28778,28.19152,38.96597
9.42972,24.86708,35.56333,,9.42972,25.1993,35.71243,,9.42944,25.60793,36.02789,,9.42944,27.97189,38.8357
9.57111,24.9132,35.54919,,9.57139,25.1929,35.59211,,9.57111,25.52301,35.81701,,9.57083,27.90709,38.82971
9.71278,24.68743,35.55306,,9.71306,25.1384,35.51181,,9.7125,25.45244,35.90791,,9.71278,27.88468,38.72539
9.85472,24.83797,35.45769,,9.85472,25.07241,35.69637,,9.85444,25.3385,35.85523,,9.85444,27.79884,38.49502
9.99639,24.69298,35.38768,,9.99611,24.98109,35.53201,,9.99611,25.3311,35.7977,,9.99611,27.73561,38.56062
10.13778,24.55307,35.35391,,10.13778,25.03076,35.61683,,10.13778,25.29258,35.83864,,10.1375,27.79346,38.7173
10.27944,24.77125,35.32378,,10.27944,24.89905,35.45327,,10.27944,25.12014,35.83896,,10.27917,27.68631,38.45749
10.42111,24.60449,35.22671,,10.42111,24.89352,35.26277,,10.42056,25.19929,35.82127,,10.42111,27.67247,38.52104
10.56278,24.42246,35.23299,,10.5625,24.70004,35.29969,,10.56222,25.13872,35.58789,,10.56278,27.5842,38.42207
10.70417,24.46672,35.18402,,10.70417,24.76165,35.40613,,10.70417,25.03381,35.65805,,10.70389,27.58537,38.33384
10.84583,24.3843,35.07385,,10.84583,24.6993,35.39577,,10.84556,24.97183,35.72048,,10.84556,27.52941,38.36519
10.9875,24.46231,35.06023,,10.98778,24.72577,35.20226,,10.98722,24.91417,35.57272,,10.98722,27.5058,38.38895
11.12917,24.34347,34.95021,,11.12889,24.68262,35.12954,,11.12889,25.03734,35.45057,,11.12889,27.56245,38.20086
11.27083,24.30106,34.99884,,11.27083,24.5316,34.9728,,11.27028,24.8552,35.41119,,11.27028,27.39244,38.07104
11.41194,24.28764,35.06672,,11.4125,24.69359,35.02541,,11.41194,24.89518,35.45324,,11.41194,27.41441,38.1528
11.55361,24.30481,34.85723,,11.55361,24.5919,34.91831,,11.55361,24.76105,35.46827,,11.55389,27.41119,38.15112
11.69556,24.21528,34.84856,,11.69528,24.51701,35.08446,,11.69556,24.77126,35.4479,,11.69528,27.32081,37.98988
11.83694,24.10165,34.73915,,11.83694,24.53511,35.01318,,11.83694,24.79835,35.36474,,11.83694,27.26309,38.01399
11.97833,24.27248,34.72865,,11.97861,24.53072,34.96994,,11.97861,24.73178,35.39019,,11.97889,27.19792,37.91886
12.12,24.05853,34.6722,,12.12,24.48687,34.8444,,12.12028,24.68329,35.20694,,12.12028,27.16366,37.92393
12.26167,24.15672,34.71218,,12.26167,24.41055,34.75554,,12.26194,24.58482,35.08751,,12.26194,27.07779,38.02595
12.40333,24.04924,34.70939,,12.40333,24.37772,34.98906,,12.40333,24.75367,35.13676,,12.40361,27.19303,37.93815
12.54528,23.90737,34.58883,,12.545,24.41685,34.60812,,12.54528,24.59524,34.98422,,12.545,27.09301,37.86389
12.68639,23.9721,34.50853,,12.68667,24.29587,34.70315,,12.68667,24.57458,34.98843,,12.68667,26.91658,37.77879
12.82806,23.87816,34.50057,,12.82833,24.20413,34.6613,,12.82861,24.39835,35.00575,,12.82861,27.012,37.75922
12.96972,23.83017,34.45456,,12.97,24.12089,34.67847,,12.97,24.44065,35.09002,,12.96972,27.01901,37.84305
13.11139,23.82757,34.43113,,13.11167,24.3057,34.43253,,13.11167,24.48436,35.17541,,13.11167,26.91554,37.75492
13.25278,23.83377,34.51596,,13.25333,24.21255,34.54518,,13.25306,24.40691,34.89872,,13.25333,26.93893,37.68442
13.39444,23.80848,34.39794,,13.39472,24.27433,34.43034,,13.39444,24.57179,34.94493,,13.39472,26.82979,37.47972
13.53611,23.81514,34.49295,,13.53639,24.0874,34.45593,,13.53639,24.32759,34.82025,,13.53639,26.80879,37.66961
13.67806,23.73561,34.37305,,13.67806,24.06183,34.40897,,13.67778,24.27214,34.81336,,13.67806,26.80731,37.57654
13.81944,23.62014,34.27004,,13.81972,24.08303,34.42049,,13.81944,24.31222,34.89912,,13.81972,26.77957,37.59139
13.96111,23.78679,34.31139,,13.96111,24.06694,34.45433,,13.96111,24.27501,34.80108,,13.96111,26.74931,37.5042
14.10278,23.64071,34.26416,,14.10306,23.9836,34.21181,,14.1025,24.29713,34.87523,,14.1025,26.74768,37.46644
14.24444,23.61369,34.28451,,14.24444,24.01006,34.32094,,14.24417,24.19804,34.61271,,14.24417,26.68978,37.417
14.38611,23.60811,34.20107,,14.38611,23.95516,34.36523,,14.38583,24.13527,34.54032,,14.38583,26.62469,37.45116
14.52778,23.5076,34.10339,,14.52778,23.87736,34.28663,,14.5275,24.13573,34.67673,,14.5275,26.58317,37.33776
14.66917,23.58059,34.12124,,14.66944,23.9718,34.33387,,14.66917,24.16179,34.73249,,14.66917,26.58448,37.3106
14.81056,23.50812,34.03051,,14.81111,24.1296,34.13561,,14.81083,24.06768,34.70458,,14.81056,26.4645,37.27366
14.95222,23.47954,34.06938,,14.95278,23.88352,34.22742,,14.95278,24.13446,34.52363,,14.95222,26.53885,37.14622
15.09389,23.45115,34.0397,,15.09417,23.84923,33.99944,,15.09389,24.01975,34.68058,,15.09417,26.47684,37.34898
15.23528,23.4356,33.94506,,15.23556,23.84499,34.23624,,15.23583,24.00843,34.46498,,15.23556,26.41791,37.23217
15.37694,23.5196,33.98744,,15.37722,23.74593,34.11733,,15.3775,24.03901,34.54938,,15.37722,26.44506,37.06949
15.51889,23.49129,33.86155,,15.51889,23.66775,34.01797,,15.51917,24.13561,34.35995,,15.51889,26.33135,37.10956
15.66056,23.30359,33.89963,,15.66056,23.76411,34.01387,,15.66028,24.00616,34.34308,,15.66083,26.31394,36.98386
15.80194,23.28622,33.99675,,15.8025,23.65085,34.15036,,15.80222,23.98608,34.52254,,15.80194,26.32945,37.17837
15.94361,23.2009,33.83276,,15.94389,23.61307,33.78394,,15.94389,23.90545,34.27151,,15.94389,26.34437,37.20445
16.08556,23.1915,33.77725,,16.08528,23.60023,33.98092,,16.08528,23.94041,34.15249,,16.08556,26.26035,37.02803
16.22694,23.21431,33.69423,,16.22694,23.51719,33.89226,,16.22667,23.78485,34.21308,,16.22667,26.18658,37.04731
16.36889,23.2122,33.69218,,16.36833,23.61359,33.75986,,16.36861,23.84165,34.16923,,16.36833,26.2586,36.9789
16.51028,23.2161,33.79733,,16.51028,23.45568,33.74122,,16.51,23.85922,34.41102,,16.51,26.11566,36.85219
16.65194,23.17343,33.50476,,16.65194,23.42447,33.76037,,16.65167,23.74286,34.20215,,16.65167,26.14844,36.91902
16.79361,23.16208,33.66189,,16.79361,23.49567,33.73373,,16.79306,23.74169,34.12594,,16.79306,26.01862,36.79937
16.93472,23.07187,33.69041,,16.935,23.57079,33.69052,,16.93472,23.75601,34.29929,,16.93472,26.06729,36.86261
17.07639,23.02809,33.64544,,17.07694,23.37975,33.69819,,17.07639,23.71446,34.00438,,17.07667,26.03221,36.80446
17.21806,23.06986,33.59126,,17.21833,23.4796,33.68878,,17.21806,23.70675,34.26933,,17.21833,26.01967,36.8283
17.35944,23.09759,33.59968,,17.35972,23.34788,33.76346,,17.35972,23.69905,34.09072,,17.35972,25.98607,36.58354
17.50139,23.01088,33.62357,,17.50139,23.37954,33.66795,,17.50139,23.70674,34.03108,,17.50139,25.95575,36.78417
17.78472,22.92777,33.34755,,17.64278,23.41577,33.6632,,17.64306,23.60066,33.99134,,17.64333,25.98911,36.77532
17.92611,22.95298,33.45735,,17.78444,23.36094,33.53699,,17.785,23.59764,34.08701,,17.78472,26.04703,36.61781
18.06778,23.02481,33.32068,,17.92639,23.36017,33.65921,,17.92611,23.72371,34.04458,,17.92639,25.88419,36.42415
18.20917,22.84304,33.48209,,18.06806,23.24539,33.53108,,18.06806,23.70651,33.81871,,18.06778,25.86021,36.58265
18.35083,22.84179,33.47056,,18.20944,23.32346,33.55034,,18.20972,23.57573,33.94827,,18.20944,25.91609,36.75852
18.4925,22.92193,33.44031,,18.35111,23.22297,33.50011,,18.35083,23.6121,34.09245,,18.35083,25.87784,36.70117
18.63417,22.72618,33.35495,,18.4925,23.27029,33.44734,,18.4925,23.49095,33.8298,,18.4925,25.85154,36.41979
18.77583,22.8165,33.40273,,18.63417,23.20525,33.64839,,18.63417,23.49066,33.93012,,18.63417,25.86309,36.55705
18.91722,22.91343,33.25565,,18.77583,23.19401,33.40775,,18.77583,23.46898,33.908,,18.77583,25.70748,36.5931
19.05917,22.71281,33.3092,,18.9175,23.17063,33.40874,,18.91722,23.52542,33.91563,,18.91778,25.79246,36.48653
19.20083,22.70507,33.11296,,19.05917,23.23355,33.44771,,19.05917,23.46582,33.97898,,19.05944,25.76733,36.33429
19.3425,22.69724,33.14332,,19.20083,23.17294,33.41166,,19.20083,23.36146,33.81304,,19.20083,25.76277,36.39768
19.48389,22.80905,33.15242,,19.3425,23.15832,33.37352,,19.34222,23.30045,33.64525,,19.3425,25.78065,36.41706
19.62583,22.69828,33.20453,,19.48389,23.04505,33.33966,,19.48389,23.44802,33.85292,,19.48417,25.64677,36.40769
19.76722,22.70724,33.11491,,19.62556,23.06219,33.30138,,19.62528,23.37152,33.70653,,19.62583,25.68877,36.44084
19.90889,22.59698,33.13104,,19.76694,23.14303,33.273,,19.76694,23.37172,33.70675,,19.76722,25.70687,36.37686
20.05028,22.65446,33.1415,,19.90861,22.99687,33.32842,,19.90861,23.32596,33.83938,,19.90889,25.62671,36.29668
20.19194,22.62177,33.00418,,20.05028,22.69385,32.97023,,20.05028,23.26215,33.65957,,20.05056,25.61406,36.40755
20.33361,22.58591,33.09904,,20.19194,22.48526,32.6935,,20.19194,23.22041,33.70427,,20.19222,25.53181,36.42888
20.475,22.49517,33.12148,,20.33361,22.45415,32.83921,,20.33333,23.19039,33.5095,,20.33361,25.59831,36.17577
20.61667,22.49048,33.01188,,20.47528,22.5696,32.63182,,20.475,23.11619,33.60925,,20.475,25.39528,36.20397
20.75833,22.53675,33.13171,,20.61694,22.42786,32.49802,,20.61667,23.13088,33.56488,,20.61667,25.44074,36.07491
20.89972,22.51428,32.78074,,20.75861,22.64691,32.75369,,20.75833,23.23744,33.39338,,20.75833,25.52862,36.17592
21.04139,22.48036,32.93819,,20.9,22.45538,32.85737,,20.89972,23.24006,33.37282,,20.9,25.52568,36.04367
21.18333,22.56784,32.81938,,21.04167,22.43972,32.53424,,21.04139,23.1786,33.28472,,21.04139,25.48402,36.02554
21.325,22.41011,32.90411,,21.18333,22.45295,32.61541,,21.18333,23.14721,33.51866,,21.18306,25.41177,35.9955
21.46639,22.45849,32.97903,,21.325,22.41124,32.58828,,21.325,23.10793,33.50068,,21.32472,25.42875,35.98573
21.60806,22.51542,32.89965,,21.46694,22.43086,32.52479,,21.46639,23.01831,33.45053,,21.46639,25.48902,36.05273
21.75,22.43741,33.00459,,21.60806,22.29028,32.46863,,21.60806,23.02604,33.47526,,21.60833,25.44053,35.97726
21.89167,22.36684,32.80464,,21.74972,22.39235,32.64997,,21.74972,23.04536,33.42308,,21.74944,25.2819,36.00043
22.03306,22.32714,32.91481,,21.89167,22.34709,32.40272,,21.89139,23.00665,33.43959,,21.89139,25.31544,35.86387
22.17472,22.31195,32.68206,,22.03333,22.32664,32.34031,,22.03306,22.93444,33.315,,22.03333,25.31862,35.75183
22.31611,22.37534,32.70128,,22.17444,22.31885,32.56197,,22.17472,23.00512,33.12719,,22.17472,25.14839,35.94164
22.45778,22.39183,32.63868,,22.31611,22.13362,32.39182,,22.31611,22.95944,33.37486,,22.31639,25.19669,35.784
22.59944,22.29004,32.60276,,22.45778,22.37794,32.62498,,22.45806,22.91707,33.23326,,22.45806,25.12456,35.86688
22.74111,22.3489,32.62377,,22.59917,22.20725,32.44213,,22.59917,22.89184,33.172,,22.59917,25.06199,35.96519
22.8825,22.36039,32.75458,,22.74083,22.2566,32.32976,,22.74083,22.9133,33.23356,,22.74083,25.20161,35.76388
23.02444,22.26818,32.67551,,22.8825,22.35967,32.31379,,22.88278,22.93197,33.25055,,22.8825,25.13799,35.80571
23.16583,22.35774,32.66094,,23.02417,22.19359,32.33434,,23.02417,22.98949,33.32861,,23.02389,25.15826,35.86385
23.3075,22.25685,32.56855,,23.16583,22.21921,32.32216,,23.16611,22.81355,33.17586,,23.16556,25.1822,35.72364
23.44917,22.28491,32.65511,,23.30722,22.2079,32.35204,,23.3075,22.91093,33.23087,,23.30722,25.14194,35.61427
23.59056,22.17821,32.67988,,23.44889,22.16771,32.36862,,23.44889,22.88835,33.31717,,23.44917,25.12184,35.80726
23.73222,22.11747,32.45342,,23.59056,22.11159,32.31939,,23.59056,22.80063,33.41165,,23.59056,24.9574,35.65092
23.87361,22.15044,32.6763,,23.73222,22.2625,32.31998,,23.7325,22.84737,33.25162,,23.7325,25.07565,35.7031
24.01528,,,,23.87389,22.15766,32.25066,,23.87417,22.97433,33.01716,,23.87389,24.96527,35.70647
,,,,,,,,,,,,,,
,,,,,,,,,,,,,,
25.08333,44.40903,56.40732,,24.08333,35.98299,46.54268,,24.58333,-0.1491,-0.1415,,25.08333,-0.28481,-0.1411
25.22444,43.55315,55.84426,,24.22472,34.85966,45.93851,,24.72472,-0.13528,-0.1173,,25.22528,-0.17616,-0.11055
25.36611,42.99698,55.40376,,24.36639,34.14344,45.08358,,24.86611,-0.16024,0.06447,,25.36639,-0.28993,-0.05232
25.50778,42.50366,54.99131,,24.50806,33.10139,44.27144,,25.00806,-0.03962,-0.04935,,25.50806,-0.20365,-0.16506
25.64944,42.33335,54.66956,,24.64972,32.87852,43.93357,,25.14972,-0.32604,0.19485,,25.64972,-0.0712,0.02023
25.79111,42.00951,54.44247,,24.79167,32.27126,43.3315,,25.29139,-0.45594,0.27194,,25.79111,-0.11727,0.15259
25.93278,41.84874,54.27044,,24.93278,32.00804,43.04526,,25.43306,-0.0672,-0.10443,,25.93278,0.07316,0.34814
26.07444,41.23082,53.75364,,25.07444,31.87041,42.70124,,25.57417,-0.03473,0.31317,,26.07472,0.40656,1.13678
26.21611,41.03949,53.66923,,25.21611,31.54369,42.39887,,25.71583,0.48838,1.50972,,26.21639,1.10787,2.43976
26.35778,40.72914,53.56964,,25.35778,31.31543,42.24789,,25.8575,1.32951,2.9306,,26.35778,2.18671,4.73633
26.49917,40.64812,53.28792,,25.49917,31.15039,41.99866,,25.99944,2.23833,4.88528,,26.49972,3.32877,6.68407
26.64083,40.53667,53.07096,,25.64083,30.80237,41.64237,,26.14083,3.3277,6.8172,,26.64139,4.23755,8.58902
26.78278,40.34213,53.01574,,25.7825,30.48288,41.53897,,26.2825,3.9815,8.18997,,26.7825,5.00841,10.01297
26.92417,40.2413,52.97101,,25.92417,30.45719,41.44159,,26.42417,4.72048,9.64701,,26.92444,5.60511,11.42503
27.06583,40.11669,52.71376,,26.06583,30.40503,41.27932,,26.56611,5.33844,10.68426,,27.06611,6.24626,12.1271
27.20722,39.53894,52.30503,,26.2075,30.23147,41.05605,,26.70722,5.85636,11.41071,,27.2075,6.69728,13.09379
27.34917,39.24564,51.98604,,26.34944,30.12503,41.04221,,26.84889,6.26208,12.3427,,27.34889,7.23738,14.01498
27.49083,38.80498,51.51665,,26.49111,30.02954,40.78792,,26.99056,6.62705,13.01408,,27.49056,7.56297,14.38873
27.63222,38.75413,51.42046,,26.63222,29.90346,40.67783,,27.13222,6.92148,13.63234,,27.63222,7.75928,14.62172
27.77361,38.64023,51.30809,,26.77389,29.74475,40.63251,,27.27389,7.19933,14.10421,,27.77361,8.03036,15.38196
27.91528,38.49954,51.29416,,26.91556,29.70714,40.48577,,27.41528,7.51239,14.15876,,27.91528,8.22198,15.62502
28.05667,38.38869,51.138,,27.05694,29.63242,40.25224,,27.55694,7.60752,14.51943,,28.0575,8.43012,15.86252
28.19833,38.32109,51.05253,,27.19861,29.55737,40.35484,,27.69889,7.76375,15.03844,,28.19861,8.63966,16.07598
28.34,38.20829,51.09469,,27.34056,29.16242,40.03396,,27.84056,7.8784,15.08874,,28.34028,8.79611,16.50668
28.48167,38.12669,50.79053,,27.48194,29.12449,39.86763,,27.98194,8.09065,15.37523,,28.48222,8.95454,16.73537
28.62306,38.0958,50.73907,,27.62361,29.16627,39.8963,,28.12361,8.11182,15.62053,,28.62361,9.00035,17.08227
28.765,37.94748,50.76824,,27.76556,29.02383,39.73946,,28.26528,8.09659,15.59626,,28.765,9.25671,17.1391
28.90667,37.92283,50.51624,,27.90694,28.87385,39.61698,,28.40667,8.35603,15.82904,,28.90694,9.30721,17.23497
29.04833,37.87354,50.56957,,28.04833,28.90717,39.57492,,28.54833,8.36968,15.97595,,29.04833,9.39508,17.39659
29.18972,37.78328,50.58237,,28.19028,28.8229,39.45447,,28.69,8.48831,16.22977,,29.19,9.42335,17.64532
29.33139,37.56181,50.38907,,28.33194,28.76169,39.42551,,28.83167,8.68835,16.21206,,29.33194,9.57684,17.76179
29.47306,37.57369,50.31111,,28.47361,28.75325,39.28575,,28.97333,8.64936,16.34651,,29.47333,9.85662,17.86931
29.615,37.47304,50.16575,,28.615,28.70722,39.24338,,29.11444,8.80659,16.56888,,29.615,9.73301,18.10187
29.75611,37.38706,50.24919,,28.75667,28.56442,39.18316,,29.25611,8.79324,16.69097,,29.75667,9.84998,18.29408
29.89778,37.41214,50.17125,,28.89833,28.57251,39.17645,,29.39806,8.8326,16.62239,,29.89833,9.79397,18.22155
30.03972,37.18185,50.25459,,29.03944,28.53311,39.2098,,29.53972,8.91258,16.60995,,30.04,9.88933,18.34744
30.18083,37.1441,50.00393,,29.18111,28.32241,38.8657,,29.68111,8.79213,16.75009,,30.18139,9.94382,18.53733
30.3225,37.10639,49.84897,,29.32278,28.42628,39.0068,,29.8225,8.94924,16.92698,,30.32278,9.954,18.53633
30.46417,37.07954,49.86754,,29.46444,28.44628,38.8768,,29.96444,9.04129,16.94549,,30.46444,10.12411,18.57476
30.60611,36.88309,49.77547,,29.60639,28.20639,39.07183,,30.10611,9.13873,16.87303,,30.60611,10.03694,18.68137
30.74778,36.95125,49.63248,,29.74806,28.22771,38.81712,,30.24778,8.99124,16.92104,,30.7475,10.10536,18.96516
30.88889,36.8104,49.71364,,29.88972,28.07655,38.72887,,30.38917,9.14481,16.96124,,30.88917,10.17364,18.81243
31.03056,36.70269,49.67596,,30.03111,28.06787,38.7502,,30.53111,9.06237,17.08102,,31.03083,10.33772,18.91426
31.1725,36.65322,49.59752,,30.17278,28.11809,38.74596,,30.67222,9.14199,17.12714,,31.17278,10.39224,18.92615
31.31417,36.65825,49.44273,,30.31389,28.05043,38.506,,30.81389,9.16004,17.1685,,31.31417,10.50078,18.96267
31.45556,36.54519,49.38892,,30.45556,28.03254,38.64746,,30.95556,9.28364,17.23456,,31.45583,10.47072,19.02338
31.59722,36.55301,49.31288,,30.59722,28.00917,38.5918,,31.09694,9.27921,17.19647,,31.5975,10.4907,19.14065
31.73889,36.38594,49.23972,,30.73889,27.94304,38.52986,,31.23861,9.26468,17.39657,,31.73944,10.48408,19.16554
31.88083,36.34916,49.21119,,30.88056,27.95418,38.4221,,31.38028,9.22732,17.43895,,31.88056,10.46,19.15524
32.02194,36.39923,49.25057,,31.02222,27.83368,38.47218,,31.52222,9.17832,17.39765,,32.0225,10.48428,19.08936
32.16361,36.2898,49.09888,,31.16361,27.83485,38.66066,,31.66361,9.2263,17.42947,,32.16417,10.54253,19.35363
32.30556,36.22532,48.99851,,31.30528,27.82239,38.22763,,31.80528,9.24503,17.30506,,32.30528,10.53598,19.40915
32.44722,36.22631,49.09979,,31.44694,27.74992,38.22649,,31.94694,9.33015,17.48333,,32.44694,10.58902,19.25886
32.58861,36.13474,49.077,,31.58861,27.63988,38.25492,,32.08833,9.38992,17.47054,,32.58861,10.61633,19.32775
32.73028,36.10044,49.01958,,31.73028,27.74863,38.34044,,32.23,9.41589,17.68528,,32.73028,10.56456,19.53814
32.87167,35.96664,48.95021,,31.87167,27.63875,38.2997,,32.37167,9.4715,17.7669,,32.87167,10.69226,19.58459
33.01306,36.00729,48.87543,,32.01333,27.57982,38.11713,,32.51333,9.20784,17.72412,,33.01333,10.63,19.47544
33.15472,35.9165,48.77183,,32.155,27.49416,38.07305,,32.65472,9.40545,17.7416,,33.155,10.73436,19.55562
33.29639,35.78755,48.81839,,32.29667,27.63201,38.06488,,32.79639,9.46683,17.51655,,33.29667,10.7857,19.63537
33.43778,35.82728,48.72872,,32.43806,27.50176,37.98676,,32.93806,9.28808,17.76455,,33.43861,10.74408,19.56219
33.57972,35.82895,48.7633,,32.57972,27.45388,37.96947,,33.07972,9.5108,17.4691,,33.58028,10.78793,19.55092
33.72139,35.76844,48.65312,,32.72139,27.41882,37.95695,,33.22111,9.46125,17.55185,,33.72194,10.88738,19.71927
33.86306,35.6383,48.48348,,32.86306,27.43024,38.02557,,33.36278,9.60541,17.83883,,33.86361,10.75313,19.68223
34.00472,35.7477,48.59435,,33.00472,27.37894,37.8812,,33.50444,9.73454,17.8096,,34.00556,10.79479,19.78166
34.14611,35.57086,48.61094,,33.14639,27.38038,37.92799,,33.64611,9.56031,17.87705,,34.14694,10.82134,19.71058
34.28778,35.15994,48.56358,,33.28778,27.33533,37.72492,,33.7875,9.51758,17.76431,,34.28833,10.81295,19.73892
34.42944,35.5551,48.3877,,33.42944,27.31142,37.82074,,33.92917,9.67605,17.76859,,34.43,10.87892,19.89996
34.57056,35.34439,48.3478,,33.57111,27.22844,37.57734,,34.07083,9.52076,17.84238,,34.57167,10.92379,19.78604
34.71222,35.46603,48.31937,,33.71278,27.18411,37.65071,,34.2125,9.62693,17.67842,,34.71333,10.831,19.9477
34.85389,35.36166,48.33405,,33.85444,27.26045,37.7918,,34.35417,9.66723,17.81947,,34.855,10.92019,19.91843
34.99528,35.40236,48.35391,,33.99583,27.16425,37.64258,,34.49556,9.61724,17.79084,,34.99639,10.89113,19.89686
35.13694,35.27501,48.18771,,34.13778,27.15133,37.66115,,34.6375,9.58339,17.87856,,35.13806,11.04225,20.11235
35.27861,35.32178,48.09347,,34.27917,27.12704,37.62242,,34.77917,9.64851,17.85068,,35.27972,10.91192,19.95088
35.42056,35.29198,48.12534,,34.42083,27.08365,37.59852,,34.92056,9.62729,17.90909,,35.42139,10.97429,19.90709
35.56194,35.23059,47.93196,,34.5625,27.11893,37.48594,,35.06222,9.72141,17.94515,,35.56306,11.01408,20.02011
35.70361,35.2029,48.08528,,34.70417,27.10095,37.48877,,35.20361,9.74549,17.97277,,35.70472,10.86201,19.88863
35.84556,35.08534,48.05445,,34.84611,27.07874,37.58303,,35.34528,9.70186,18.04146,,35.84667,11.05023,20.06474
35.98722,35.0421,47.99227,,34.9875,27.04067,37.4732,,35.48667,9.75007,18.04143,,35.98778,11.02828,20.02059
36.12833,35.10058,47.87195,,35.12917,27.02377,37.49643,,35.62861,9.83802,18.0918,,36.12972,10.95138,20.31892
36.27028,34.93926,47.89357,,35.27083,26.96249,37.26335,,35.77028,9.70995,18.0773,,36.27083,11.05541,20.14778
36.41167,35.10479,47.70384,,35.4125,26.88327,37.48149,,35.91167,9.70264,18.00588,,36.4125,10.97783,20.10401
36.55361,34.84465,47.8762,,35.55361,26.85676,37.39056,,36.05333,9.76152,18.19251,,36.55417,11.0189,20.00586
36.695,34.82211,47.7387,,35.69528,26.95856,37.17479,,36.19528,9.79026,18.14666,,36.69583,11.12009,20.22076
36.83639,34.82538,47.77718,,35.83694,26.85665,37.25144,,36.33667,9.71701,18.08377,,36.8375,11.04527,20.099
36.97806,34.90924,47.74306,,35.97833,26.79551,37.34326,,36.47861,9.69227,18.03045,,36.97917,11.13289,20.25448
37.11944,34.76882,47.65456,,36.12,26.842,37.26474,,36.62,9.70181,18.18304,,37.12083,11.06136,20.27066
37.26111,34.79166,47.73276,,36.26167,26.80644,37.19482,,36.76139,9.66166,18.20705,,37.26278,11.02977,20.31662
37.40278,34.69402,47.74388,,36.40333,26.78425,37.17356,,36.90333,9.75103,18.21946,,37.40389,11.12886,20.18449
37.54444,34.73371,47.55145,,36.54472,26.75235,37.16811,,37.04472,9.71215,18.10591,,37.54583,11.10177,20.26505
37.68583,34.72299,47.48059,,36.68667,26.71606,37.2146,,37.18639,9.82691,18.32998,,37.6875,11.1004,20.20072
37.8275,34.65394,47.37836,,36.82833,26.75864,37.21734,,37.32806,9.83226,18.18282,,37.82917,11.14803,20.29387
37.96917,34.63703,47.43569,,36.97,26.78269,37.10378,,37.46972,9.82831,18.08031,,37.97028,11.16803,20.29364
38.11083,34.56258,47.3385,,37.11139,26.6467,37.02859,,37.61139,9.76888,18.15792,,38.11194,11.11243,20.28651
38.2525,34.58785,47.26711,,37.25333,26.6969,36.95092,,37.75278,9.86167,18.28879,,38.25361,11.17441,20.3952
38.39417,34.5064,47.41137,,37.395,26.63491,37.12424,,37.89417,9.70153,18.32362,,38.395,11.16628,20.34617
38.53583,34.42815,47.40586,,37.53639,26.55772,36.96747,,38.03611,9.83158,18.30006,,38.53667,11.24606,20.31843
38.67722,34.4003,47.3418,,37.67806,26.62149,36.98057,,38.17778,9.7282,18.08353,,38.67833,11.16393,20.45156
38.81889,34.42043,47.31339,,37.81944,26.53586,37.00221,,38.31944,9.91161,18.31022,,38.82028,11.14522,20.41726
38.96056,34.31429,47.22253,,37.96111,26.53041,36.91395,,38.46083,9.80539,18.27697,,38.96194,11.19693,20.57435
39.1025,34.29003,47.15959,,38.10278,26.501,36.97771,,38.60222,9.76003,18.18028,,39.10333,11.19571,20.44183
39.24389,34.32861,47.2287,,38.24444,26.43482,36.9309,,38.74389,9.93061,18.12466,,39.24472,11.19124,20.42128
39.38528,34.27279,47.17562,,38.38583,26.50096,36.83767,,38.88583,9.78887,18.34261,,39.38639,11.28642,20.32202
39.52694,34.17054,47.07908,,38.5275,26.52667,37.0367,,39.0275,9.74137,18.19409,,39.52806,11.25531,20.43387
39.66861,34.22991,47.12223,,38.66944,26.45021,36.95392,,39.16861,9.86118,18.32249,,39.66944,11.3336,20.49241
39.81,34.14245,46.94666,,38.81111,26.43668,36.67718,,39.31028,9.93306,18.29023,,39.81139,11.27928,20.23631
39.95167,34.17851,46.92527,,38.95278,26.44476,36.83053,,39.45194,9.86084,18.26979,,39.95306,11.25074,20.56547
40.09361,34.06484,47.05742,,39.09389,26.39722,36.76539,,39.59361,9.91034,18.42593,,40.09444,11.10859,20.46138
40.23528,34.12939,47.01075,,39.23556,26.417,36.8275,,39.87667,9.75815,18.55422,,40.23639,11.25321,20.4356
40.37667,34.04176,46.72298,,39.37722,26.2981,36.63124,,40.01833,9.81116,18.4101,,40.37778,11.28364,20.5109
40.51833,33.94402,46.93533,,39.51861,26.34289,36.78565,,40.16,9.91445,18.44757,,40.51944,11.30747,20.46688
40.66,33.93558,46.83285,,39.66028,26.4186,36.72302,,40.30167,9.85806,18.42146,,40.66111,11.28602,20.39188
40.80139,33.97589,46.88627,,39.80194,26.31559,36.70595,,40.44361,9.82738,18.40001,,40.80306,11.27457,20.45143
40.94333,33.8775,46.74691,,39.94361,26.30611,36.69382,,40.60139,9.92,18.33157,,40.94417,11.26306,20.4495
41.08444,33.92217,46.77475,,40.08556,26.24732,36.67173,,40.74333,9.85358,18.33686,,41.08611,11.3056,20.55567
41.22639,33.95637,46.83248,,40.22694,26.23819,36.68584,,40.88472,9.92596,18.52464,,41.22722,11.23089,20.51303
41.36778,33.84854,46.66096,,40.36889,26.35149,36.57396,,41.02639,9.821,18.14243,,41.36917,11.2602,20.57447
41.50944,33.73452,46.61928,,40.51028,26.23034,36.67884,,41.16806,9.94749,18.38513,,41.51056,11.314,20.44602
41.65111,33.73787,46.63251,,40.65167,26.17768,36.47078,,41.30944,9.93453,18.28715,,41.65222,11.26485,20.54957
41.79278,33.74079,46.56012,,40.79333,26.18791,36.63371,,41.45111,9.88451,18.36826,,41.79389,11.32162,20.57126
41.93444,33.64762,46.61995,,40.935,26.16664,36.66491,,41.59278,9.99864,18.45097,,41.93528,11.3789,20.47612
42.07583,33.77711,46.63214,,41.07694,26.16369,36.53984,,41.73472,10.01492,18.36142,,42.07694,11.27353,20.44726
42.2175,33.66206,46.49284,,41.21833,26.11528,36.61783,,41.87611,9.92661,18.3014,,42.21861,11.32872,20.48938
42.35917,33.67583,46.52296,,41.35972,26.18792,36.51709,,42.01778,9.83271,18.3303,,42.36028,11.36621,20.6446
42.50083,33.67409,46.52414,,41.50139,26.04912,36.41501,,42.15944,9.97555,18.40895,,42.50194,11.38224,20.54341
42.6425,33.62746,46.59193,,41.64306,26.1567,36.44549,,42.30139,10.00423,18.26026,,42.64333,11.3981,20.64754
42.78417,33.57573,46.43654,,41.78472,26.02784,36.49372,,42.44278,9.93119,18.48067,,42.785,11.32982,20.80142
42.92583,33.60354,46.4435,,41.92639,26.05582,36.30763,,42.58444,9.77029,17.96062,,42.92694,11.39556,20.64833
43.0675,33.46543,46.30622,,42.06778,26.07619,36.33286,,42.72611,9.67243,18.00904,,43.06833,11.39798,20.57666
43.20917,33.46502,46.34802,,42.20944,25.97469,36.36294,,42.8675,9.71162,18.18985,,43.21,11.34632,20.64069
43.35083,33.4504,46.38679,,42.35139,25.9953,36.37134,,43.00917,9.68116,17.77034,,43.35167,11.45344,20.7714
43.49222,33.36699,46.42658,,42.49306,25.99834,36.2469,,43.15056,9.67109,17.86007,,43.49361,11.3774,20.61639
43.63361,33.51691,46.15857,,42.63444,25.91366,36.16067,,43.29222,9.73783,18.26188,,43.63472,11.39912,20.63579
43.77528,33.43814,46.41989,,42.77583,25.97773,36.31043,,43.43361,9.81674,18.21562,,43.77667,11.41301,20.64333
43.91694,33.23097,46.29685,,42.9175,25.98837,36.43406,,43.57528,9.647,18.02311,,43.91833,11.37285,20.62357
44.05833,33.39136,46.11994,,43.05944,25.96298,36.2496,,43.71722,9.72757,17.98412,,44.05972,11.46771,20.48796
44.2,33.26502,46.22531,,43.20111,25.90678,36.17732,,43.85861,9.74661,17.94526,,44.20111,11.38859,20.60122
44.34194,33.36,46.24628,,43.3425,25.92493,36.1506,,44.00028,9.70713,18.12197,,44.34278,11.45624,20.56543
44.48361,33.24108,46.19249,,43.48417,25.92613,36.23168,,44.14222,9.66045,18.10596,,44.48472,11.43599,20.69664
44.625,33.25054,46.10016,,43.62556,25.94233,36.17725,,44.28361,9.70979,17.80862,,44.62611,11.38232,20.65006
44.76667,33.20937,46.06335,,43.76722,25.90931,36.16747,,44.42528,9.5267,17.75499,,44.7675,11.44178,20.58332
44.90833,33.30418,46.12857,,43.90861,25.83597,36.16279,,44.56694,9.69647,17.94962,,44.90917,11.30702,20.39333
45.05,33.20874,45.99071,,44.05028,25.82187,36.16896,,44.70833,9.69074,17.9757,,45.05083,11.36317,20.58775
45.19139,33.14372,46.0079,,44.19194,25.77789,36.14236,,44.84972,9.63514,18.0018,,45.1925,11.27679,20.7365
45.33306,33.01939,46.07104,,44.33361,25.82655,35.99523,,44.99139,9.70823,17.92365,,45.33417,11.47676,20.49657
45.47472,33.05645,45.9344,,44.47528,25.81769,36.18775,,45.13306,9.77399,18.14658,,45.47583,11.39079,20.49189
45.61639,33.04105,45.9039,,44.61667,25.76016,36.1925,,45.27472,9.75372,18.21929,,45.61722,11.35737,20.65684
45.75806,33.10591,45.86619,,44.75833,25.72846,36.02233,,45.41639,9.72758,18.05364,,45.75889,11.44869,20.51691
45.89944,32.93362,45.90731,,44.90028,25.70349,36.06972,,45.55806,9.8433,18.0424,,45.90056,11.42802,20.68859
46.04083,32.96131,45.91755,,45.04194,25.78728,36.04453,,45.69972,9.66453,17.9924,,46.04222,11.43156,20.96767
46.18278,33.01797,45.94517,,45.18361,25.8181,35.95056,,45.84139,9.82675,17.78611,,46.18389,11.46339,20.62547
46.32444,32.91476,45.84797,,45.325,25.69029,36.02986,,45.9825,9.75178,18.08665,,46.32528,11.42022,20.61703
46.46611,32.91391,45.61841,,45.46667,25.62689,35.80551,,46.12444,9.71885,18.12931,,46.46694,11.40575,20.71239
46.6075,32.91789,45.79007,,45.60806,25.66789,35.98947,,46.26611,9.91281,18.0047,,46.60861,11.49767,20.84273
46.74944,32.84722,45.65681,,45.75,25.65427,36.01832,,46.40778,9.71503,17.92675,,46.75,11.46406,20.80929
46.89111,32.89592,45.67311,,45.89167,25.64788,35.85298,,46.54944,9.74819,17.90691,,46.89167,11.45181,20.85318
47.03278,32.85767,45.76421,,46.03333,25.60921,35.9071,,46.69083,9.78764,18.21613,,47.03361,11.49581,20.60866
47.17417,32.83462,45.64209,,46.17472,25.63073,35.83028,,46.8325,9.75134,18.09279,,47.17528,11.53699,20.75024
47.31556,32.73332,45.50382,,46.31611,25.68274,35.7914,,46.97444,9.81676,17.86139,,47.31667,11.56305,20.72718
47.45722,32.72619,45.58452,,46.45778,25.69932,35.83607,,47.11556,9.76691,18.24234,,47.45833,11.59849,20.75851
47.59861,32.7408,45.71296,,46.59917,25.69965,35.84838,,47.25722,9.93453,17.94106,,47.60028,11.57055,20.85314
47.74028,32.68396,45.62755,,46.74083,25.63124,35.94773,,47.39917,9.65523,17.99148,,47.74167,11.43132,20.64886
47.88194,32.66909,45.50052,,46.88278,25.48422,35.78067,,47.54056,9.78472,18.00655,,47.88306,11.61411,20.76025
48.02361,32.64834,45.48897,,47.02444,25.46189,35.73293,,47.68194,9.83583,18.17667,,48.02472,11.47394,20.69564
48.16528,32.612,45.5607,,47.16556,25.565,35.71516,,47.82417,9.78836,18.04646,,48.16639,11.5011,20.79331
48.30694,32.5343,45.50855,,47.3075,25.61831,35.73402,,47.96528,9.77989,18.06637,,48.30778,11.4499,20.54935
48.44861,32.58441,45.4566,,47.44917,25.5243,35.99155,,48.10722,9.89543,18.13756,,48.44944,11.47802,20.76566
48.59056,32.54842,45.59,,47.59056,25.50168,35.65202,,48.24889,9.77771,18.12588,,48.59111,11.42899,20.5965
48.73194,32.61002,45.5202,,47.73222,25.5565,35.81513,,48.39028,9.70136,18.14737,,48.73278,11.44204,20.87713
48.87361,32.63586,45.59139,,47.87389,25.46031,35.79943,,,,,,48.87417,11.41993,20.79312
